Job ID,Job URL,Job Title,Company Name,Status,Timestamp,WP ID
898ca25902aacd17,https://gt.linkedin.com/jobs/view/costeo-at-cimientos-4437450298,Costeo,,scraped,2026-07-07T00:31:35.810948,
11938ccdf7809e23,https://gt.linkedin.com/jobs/view/especialista-de-ruta-at-totalynk-4436168002,Especialista de ruta,Totalynk,posted,2026-07-07T00:31:53.891041,19
b76fd9d6bf331f4d,https://gt.linkedin.com/jobs/view/jardinero-at-hotel-hilton-guatemala-city-4435252402,Jardinero,Hotel Hilton Guatemala City,posted,2026-07-07T00:33:46.208573,21
9d4e960df65fbcd6,https://gt.linkedin.com/jobs/view/flight-dispatcher-at-dhl-express-4435821186,Flight Dispatcher,DHL Express,posted,2026-07-07T00:33:57.517409,23
7f7e08ecfa58e0c3,https://gt.linkedin.com/jobs/view/guardian-y-conserje-at-liceo-canadiense-4436157296,Guardian y Conserje,,scraped,2026-07-07T00:34:00.138812,
cd081720d2f4a651,https://gt.linkedin.com/jobs/view/payroll-specialist-at-mayatax-4435357236,Payroll Specialist,Mayatax,posted,2026-07-07T00:34:15.242392,25
0276ecd57c14467b,https://gt.linkedin.com/jobs/view/pastor-4433911143,Pastor,Iglesia Evangelica Misionera de Jesucristo,posted,2026-07-07T00:34:23.371013,27
a3b5a2fcdd02428f,https://gt.linkedin.com/jobs/view/bilingual-recruiter-at-ezcorp-4436221439,Bilingual Recruiter,EZCORP,posted,2026-07-07T00:34:32.336517,29
c8f16e892763fad4,https://gt.linkedin.com/jobs/view/coordinadora-acad%C3%A9mica-at-liceo-canadiense-4436911702,Coordinadora Académica,Liceo Canadiense,posted,2026-07-07T00:34:57.216985,31
c099ebd0e3657bad,https://gt.linkedin.com/jobs/view/dispatcher-at-lean-solutions-group-4437483236,Dispatcher,Lean Solutions Group,posted,2026-07-07T00:35:06.590608,33
8a4d0cccde912269,https://gt.linkedin.com/jobs/view/cajero-receptor-pagador-chimaltenango-at-conecta-reclutamiento-4435360796,CAJERO/RECEPTOR PAGADOR (CHIMALTENANGO),Conecta Reclutamiento,posted,2026-07-07T00:35:17.707092,35
cd49e54196991e06,https://gt.linkedin.com/jobs/view/kam-cadenas-at-l-a-monz%C3%B3n-y-asociados-4432718755,KAM Cadenas,,scraped,2026-07-07T00:35:20.487349,
41f2e0493c51ffa3,https://gt.linkedin.com/jobs/view/trabajos-de-granja-at-corporaci%C3%B3n-multi-inversiones-4433914406,Trabajos de Granja,,scraped,2026-07-07T00:36:34.717407,
4c753261377edca6,https://gt.linkedin.com/jobs/view/dibujante-t%C3%A9cnico-at-acabados-y-procesos-industriales-s-a-aprisa-4435237977,Dibujante Técnico,,scraped,2026-07-07T00:37:45.804422,
9ca1e05eab49ffc5,https://gt.linkedin.com/jobs/view/auxiliar-de-c%C3%A1maras-at-corporaci%C3%B3n-multi-inversiones-4433771882,Auxiliar de Cámaras,,scraped,2026-07-07T00:37:51.842019,
1bcbb4cc62befbcd,https://gt.linkedin.com/jobs/view/auxiliar-de-c%C3%A1maras-at-corporaci%C3%B3n-multi-inversiones-4433776624,Auxiliar de Cámaras,,scraped,2026-07-07T00:37:59.046528,
0d6d6294d39aadda,https://gt.linkedin.com/jobs/view/coordinador-de-presupuestos-planificaci%C3%B3n-y-construcci%C3%B3n-at-equipesca-ind-e-com-ltda-4435362746,"Coordinador de presupuestos, planificación y construcción",,scraped,2026-07-07T00:38:06.467455,
1187827088507234,https://gt.linkedin.com/jobs/view/asistente-de-cobros-at-somar-supermercados-4436918256,Asistente de cobros,Somar Supermercados,posted,2026-07-07T00:39:27.247928,37
47836bb30aac92de,https://gt.linkedin.com/jobs/view/auxiliar-administrativo-de-mantenimiento-at-megapaca-4434675173,Auxiliar Administrativo de mantenimiento,,scraped,2026-07-07T00:39:29.832556,
2ca0208b26de5f50,https://gt.linkedin.com/jobs/view/auxiliar-de-presupuesto-de-construcci%C3%B3n-at-aicsa-corporaci%C3%B3n-4433128664,Auxiliar de Presupuesto de Construcción,Corporación AICSA,posted,2026-07-07T00:39:49.000387,39
11b59eb4ccf6007d,https://gt.linkedin.com/jobs/view/staff-applied-scientist-adtech-at-launch-potato-4435825094,"Staff Applied Scientist, AdTech",Launch Potato,posted,2026-07-07T00:40:01.393633,41
415e515b0566a834,https://gt.linkedin.com/jobs/view/auxiliar-de-bodega-y-despacho-at-www-lazos-cl-4436162194,Auxiliar de bodega y despacho,,scraped,2026-07-07T00:40:03.926459,
f06974daa8516786,https://gt.linkedin.com/jobs/view/account-executive-at-scale-army-careers-4434386007,Account Executive,Scale Army Careers,posted,2026-07-07T00:40:17.820472,43
0a468efc528e0c44,https://gt.linkedin.com/jobs/view/lead-applied-scientist-marketing-at-launch-potato-4435820239,"Lead Applied Scientist, Marketing",Launch Potato,posted,2026-07-07T00:40:27.705423,45
c2f237a371e94ca7,https://gt.linkedin.com/jobs/view/puesto-piloto-2-at-grupo-sega-4436272098,Puesto Piloto 2,,scraped,2026-07-07T00:40:30.431099,
d1d44bd3c5d80f14,https://gt.linkedin.com/jobs/view/ejecutivo-contratacion-de-transportista-at-truckslogic-4432337505,Ejecutivo contratacion de Transportista,,scraped,2026-07-07T00:41:40.284412,
7b7979851d15134f,https://gt.linkedin.com/jobs/view/ejecutivo-de-aduana-at-boss-shipping-4437453197,Ejecutivo de Aduana,,scraped,2026-07-07T00:41:47.570754,
a27488faecb1757d,https://gt.linkedin.com/jobs/view/gestor-de-cobranza-en-campo-tecp%C3%A1n-at-grupo-salinas-guatemala-4432375948,Gestor de Cobranza en Campo Tecpán,Grupo Salinas Guatemala,posted,2026-07-07T00:43:08.802774,47
92f3e21d70105e20,https://gt.linkedin.com/jobs/view/sap-administrator-crystal-4436791030,SAP Administrator (Crystal),REDLEO SOFTWARE INC,posted,2026-07-07T00:43:16.126083,49
1da779955ff847e2,https://gt.linkedin.com/jobs/view/analista-de-datos-tu-credito-oficinas-centrales-at-grupo-distelsa-4433717432,ANALISTA DE DATOS TU CREDITO - OFICINAS CENTRALES,Grupo Distelsa,posted,2026-07-07T00:43:29.428497,51
d2427a0e2f826ec8,https://gt.linkedin.com/jobs/view/auxiliar-de-n%C3%B3mina-caes-km-9-5-at-risen-guatemala-4436225983,Auxiliar de Nómina - CAES KM 9.5,,scraped,2026-07-07T00:43:32.151863,
c5e4a4ce069378d3,https://gt.linkedin.com/jobs/view/piloto-licencia-tipo-b-at-equipesca-ind-e-com-ltda-4435376328,Piloto licencia tipo B,,scraped,2026-07-07T00:43:41.667840,
971ac08dfbd522cd,https://gt.linkedin.com/jobs/view/freelance-grabaci%C3%B3n-de-tareas-cotidianas-para-proyecto-de-ia-at-toloka-annotators-4435807465,Freelance: grabación de tareas cotidianas para proyecto de IA,Toloka Annotators,posted,2026-07-07T00:45:01.428096,53
ce2927adcdb7307a,https://gt.linkedin.com/jobs/view/office-based-call-center-agent-guatemala-city-guatemala-at-srr-group-4435473168,"Office-based_Call Center Agent (Guatemala City, Guatemala)",SRR Group,posted,2026-07-07T00:45:10.914045,55
c7717b61a4e8a844,https://gt.linkedin.com/jobs/view/asistente-de-auditoria-at-pwc-4432735367,Asistente de Auditoria,PwC,posted,2026-07-07T00:45:22.542292,57
901f18f903dbe31e,https://gt.linkedin.com/jobs/view/spanish-interpreter-guatemala-city-guatemala-at-propio-language-services-4433980010,"Spanish Interpreter - Guatemala City, Guatemala",Propio Language Services,posted,2026-07-07T00:45:31.627327,59
219d97f68fe3daaa,https://gt.linkedin.com/jobs/view/analista-contable-at-bmi-ecuador-4433716527,Analista Contable,,scraped,2026-07-07T00:45:34.225455,
343afffd3674d7cf,https://gt.linkedin.com/jobs/view/contador-at-conecta-reclutamiento-4435377313,CONTADOR,Conecta Reclutamiento,posted,2026-07-07T00:45:49.313399,61
a5a77c314c995e85,https://gt.linkedin.com/jobs/view/coordinador-de-servicios-tecnicos-at-roderotas-4435362733,Coordinador de Servicios Tecnicos,,scraped,2026-07-07T00:45:51.947974,
8ff2337a42d2cc33,https://gt.linkedin.com/jobs/view/freelance-grabaci%C3%B3n-de-tareas-cotidianas-para-proyecto-de-ia-at-toloka-annotators-4435824018,Freelance: grabación de tareas cotidianas para proyecto de IA,Toloka Annotators,posted,2026-07-07T00:46:05.181112,63
3f03f40c48514e6d,https://gt.linkedin.com/jobs/view/account-manager-guatemala-at-multic%C3%B3mputos-4435509443,Account Manager - Guatemala,Multicómputos,posted,2026-07-07T00:46:17.886467,65
d7bddc3c7fa24b45,https://gt.linkedin.com/jobs/view/freelance-grabaci%C3%B3n-de-tareas-cotidianas-para-proyecto-de-ia-at-toloka-annotators-4435824017,Freelance: grabación de tareas cotidianas para proyecto de IA,Toloka Annotators,posted,2026-07-07T00:46:27.560348,67
59328be5afa72284,https://gt.linkedin.com/jobs/view/sales-representative-at-sapiens-guatemala-4436257895,Sales Representative,,scraped,2026-07-07T00:46:30.286123,
b2a4db378a8e43a7,https://gt.linkedin.com/jobs/view/freelance-grabaci%C3%B3n-de-tareas-cotidianas-para-proyecto-de-ia-at-toloka-annotators-4435811322,Freelance: grabación de tareas cotidianas para proyecto de IA,Toloka Annotators,posted,2026-07-07T00:46:45.461394,69
1e3abf63196939ce,https://gt.linkedin.com/jobs/view/auxiliar-contable-at-a-melville-4435892466,Auxiliar contable,A.Melville,posted,2026-07-07T00:46:56.987647,71
a6966e02f3d79204,https://gt.linkedin.com/jobs/view/gestor-de-operaciones-ecommerce-oficinas-centro-gerencial-las-margaritas-at-grupo-distelsa-4433741060,GESTOR DE OPERACIONES ECOMMERCE - OFICINAS CENTRO GERENCIAL LAS MARGARITAS,Grupo Distelsa,posted,2026-07-07T00:48:14.656260,73
19b1332f591ae031,https://gt.linkedin.com/jobs/view/analista-de-validaciones-at-laboratorios-vizca%C3%ADno-s-a-4436918255,Analista de Validaciones,,scraped,2026-07-07T00:48:17.306997,
3b66bd8531b2caca,https://gt.linkedin.com/jobs/view/liquidador-operativo-logistica-at-truckslogic-4432323871,Liquidador Operativo logistica,,scraped,2026-07-07T00:48:25.121595,
cc277a5fc0013aed,https://gt.linkedin.com/jobs/view/project-manager-junior-at-intepro-4435360794,Project Manager Junior,,scraped,2026-07-07T00:48:32.305441,
fb825c6d94d19a30,https://gt.linkedin.com/jobs/view/senior-accountant-at-teamswell-4435835495,Senior Accountant,Teamswell,posted,2026-07-07T00:49:49.555147,75
b487b15b4b9eb27a,https://gt.linkedin.com/jobs/view/auxiliar-de-mantenimiento-at-ecopower-efici%C3%AAncia-energ%C3%A9tica-4436927080,Auxiliar de Mantenimiento,EcoPower - Eficiência Energética,posted,2026-07-07T00:49:59.818711,77
00bdba57cd0f3335,https://gt.linkedin.com/jobs/view/analyst-at-mckinsey-company-4219662242,Analyst,McKinsey &amp; Company,posted,2026-07-07T00:50:09.875813,79
91020bc6e3cae984,https://gt.linkedin.com/jobs/view/supervisor-de-electricidad-y-automatizaci%C3%B3n-at-helados-palideli-4432792080,Supervisor de Electricidad y Automatización,,scraped,2026-07-07T00:50:12.461765,
a97868bbe7f1ec96,https://gt.linkedin.com/jobs/view/el-taier-creativo-digital-sr-at-the-darwinzone-4433722282,el taier - Creativo Digital Sr.,,scraped,2026-07-07T00:50:18.728910,
a7b2d919b8363974,https://gt.linkedin.com/jobs/view/contador-junior-zona-16-at-grupo-cfe-4435377304,Contador junior - Zona 16,Grupo CFE,posted,2026-07-07T00:52:44.310696,81
34c32ef1feeaea98,https://gt.linkedin.com/jobs/view/analista-de-mejora-continua-jr-at-interbanco-guatemala-4436127901,Analista de Mejora Continua Jr.,InterBanco Guatemala,posted,2026-07-07T00:52:57.029926,83
3a11e6e0b22d6826,https://gt.linkedin.com/jobs/view/asesor-comercial-b2b-junior-tecnolog%C3%ADa-at-sintegradas-s-a-4435256129,Asesor Comercial B2B Junior - Tecnología,,scraped,2026-07-07T00:52:59.545923,
2affe007607edf4c,https://gt.linkedin.com/jobs/view/analista-administrativo-junior-at-empresa-confidencial-4437489360,Analista Administrativo Junior,Empresa Confidencial,posted,2026-07-07T00:53:17.727332,85
cdf2724841b517ce,https://gt.linkedin.com/jobs/view/asesor-de-ventas-at-kalea-4433972609,Asesor de ventas,,scraped,2026-07-07T00:53:20.586732,
6dbf31667c6daa30,https://gt.linkedin.com/jobs/view/agente-telemarketing-inmobiliario-at-corporaci%C3%B3n-victoria-4434321672,Agente Telemarketing Inmobiliario,Corporación Victoria,posted,2026-07-07T00:54:43.615517,87
1406ce44d77cb5fe,https://gt.linkedin.com/jobs/view/ingeniero-de-costos-at-acabados-y-procesos-industriales-s-a-aprisa-4436159215,Ingeniero de costos,,scraped,2026-07-07T00:54:46.162703,
0fe4265c718eda81,https://gt.linkedin.com/jobs/view/sub-jefe-tienda-despensa-familiar-santa-catarina-pinula-at-walmart-centroam%C3%A9rica-4423074609,Sub-Jefe Tienda Despensa Familiar Santa Catarina Pinula,,scraped,2026-07-07T00:54:52.327799,
ad840bd918c3a449,https://gt.linkedin.com/jobs/view/jefatura-de-producto-tarjeta-at-banco-gyt-continental-4436412755,JEFATURA DE PRODUCTO TARJETA,,scraped,2026-07-07T00:54:58.661199,
ca8abbed805e059a,https://gt.linkedin.com/jobs/view/planner-digital-at-the-darwinzone-4435476425,Planner Digital,,scraped,2026-07-07T00:56:09.539773,
66b7008882a32fe5,https://gt.linkedin.com/jobs/view/account-receivable-specialist-guatemala-at-topdog-law-4416595813,Account Receivable Specialist (Guatemala),TopDog Law,posted,2026-07-07T00:57:28.130666,89
b44c0216f78ee498,https://gt.linkedin.com/jobs/view/technical-product-manager-at-premium-restaurants-of-america-4436376392,Technical Product Manager,Premium Restaurants of America,posted,2026-07-07T00:57:38.738329,91
93d10ebd5f7a8d11,https://gt.linkedin.com/jobs/view/ajustador-a-de-autorizaciones-at-mapfre-4435888143,AJUSTADOR/A DE AUTORIZACIONES,,scraped,2026-07-07T00:57:41.339063,
b6a34dbfcd36bfaa,https://gt.linkedin.com/jobs/view/analista-de-control-de-calidad-4437191747,Analista de control de calidad,Grupo Philidor,posted,2026-07-07T00:57:52.824382,93
02cf641036d84721,https://gt.linkedin.com/jobs/view/analista-de-informaci%C3%B3n-de-producto-biling%C3%BCe-at-l-a-monz%C3%B3n-y-asociados-4432736251,Analista de Información de Producto Bilingüe,,scraped,2026-07-07T00:57:55.455295,
ea5c6908e308a978,https://gt.linkedin.com/jobs/view/first-officer-atr-at-dhl-express-4435826024,"First Officer, ATR",DHL Express,posted,2026-07-07T00:58:13.516568,95
0f21adaeff707957,https://gt.linkedin.com/jobs/view/private-sector-engagement-and-investment-promotion-experts-at-ntu-international-a-s-4436752104,Private Sector Engagement and Investment Promotion Experts,,scraped,2026-07-07T00:58:16.176892,
5f5dd43bf3532940,https://gt.linkedin.com/jobs/view/digital-experts-at-ntu-international-a-s-4437172126,Digital Experts,,scraped,2026-07-07T00:58:24.370207,
4e2d3e30ab5a11d8,https://gt.linkedin.com/jobs/view/sustainable-energy-experts-at-ntu-international-a-s-4437127166,Sustainable Energy Experts,,scraped,2026-07-07T00:58:31.845095,
3d1ad450662fdaf0,https://gt.linkedin.com/jobs/view/health-experts-at-ntu-international-a-s-4437175813,Health Experts,,scraped,2026-07-07T00:58:39.282732,
09831fefd034a94d,https://gt.linkedin.com/jobs/view/education-research-and-innovation-experts-at-ntu-international-a-s-4437400478,"Education, Research and Innovation Experts",,scraped,2026-07-07T00:58:46.484935,
b5c9a49415b5f924,https://gt.linkedin.com/jobs/view/training-coordinator-at-dhl-express-4435898712,Training Coordinator,DHL Express,posted,2026-07-07T01:00:09.023994,97
7b9d196394764144,https://gt.linkedin.com/jobs/view/global-governance-and-security-experts-at-ntu-international-a-s-4437411119,Global Governance and Security Experts,,scraped,2026-07-07T01:00:11.673703,
7706edbb837aef7c,https://gt.linkedin.com/jobs/view/agent-stockroom-agente-de-bodega-at-dhl-express-4436106103,"Agent, Stockroom- Agente de Bodega",DHL Express,posted,2026-07-07T01:00:28.077486,99
f8d629e0d2bb3603,https://gt.linkedin.com/jobs/view/inclusive-and-sustainable-economic-integration-experts-at-ntu-international-a-s-4436722832,Inclusive and Sustainable Economic Integration Experts,,scraped,2026-07-07T01:00:30.907597,
c39efc3c61f74e30,https://gt.linkedin.com/jobs/view/learning-services-training-execution-coordinator-telus-guatemala-at-telus-digital-4436474005,"Learning Services, Training Execution Coordinator - TELUS Guatemala",,scraped,2026-07-07T01:00:40.739836,
de3d0f85dcc11a94,https://gt.linkedin.com/jobs/view/instructor-centro-at-corporaci%C3%B3n-multi-inversiones-4433917380,Instructor Centro,,scraped,2026-07-07T01:00:47.761429,
2826e0a9c2f2cafb,https://gt.linkedin.com/jobs/view/shipping-customer-service-specialist-at-telus-digital-4416652027,Shipping Customer Service Specialist,,scraped,2026-07-07T01:01:58.771069,
b1c3a9921ab55447,https://gt.linkedin.com/jobs/view/tech-lead-sanity-cms-remote-latin-america-at-fullstack-4427099733,Tech Lead (Sanity CMS) - Remote - Latin America,,scraped,2026-07-07T01:02:05.383628,
8b81b28fa92554de,https://gt.linkedin.com/jobs/view/operador-a-de-montacarga-escuintla-at-cargill-4427568396,Operador(a) de Montacarga - Escuintla,Cargill,posted,2026-07-07T01:02:24.728173,101
03a9b241358c17a3,https://gt.linkedin.com/jobs/view/product-owner-agility-lead-at-millicom-tigo-4436459138,Product Owner & Agility Lead,,scraped,2026-07-07T01:02:27.429040,
9c8f662a0e55597f,https://gt.linkedin.com/jobs/view/staff-data-scientist-marketing-at-launch-potato-4435823156,"Staff Data Scientist, Marketing",Launch Potato,posted,2026-07-07T01:02:40.777433,103
b122f3e90cde0d20,https://gt.linkedin.com/jobs/view/aws-devops-engineer-linux-remote-latin-america-at-fullstack-4435329722,AWS DevOps Engineer (Linux) - Remote - Latin America,,scraped,2026-07-07T01:02:43.379530,
b580e422fbdce5a3,https://gt.linkedin.com/jobs/view/coordinador-de-documentaci%C3%B3n-at-industria-farmac%C3%A9utica-s-a-infasa-4437435603,Coordinador de documentación,,scraped,2026-07-07T01:02:52.729887,
061b7d3a2e40411a,https://gt.linkedin.com/jobs/view/el-taier-dise%C3%B1ador-grafico-sr-local-at-the-darwinzone-4432729338,el taier - Diseñador Grafico SR. - Local,,scraped,2026-07-07T01:04:03.155957,
8c5239d9354eaea6,https://gt.linkedin.com/jobs/view/real-estate-administrative-assistant-remote-at-hire-with-dash-4435809179,Real Estate Administrative Assistant (Remote),,scraped,2026-07-07T01:04:10.240351,
70ba9ddd3c071d3c,https://gt.linkedin.com/jobs/view/auxiliar-de-compras-at-empresa-confidencial-4435460924,Auxiliar de compras,Empresa Confidencial,posted,2026-07-07T01:05:30.610324,105
74ac5ec42aaa13e1,https://gt.linkedin.com/jobs/view/comprador-at-secacao-group-4437196873,Comprador,,scraped,2026-07-07T01:05:33.291356,
ee5c178ec03c3f74,https://gt.linkedin.com/jobs/view/ejecutivo-de-negocios-b2b-las-margaritas-zona-10-y-san-jos%C3%A9-pinula-at-banco-industrial-guatemala-4432723470,Ejecutivo de Negocios B2B: Las Margaritas Zona 10 y San José Pinula,,scraped,2026-07-07T01:05:39.895803,
b362f227baac136c,https://gt.linkedin.com/jobs/view/analista-planificador-de-compras-at-humanaxis-latam-4437437956,Analista & Planificador de compras,,scraped,2026-07-07T01:05:47.789447,
5b4d4aaba4eb8176,https://gt.linkedin.com/jobs/view/motorista-at-servicat-4431994429,Motorista,,scraped,2026-07-07T01:05:54.017709,
9f5e9fb7d9fab05b,https://gt.linkedin.com/jobs/view/buscamos-socio-a-director-a-de-desarrollo-de-negocios-guatemala-remoto-at-aicad-4434971546,Buscamos Socio (a) Director(a) de Desarrollo de Negocios | Guatemala (Remoto),AICAD Business School,posted,2026-07-07T01:07:12.784500,107
7117d31de7bcf1fc,https://gt.linkedin.com/jobs/view/mid-level-cms-engineer-sanity-remote-latin-america-at-fullstack-4434647049,Mid-Level CMS Engineer (Sanity) - Remote - Latin America,,scraped,2026-07-07T01:07:15.312923,
15cc2f21e218662f,https://gt.linkedin.com/jobs/view/coordinador-de-desarrollo-de-canales-at-industrias-san-miguel-4420748670,Coordinador de Desarrollo de Canales,,scraped,2026-07-07T01:07:22.488933,
1ed646e64aa2a159,https://gt.linkedin.com/jobs/view/agentic-elixir-engineer-remote-latin-america-at-fullstack-4388203396,Agentic Elixir Engineer - Remote - Latin America,FullStack,posted,2026-07-07T01:08:46.345742,109
10188e805b23837a,https://gt.linkedin.com/jobs/view/content-safety-specialist-at-telus-digital-ai-data-solutions-4437410142,Content Safety Specialist,TELUS Digital AI Data Solutions,posted,2026-07-07T01:08:54.411503,111
9a4a8b84c170c47b,https://gt.linkedin.com/jobs/view/auxiliar-recursos-humanos-at-corporaci%C3%B3n-jwt-4435363723,Auxiliar Recursos Humanos,CORPORACIÓN / JWT,posted,2026-07-07T01:09:37.136557,113
9ac9226a039cb63c,https://gt.linkedin.com/jobs/view/asesor-de-cr%C3%A9ditos-quetzaltenango-at-macro-recursos-humanos-4436424983,Asesor de Créditos / Quetzaltenango,,scraped,2026-07-07T01:09:39.768278,
5ac946a3ffe84cbc,https://gt.linkedin.com/jobs/view/jefe-a-de-impuestos-regional-at-people-evolution-4436764679,Jefe (a) de Impuestos Regional,,scraped,2026-07-07T01:09:48.479752,
5c09d1fc6d41cd3a,https://gt.linkedin.com/jobs/view/sub-enca-at-realice-empe%C3%B1os-4435858156,Sub enca,REALICE EMPEÑOS,posted,2026-07-07T01:11:08.875071,115
93f31e5f8fcf2cef,https://gt.linkedin.com/jobs/view/operador-a-de-montacarga-escuintla-at-cargill-4425387910,Operador(a) de Montacarga - Escuintla,Cargill,posted,2026-07-07T01:11:21.756181,117
5461ce49cbb431b6,https://gt.linkedin.com/jobs/view/vendedor-rutero-at-human-solutions-4436168031,VENDEDOR RUTERO,Human Solutions,posted,2026-07-07T01:11:47.364926,119
b417fb7630c15f9b,https://gt.linkedin.com/jobs/view/ingeniero-middle-de-automatizaci%C3%B3n-de-pruebas-at-banco-industrial-guatemala-4433121288,Ingeniero Middle de Automatización de Pruebas,,scraped,2026-07-07T01:11:52.153376,
c48cbd12c8c02422,https://gt.linkedin.com/jobs/view/promotor-de-telefonia-labor-de-campo-at-istaff-guatemala-4435793881,Promotor de telefonia /labor de campo,,scraped,2026-07-07T01:12:00.291263,
b6e7859266a67d9c,https://gt.linkedin.com/jobs/view/asesor-a-de-proyectos-planta-arizona-at-holcim-guatemala-4427173503,Asesor/a de Proyectos - Planta Arizona,Holcim Guatemala,posted,2026-07-07T01:13:22.727441,121
038690d3e4c2626c,https://gt.linkedin.com/jobs/view/auxiliar-de-reparto-at-corporaci%C3%B3n-multi-inversiones-4436434522,Auxiliar de reparto,,scraped,2026-07-07T01:13:25.500092,
497029852cb449dc,https://gt.linkedin.com/jobs/view/first-gen-asuntos-corporativos-gobierno-programa-de-pr%C3%A1cticas-at-pepsico-4436788776,First Gen Asuntos Corporativos Gobierno (Programa de Prácticas),,scraped,2026-07-07T01:14:36.703184,
1e4b441fd25f8e7a,https://gt.linkedin.com/jobs/view/residente-de-obra-jr-at-e4-4436969840,Residente de Obra Jr,,scraped,2026-07-07T01:14:50.694049,
fafc041eb75037bc,https://gt.linkedin.com/jobs/view/analista-de-operaciones-sector-log%C3%ADstico-at-grupo-linc-central-america-4437482135,Analista de Operaciones - Sector Logístico,,scraped,2026-07-07T01:16:01.285742,
23287e1a87e02023,https://gt.linkedin.com/jobs/view/executive-sales-of-logistics-at-rohan-holding-group-4435188046,Executive Sales of Logistics,ROHAN Holding Group,posted,2026-07-07T01:16:16.247292,123
1c93ddac26d5ce14,https://gt.linkedin.com/jobs/view/executive-assistant-us-startup-at-scale-up-recruiting-partners-4435774693,Executive Assistant - US StartUp,Scale Up Recruiting Partners,posted,2026-07-07T01:16:29.856773,125
f31e738138750ba3,https://gt.linkedin.com/jobs/view/talent-adquisition-lead-at-vana-4437407686,Talent Adquisition Lead,,scraped,2026-07-07T01:16:32.520874,
d98085a5f0280ab6,https://gt.linkedin.com/jobs/view/gestor-administrativo-at-reclutamiento-4432130095,Gestor Administrativo,RECLUTAMIENTO,posted,2026-07-07T01:17:53.081956,127
6ab883bc2ce247ef,https://gt.linkedin.com/jobs/view/auxiliar-de-producci%C3%B3n-at-macro-recursos-humanos-4436114977,Auxiliar de Producción,,scraped,2026-07-07T01:17:56.075886,
9314db67580fa2d4,https://gt.linkedin.com/jobs/view/offensive-security-engineer-at-applaudo-4437415985,Offensive Security Engineer,,scraped,2026-07-07T01:18:04.483374,
0ae6e3eb150f9137,https://gt.linkedin.com/jobs/view/auxiliar-de-pleneaci%C3%B3n-at-calidad-inmobiliaria-4434501347,Auxiliar de Pleneación,,scraped,2026-07-07T01:19:14.672043,
78d3f613b75d2a2f,https://gt.linkedin.com/jobs/view/cocinero-at-hotel-hilton-guatemala-city-4436234616,Cocinero,Hotel Hilton Guatemala City,posted,2026-07-07T01:22:14.376665,129
f84fc02d86d08c52,https://gt.linkedin.com/jobs/view/analista-de-cobros-corporativos-at-truckslogic-4432328707,Analista de Cobros Corporativos,,scraped,2026-07-07T01:22:16.936542,
bd0fae744c305a36,https://gt.linkedin.com/jobs/view/docente-de-educaci%C3%B3n-f%C3%ADsica-at-centro-cristiano-fuente-de-vida-4436153416,Docente de Educación Física,CENTRO CRISTIANO FUENTE DE VIDA,posted,2026-07-07T01:22:33.674111,131
c93994f6ee7e1e61,https://gt.linkedin.com/jobs/view/auxiliar-de-importaciones-at-omr-human-talent-4436433684,Auxiliar de Importaciones,OMR HUMAN TALENT,posted,2026-07-07T01:22:44.039180,133
1b83acded3315d59,https://gt.linkedin.com/jobs/view/auditor-interno-at-grupo-lafise-4437407770,Auditor Interno,,scraped,2026-07-07T01:22:46.688098,
83bdc1cf3e368724,https://gt.linkedin.com/jobs/view/catedr%C3%A1tico-de-laboratorio-de-periodoncia-at-universidad-mariano-g%C3%A1lvez-4435185660,Catedrático de Laboratorio de Periodoncia,Universidad Mariano Gálvez,posted,2026-07-07T01:23:01.414721,135
b954a16975817ffe,https://gt.linkedin.com/jobs/view/executive-assistant-at-solvo-global-careers-4433120816,Executive Assistant,,scraped,2026-07-07T01:23:04.074660,
ecedaaebf0b8954b,https://gt.linkedin.com/jobs/view/promotor-de-venta-por-dia-at-aspiraciones-human-capital-4436457702,Promotor de venta por dia,,scraped,2026-07-07T01:23:11.354799,
0c42ec1bd7ac6cff,https://gt.linkedin.com/jobs/view/auxiliar-administrativo-contable-at-hoteleria-4435171287,Auxiliar administrativo contable,HOTELERIA,posted,2026-07-07T01:23:25.208208,137
64dc3c2bd1fe5023,https://gt.linkedin.com/jobs/view/coordinador-de-bienestar-estudiantil-at-seeking-hr-consulting-4437464813,Coordinador de Bienestar Estudiantil,Seeking HR Consulting,posted,2026-07-07T01:24:53.019313,139
9b05e6cb0b30b91c,https://gt.linkedin.com/jobs/view/supervisor-de-ventas-distribuidores-at-industrias-san-miguel-4433989917,Supervisor de ventas - Distribuidores,,scraped,2026-07-07T01:24:55.810775,
f21435ecf1368dc7,https://gt.linkedin.com/jobs/view/asistente-de-contabilidad-e-impuestos-at-andersen-in-guatemala-4435878728,Asistente de Contabilidad e Impuestos,,scraped,2026-07-07T01:25:06.234798,
8dc28db7dfd71ad2,https://gt.linkedin.com/jobs/view/staff-de-auditor%C3%ADa-externa-ciudad-de-guatemala-at-deloitte-4436435930,"Staff de Auditoría Externa, Ciudad de Guatemala",Deloitte,posted,2026-07-07T01:25:19.859792,141
71d1d051abf3e937,https://gt.linkedin.com/jobs/view/gerente-de-proyectos-de-obra-gris-at-e4-4436763674,Gerente de proyectos de obra gris,,scraped,2026-07-07T01:25:22.492260,
8eadc3d038c5309d,https://gt.linkedin.com/jobs/view/analista-de-mercadeo-de-vivienda-at-happymondays-com-gt-4436102815,Analista de Mercadeo de Vivienda,,scraped,2026-07-07T01:26:33.013505,
1f87c5fd4da429c0,https://gt.linkedin.com/jobs/view/marketing-graphic-designer-ai-saas-startup-at-scale-up-recruiting-partners-4435778508,Marketing Graphic Designer - AI SaaS Startup,Scale Up Recruiting Partners,posted,2026-07-07T01:26:50.762983,143
ba42aadf0a081037,https://gt.linkedin.com/jobs/view/jefe-de-compras-e-importaciones-at-empresa-confidencial-4436437330,Jefe de Compras e Importaciones,Empresa Confidencial,posted,2026-07-07T01:27:01.812493,145
0d37f1246d999b5e,https://gt.linkedin.com/jobs/view/coordinaci%C3%B3n-de-cobros-legal-at-gestionadora-de-cr%C3%A9ditos-de-guatemala-4436002234,Coordinación de Cobros / Legal,,scraped,2026-07-07T01:27:04.327377,
6a958d5a6b9c2a97,https://gt.linkedin.com/jobs/view/supervisor-mantenimiento-tratamiento-aguas-residuales-at-gesti%C3%B3n-integrada-de-recursos-h%C3%ADdricos-s-a-4435327006,Supervisor mantenimiento tratamiento aguas residuales,,scraped,2026-07-07T01:27:11.263708,
d244d428d884f600,https://gt.linkedin.com/jobs/view/technical-delivery-manager-at-oneclick-code-4436488629,Technical Delivery Manager,,scraped,2026-07-07T01:27:19.097980,
e3207e13ece9c5ad,https://gt.linkedin.com/jobs/view/solutions-consultant-full-time-at-inair-4436485805,Solutions Consultant (Full Time),,scraped,2026-07-07T01:28:32.020087,
e52178580acec2bb,https://gt.linkedin.com/jobs/view/director-customer-care-at-genpact-4437170379,Director - Customer Care,,scraped,2026-07-07T01:30:11.898274,
983210b058ea8ad7,https://gt.linkedin.com/jobs/view/analista-de-microbiolog%C3%ADa-at-grupo-lamfer-4436415616,Analista de Microbiología,,scraped,2026-07-07T01:30:23.967999,
33adf579e5c708a8,https://gt.linkedin.com/jobs/view/analista-contable-at-bg-capital-4436437117,Analista Contable,,scraped,2026-07-07T01:30:36.714670,
70bd6393776eed9b,https://gt.linkedin.com/jobs/view/asesor-a-de-servicio-en-agencia-zentroplaza-t1-at-bam-4437455881,ASESOR/A DE SERVICIO EN AGENCIA ZENTROPLAZA (T1),,scraped,2026-07-07T01:31:47.013539,
9e1eeacf72465c03,https://gt.linkedin.com/jobs/view/marketing-graphic-designer-ai-saas-startup-at-scale-up-recruiting-partners-4435770915,Marketing Graphic Designer - AI SaaS Startup,Scale Up Recruiting Partners,posted,2026-07-07T01:31:59.634737,143
c8d4481eed080fc3,https://gt.linkedin.com/jobs/view/full-time-inbound-sales-closer-at-express-chipping-inc-4436979293,Full-Time Inbound Sales Closer,,scraped,2026-07-07T01:32:02.354056,
52b051a78317da89,https://gt.linkedin.com/jobs/view/auxiliar-contable-at-rope-4435896632,Auxiliar Contable,,scraped,2026-07-07T01:32:20.071582,
2e7a5458b03a769d,https://gt.linkedin.com/jobs/view/asesor-de-viajes-100%25-remoto-at-dreamport-4436072908,Asesor de Viajes (100% remoto),,scraped,2026-07-07T01:32:27.331272,
b8952d15ccb320da,https://gt.linkedin.com/jobs/view/auxiliar-de-bodega-at-class-equipos-y-construcciones-de-guatemala-s-a-4437415176,Auxiliar de bodega,,scraped,2026-07-07T01:32:34.023606,
3bb1cb065f3c96fc,https://gt.linkedin.com/jobs/view/ingeniero-a-asociado-a-de-construcci%C3%B3n-gesti%C3%B3n-de-cronogramas-y-costos-at-unops-4433125183,Ingeniero/a Asociado/a de Construcción (Gestión de cronogramas y costos),,scraped,2026-07-07T01:32:41.516021,
2d3f716e5d344839,https://gt.linkedin.com/jobs/view/local-purchasing-project-coordinator-at-dhl-express-4436102308,Local Purchasing & Project Coordinator,DHL Express,posted,2026-07-07T01:32:58.361403,147
6c7ccdd16b31d634,https://gt.linkedin.com/jobs/view/asistente-de-contralor%C3%ADa-experiencia-en-ciclo-contable-completo-bulevar-los-pr%C3%B3ceres-zona-10-at-biogroup-4435895823,Asistente de Contraloría (Experiencia en ciclo contable completo)- Bulevar los próceres zona 10,Biogroup,posted,2026-07-07T01:34:10.371209,149
78531184fe339b23,https://gt.linkedin.com/jobs/view/gestor-de-cobranza-en-campo-chimaltenango-at-grupo-salinas-guatemala-4432389654,Gestor de Cobranza en Campo Chimaltenango,Grupo Salinas Guatemala,posted,2026-07-07T01:34:21.285658,151
6882d50045e97141,https://gt.linkedin.com/jobs/view/jefe-de-seguridad-bancaria-at-bac-4436789940,Jefe de seguridad Bancaria,,scraped,2026-07-07T01:34:24.241143,
5ace0fbbdb44494f,https://gt.linkedin.com/jobs/view/dise%C3%B1ador-ux-ui-guatemala-honduras-el-salvador-nicaragua-at-deloitte-4422969968,Diseñador UX/UI - Guatemala / Honduras / El Salvador / Nicaragua,Deloitte,posted,2026-07-07T01:34:38.896404,153
e3d35d610c3aa26a,https://gt.linkedin.com/jobs/view/auxiliar-de-proyecto-4436229837,Auxiliar de proyecto,WORLDWIDE IMPORT & EXPORT S.A.,posted,2026-07-07T01:34:46.629767,155
299fb0f61cd3bba7,https://gt.linkedin.com/jobs/view/corporate-trainer-remote-at-viva-talent-4437404499,Corporate Trainer (Remote),,scraped,2026-07-07T01:34:49.436922,
0ef8fa5532326b5f,https://gt.linkedin.com/jobs/view/auxiliar-de-bodega-1-villa-nueva-at-dhl-global-forwarding-4437453699,Auxiliar de Bodega 1 - Villa Nueva,DHL Global Forwarding,posted,2026-07-07T01:35:29.406170,157
71fc0dd372816b50,https://gt.linkedin.com/jobs/view/accountant-at-riverstone-4435313221,Accountant,,scraped,2026-07-07T01:35:32.301173,
ab22ff572fa06845,https://gt.linkedin.com/jobs/view/residente-de-proyecto-at-nabla-4437452820,Residente de Proyecto,,scraped,2026-07-07T01:35:39.490315,
b45c6cee5c93e8ef,https://gt.linkedin.com/jobs/view/analista-fiscal-at-chocolates-best-4436764311,Analista fiscal,Chocolates Best,posted,2026-07-07T01:35:56.138741,159
94df86ab0b0afc63,https://gt.linkedin.com/jobs/view/logistics-operations-sr-manager-at-pedidosya-4425549387,Logistics & Operations Sr Manager,,scraped,2026-07-07T01:35:58.892106,
68cb1e47df02ad54,https://gt.linkedin.com/jobs/view/consultor-a-de-negocios-i-pyme-en-unidad-de-banca-pyme-at-bam-4436355718,CONSULTOR/A DE NEGOCIOS I PYME EN UNIDAD DE BANCA PYME,,scraped,2026-07-07T01:36:05.769583,
3a0f762fe01aba82,https://gt.linkedin.com/jobs/view/customer-success-specialist-accounting-saas-part-time-at-scale-up-recruiting-partners-4435529744,Customer Success Specialist (Accounting SaaS) - Part Time,Scale Up Recruiting Partners,posted,2026-07-07T01:36:21.831112,161
b2b36ad813a558fd,https://gt.linkedin.com/jobs/view/especialista-senior-de-jur%C3%ADdico-aseguradora-at-seguros-bantrab-4436374764,Especialista Senior de Jurídico Aseguradora,Seguros Bantrab,posted,2026-07-07T01:36:33.177934,163
f858e5a4167db28f,https://gt.linkedin.com/jobs/view/auxiliar-contable-at-intepro-4436762417,Auxiliar contable,,scraped,2026-07-07T01:36:35.864129,
fc2d164b666c7909,https://gt.linkedin.com/jobs/view/t%C3%A9cnico-soporte-at-sonda-4427900477,Técnico Soporte,,scraped,2026-07-07T01:36:42.483738,
47837765c0301e42,https://gt.linkedin.com/jobs/view/asistente-de-n%C3%B3minas-y-beneficios-amatitl%C3%A1n-at-grupo-lucalza-4435831502,Asistente de Nóminas y Beneficios - Amatitlán,,scraped,2026-07-07T01:36:49.462625,
c3f1a67b04a43aeb,https://gt.linkedin.com/jobs/view/nutritionist-formulator-at-trouw-nutrition-4427461239,Nutritionist/Formulator,,scraped,2026-07-07T01:36:58.409135,
1796cf352bc7b814,https://gt.linkedin.com/jobs/view/accounting-assistant-at-workbetternow-4435147528,Accounting Assistant,,scraped,2026-07-07T01:37:05.321571,
aa32e4dda7260f25,https://gt.linkedin.com/jobs/view/plomero-at-idc-network-4436451827,Plomero,,scraped,2026-07-07T01:37:23.846268,
f29983603f95b05b,https://gt.linkedin.com/jobs/view/operador-de-almac%C3%A9n-at-grupo-aseal-4436745076,Operador de almacén,,scraped,2026-07-07T01:37:30.963083,
f855ae9912ca9603,https://gt.linkedin.com/jobs/view/trainee-de-implementaci%C3%B3n-y-soporte-datacenter-at-martinexsa-4437437206,TRAINEE DE IMPLEMENTACIÓN Y SOPORTE (DataCenter),Martinexsa,posted,2026-07-07T01:37:51.567131,165
87fbbef12cd13ddd,https://gt.linkedin.com/jobs/view/ejecutivo-banca-premium-entry-level-at-bac-4435336952,Ejecutivo Banca Premium (Entry Level),,scraped,2026-07-07T01:37:54.188597,
cba90ae78ba4b9b0,https://gt.linkedin.com/jobs/view/resident-services-coordinator-at-holland-properties-inc-4436931660,Resident Services Coordinator,,scraped,2026-07-07T01:38:01.180307,
32ef116fb37671e6,https://gt.linkedin.com/jobs/view/animador-digital-at-esto-es-marte-4435277024,Animador Digital,,scraped,2026-07-07T01:38:14.808417,
53be4f7539d3daf6,https://gt.linkedin.com/jobs/view/sales-manager-at-emma-of-torre-ai-4437179823,Sales Manager,,scraped,2026-07-07T01:38:23.314557,
e726b987edd2cc92,https://gt.linkedin.com/jobs/view/experienced-mam-english-interpreter-independent-contractor-at-transperfect-4434335379,Experienced Mam-English Interpreter Independent Contractor,,scraped,2026-07-07T01:39:35.436396,
c0016bf0a37a252f,https://gt.linkedin.com/jobs/view/technical-writer-b2b-social-media-search-seo-ai-referral-at-inair-4435534055,Technical Writer - B2B Social Media & Search (SEO/AI Referral),,scraped,2026-07-07T01:40:17.102172,
3ab550ec64999ad6,https://gt.linkedin.com/jobs/view/community-manager-at-empresa-confidencial-4436912022,Community Manager,Empresa Confidencial,posted,2026-07-07T01:41:40.090889,167
fce76d967953dd34,https://gt.linkedin.com/jobs/view/housekeeping-supervisor-at-royal-caribbean-group-4434918871,Housekeeping Supervisor,,scraped,2026-07-07T01:41:42.638206,
f55cc271ac1619fc,https://gt.linkedin.com/jobs/view/product-manager-ii-at-canella-s-a-4435168663,PRODUCT MANAGER II,,scraped,2026-07-07T01:41:52.702352,
d1a92500995dbc1c,https://gt.linkedin.com/jobs/view/l%C3%ADder-en-prevenci%C3%B3n-de-fraude-interno-at-vana-4435329874,Líder en Prevención de Fraude Interno,,scraped,2026-07-07T01:42:00.370290,
4c53166999aa1189,https://gt.linkedin.com/jobs/view/asesor-especialista-kiosko-max-pradera-escuintla-at-grupo-distelsa-4433199697,ASESOR ESPECIALISTA  - KIOSKO MAX PRADERA ESCUINTLA,Grupo Distelsa,posted,2026-07-07T01:42:17.488145,169
5c83b60a27bea856,https://gt.linkedin.com/jobs/view/training-operations-coordinator-at-cheil-worldwide-4436791722,Training Operations Coordinator,,scraped,2026-07-07T01:42:20.342298,
7233d5e8d177db84,https://gt.linkedin.com/jobs/view/operador-de-montacargas-para-puerto-de-san-jos%C3%A9-at-estrategia-y-talento-4434664463,Operador de Montacargas para Puerto de San José,Estrategia y Talento,posted,2026-07-07T01:42:35.969886,171
3ba86aea38816f6d,https://gt.linkedin.com/jobs/view/jefe-de-postcosecha-at-primarossa-4436372777,Jefe de Postcosecha,,scraped,2026-07-07T01:42:38.614436,
61553db22a562cee,https://gt.linkedin.com/jobs/view/medical-spanish-interpreters-opi-vri-fully-remote-at-intelex-4436998984,Medical Spanish Interpreters (OPI/VRI) ( Fully Remote),INTELEX,posted,2026-07-07T01:42:51.816169,173
be897cfe4b3e53ff,https://gt.linkedin.com/jobs/view/associate-business-advisor-at-capgemini-4436367992,Associate Business Advisor,,scraped,2026-07-07T01:42:54.654195,
0ce522518c91bc15,https://gt.linkedin.com/jobs/view/l%C3%ADder-de-excelencia-comercial-at-confidential-jobs-4436905896,Líder de Excelencia Comercial,,scraped,2026-07-07T01:43:01.030937,
770e6b3507aa37c2,https://gt.linkedin.com/jobs/view/ejecutivo-de-ventas-at-tarjetas-cuscatl%C3%A1n%C2%A9-guatemala-4436793584,Ejecutivo de ventas,,scraped,2026-07-07T01:43:27.634175,
d3976f10e60a5772,https://gt.linkedin.com/jobs/view/associate-business-advisor-at-capgemini-4432316807,Associate Business Advisor,,scraped,2026-07-07T01:43:34.976949,
60a301bc474a5d81,https://gt.linkedin.com/jobs/view/analista-programador-at-neonet-gt-4437482341,Analista Programador,,scraped,2026-07-07T01:43:41.392022,
93e189f09a2b138c,https://gt.linkedin.com/jobs/view/associate-business-advisor-at-capgemini-4436368875,Associate Business Advisor,,scraped,2026-07-07T01:43:49.220118,
1acd7bf12f126d1f,https://gt.linkedin.com/jobs/view/promotor-de-ventas-por-d%C3%ADa-at-aspiraciones-human-capital-4435475494,Promotor de ventas por día,,scraped,2026-07-07T01:43:55.716362,
305b884aac9dee81,https://gt.linkedin.com/jobs/view/perito-en-mec%C3%A1nica-automotriz-at-reclutamiento-global-4435378339,Perito en mecánica automotriz,RECLUTAMIENTO GLOBAL,posted,2026-07-07T01:44:25.349620,175
947d09278a3a91f5,https://gt.linkedin.com/jobs/view/software-engineer-at-capgemini-engineering-4437102707,Software Engineer,,scraped,2026-07-07T01:44:30.197076,
62faf9cf1208a7f2,https://gt.linkedin.com/jobs/view/membership-operations-manager-event-manager-at-teamswell-4437460598,Membership Operations Manager & Event Manager,,scraped,2026-07-07T01:44:37.103549,
c04fcc66b6693151,https://gt.linkedin.com/jobs/view/gerente-de-proyectos-at-confidential-company-4436158629,Gerente de Proyectos,,scraped,2026-07-07T01:44:50.766740,
1ada976f056bc9eb,https://gt.linkedin.com/jobs/view/modelador-bim-at-empresa-confidencial-4436906339,Modelador BIM,Empresa Confidencial,posted,2026-07-07T01:45:06.085454,177
5dee54acb4aaa3a0,https://gt.linkedin.com/jobs/view/accounting-services-associate-iv-at-conduent-4432331379,Accounting Services Associate IV,Conduent,posted,2026-07-07T01:45:21.727523,179
264b90f221677c34,https://gt.linkedin.com/jobs/view/executive-assistant-guatemala-at-athena-4435514778,Executive Assistant - Guatemala,,scraped,2026-07-07T01:45:24.618887,
550db3fd7ab39e36,https://gt.linkedin.com/jobs/view/analista-dispatch-dth-at-grupo-onyx-4436758272,Analista Dispatch DTH,,scraped,2026-07-07T01:45:31.427998,
496a789e8661ec1a,https://gt.linkedin.com/jobs/view/accounting-and-finance-at-concentrix-4434500449,Accounting and Finance,,scraped,2026-07-07T01:45:39.857893,
c66ebf8ca7d8d776,https://gt.linkedin.com/jobs/view/asistente-administrativa-de-facturacion-y-cobros-bilingue-at-watermelon-works-4437109910,Asistente Administrativa de facturacion y cobros (bilingue),,scraped,2026-07-07T01:45:53.490876,
d1c407b328504751,https://gt.linkedin.com/jobs/view/backend-developer-node-js-at-applaudo-4436154221,Backend Developer (Node.js),,scraped,2026-07-07T01:46:03.050660,
ea166f4663c90126,https://gt.linkedin.com/jobs/view/customer-service-representative-at-behavior-treatment-analysis-4432366464,Customer Service Representative,,scraped,2026-07-07T01:46:09.508880,
b4477b6fadd998d3,https://gt.linkedin.com/jobs/view/electricista-industrial-at-aliaxis-latam-4435724298,ELECTRICISTA INDUSTRIAL,,scraped,2026-07-07T01:46:25.027886,
c70b20b3c7d32bb3,https://gt.linkedin.com/jobs/view/ejecutivo-a-de-ventas-retail-empresa-ubicada-en-carretera-a-el-salvador-at-bpo361-4435377314,Ejecutivo/a de ventas Retail - Empresa ubicada en Carretera a El Salvador,BPO361,posted,2026-07-07T01:46:44.614937,181
f521c9a554732b14,https://gt.linkedin.com/jobs/view/executive-assistant-guatemala-at-athena-4435528504,Executive Assistant - Guatemala,,scraped,2026-07-07T01:46:47.256320,
c570d4b8c0ff0944,https://gt.linkedin.com/jobs/view/supervisor-de-ventas-mixco-at-grupo-bimbo-4433716069,Supervisor de Ventas Mixco,Grupo Bimbo,posted,2026-07-07T01:47:03.708534,183
2f1a419beec85b7e,https://gt.linkedin.com/jobs/view/auxiliar-contable-at-corporacion-aps-4435228878,AUXILIAR CONTABLE,,scraped,2026-07-07T01:47:06.428156,
9525c0d62dacce28,https://gt.linkedin.com/jobs/view/virtual-assistant-to-ceo-remote-at-viva-talent-4437421815,Virtual Assistant to CEO (Remote),,scraped,2026-07-07T01:47:18.707749,
adeea0a8207dc536,https://gt.linkedin.com/jobs/view/vendedora-de-tienda-de-ropa-at-bc-soluciones-globales-4436003469,Vendedora de tienda de ropa,,scraped,2026-07-07T01:48:25.844019,
195797b38efb882c,https://gt.linkedin.com/jobs/view/asistente-administrativo-at-gsq-guatemala-4433759413,Asistente Administrativo,,scraped,2026-07-07T01:48:33.983859,
4c30459343bfa245,https://gt.linkedin.com/jobs/view/delegado-de-salud-y-seguridad-ocupacional-at-calidad-inmobiliaria-4436797381,Delegado de Salud y Seguridad Ocupacional,,scraped,2026-07-07T01:48:47.639142,
cb3126fdba3f410d,https://gt.linkedin.com/jobs/view/asesor-de-ventas-inmobiliario-carretera-a-el-salvador-at-ea-inmobiliaria-4437474317,Asesor de Ventas Inmobiliario Carretera a El Salvador,,scraped,2026-07-07T01:49:00.598092,
2397c914b3710255,https://gt.linkedin.com/jobs/view/coordinador-a-de-servicio-al-cliente-postventa-sector-construcci%C3%B3n-at-gentelabora-4424440671,Coordinador/a de Servicio al Cliente | (Postventa - Sector Construcción),,scraped,2026-07-07T01:49:08.026164,
3bd165d21c4b8e20,https://gt.linkedin.com/jobs/view/bookkeeper-hospitality-industry-at-howard-4437456115,Bookkeeper (Hospitality Industry),,scraped,2026-07-07T01:49:14.634590,
a89b14fed5631628,https://gt.linkedin.com/jobs/view/arquitecto-at-sur-desarrollos-4433850605,Arquitecto,,scraped,2026-07-07T01:49:27.589763,
3ae1d52f6ab96514,https://gt.linkedin.com/jobs/view/analista-de-ingenier%C3%ADa-at-contec-4436102443,Analista de ingeniería,,scraped,2026-07-07T01:49:46.211492,
7c6ac0b6afe87a73,https://gt.linkedin.com/jobs/view/fdlc-project-manager-regional-at-the-darwinzone-4433737157,FDLC - Project Manager Regional,,scraped,2026-07-07T01:49:55.459336,
6d9d29c48a12abe2,https://gt.linkedin.com/jobs/view/contador-general-experiencia-en-costos-de-producci%C3%B3n-at-the-andres-talent-4435363722,CONTADOR GENERAL - Experiencia en costos de producción,The Andres Talent,posted,2026-07-07T01:50:12.199669,185
7844d589202ecfe3,https://gt.linkedin.com/jobs/view/ejecutivos-de-venta-ruteros-at-tu-chance-net-4433346415,Ejecutivos de Venta Ruteros,Tu Chance.net,posted,2026-07-07T01:50:23.083719,187
8bdec4595c7ab1b3,https://gt.linkedin.com/jobs/view/senior-iam-architect-rbac-access-governance-at-blautech-4436139365,Senior IAM Architect / RBAC & Access Governance,,scraped,2026-07-07T01:50:26.037133,
ec8525cbf5edc255,https://gt.linkedin.com/jobs/view/call-center-team-leader-at-solvo-global-4437438706,Call Center Team Leader,,scraped,2026-07-07T01:50:34.613719,
558d9bfeecfca113,https://gt.linkedin.com/jobs/view/especialista-de-servicio-al-cliente-herramientas-industriales-at-jobnova-solutions-4436105168,Especialista de Servicio al Cliente - Herramientas Industriales,JobNova Solutions,posted,2026-07-07T01:51:11.593611,189
656ea525f313627e,https://gt.linkedin.com/jobs/view/coordinador-de-servicios-logisticos-y-correspondencia-5313-48666-at-grupo-ficohsa-hn-4426544940,COORDINADOR DE SERVICIOS LOGISTICOS Y CORRESPONDENCIA (5313)(48666),Grupo Ficohsa HN,posted,2026-07-07T01:51:22.587898,191
7f583ac938fe8f02,https://gt.linkedin.com/jobs/view/asistente-contable-at-se7en-group-s-a-4436010084,Asistente Contable,,scraped,2026-07-07T01:51:25.272808,
690e45df5522e36f,https://gt.linkedin.com/jobs/view/asesor-comercial-at-se%C3%B1oriales-corporaci%C3%B3n-de-servicio-4436439563,Asesor comercial,,scraped,2026-07-07T01:51:33.259704,
29732615bffc24b1,https://gt.linkedin.com/jobs/view/asistente-legal-at-bufete-bonifaz-4436902489,Asistente legal,BUFETE BONIFAZ,posted,2026-07-07T01:52:03.118509,193
3f16355f2c723822,https://gt.linkedin.com/jobs/view/ejecutivo-a-de-telemarketing-at-fcs-consultores-sap-partner-regional-4437409657,Ejecutivo (a) de Telemarketing,,scraped,2026-07-07T01:52:05.909613,
d2f29f79151c2a0d,https://gt.linkedin.com/jobs/view/profesor-fitness-1-2-tiempo-para-santa-amelia-at-smart-fit-guatemala-4434674214,Profesor Fitness 1/2 Tiempo para Santa Amelia,,scraped,2026-07-07T01:52:13.967572,
46e8abad8ae47ffb,https://gt.linkedin.com/jobs/view/production-support-engineer-id59491-at-agileengine-4435886572,Production Support Engineer ID59491,AgileEngine,posted,2026-07-07T01:52:45.637055,195
7731e76f04f2fdb0,https://gt.linkedin.com/jobs/view/cardiology-patient-navigator-at-seamless-assist-4435452678,Cardiology Patient Navigator,Seamless Assist,posted,2026-07-07T01:53:34.995922,197
7507de376fe1f4d3,https://gt.linkedin.com/jobs/view/full-stack-developer-react-redux-at-perform-4384095046,Full Stack Developer (React/Redux),,scraped,2026-07-07T01:53:37.722951,
8830321d5d3618ef,https://gt.linkedin.com/jobs/view/key-account-manager-kitchenaid-at-whirlpool-corporation-4403995285,Key Account Manager | KitchenAid,,scraped,2026-07-07T01:53:55.721263,
b328cbcbe96b3369,https://gt.linkedin.com/jobs/view/renewal-specialist-%E2%80%93-customer-retention-at-the-functionary-4436135083,Renewal Specialist – Customer Retention,,scraped,2026-07-07T01:54:38.654374,
3967b8cea449e84f,https://gt.linkedin.com/jobs/view/junior-it-desktop-support-at-everise-4407886733,Junior - IT Desktop Support,,scraped,2026-07-07T01:54:47.226541,
98bd0ee58a84a344,https://gt.linkedin.com/jobs/view/representante-visitador-m%C3%A9dico-at-exeltis-cenam-4433972151,Representante visitador médico,,scraped,2026-07-07T01:55:07.958635,
4fc1a1354f9bfada,https://gt.linkedin.com/jobs/view/supervisor-de-ingenier%C3%ADa-at-sba-communications-4426698715,Supervisor de Ingeniería,,scraped,2026-07-07T01:55:16.308414,
554d6563a40d99e3,https://gt.linkedin.com/jobs/view/soldador-llenador-armador-at-aceros-arquitectonicos-4436441337,Soldador llenador/armador,ACEROS ARQUITECTONICOS,posted,2026-07-07T01:55:51.144703,199
699eb7a605e1c2a0,https://gt.linkedin.com/jobs/view/asesor-de-ventas-at-industrias-odi-4435821755,Asesor de Ventas,,scraped,2026-07-07T01:55:53.693563,
14ecd538e261e732,https://gt.linkedin.com/jobs/view/t%C3%A9cnico-en-sistemas-y-redes-at-sonda-4436153534,Técnico en Sistemas y Redes,,scraped,2026-07-07T01:56:02.272365,
7d24377f21dd1f2a,https://gt.linkedin.com/jobs/view/lead-technical-support-engineer-at-mercor-4418483088,Lead Technical Support Engineer,,scraped,2026-07-07T01:56:09.776171,
338dd5c79b80e4da,https://gt.linkedin.com/jobs/view/ejecutivo-de-ventas-at-talent-hub-4437483512,Ejecutivo de ventas,Talent Hub,posted,2026-07-07T01:56:31.232823,201
4493168287aee79c,https://gt.linkedin.com/jobs/view/gerente-para-ventas-de-montacargas-at-humanity-centroam%C3%A9rica-4437417950,Gerente para Ventas de Montacargas,,scraped,2026-07-07T01:56:34.044419,
8f7ee4571129aa68,https://gt.linkedin.com/jobs/view/vendedor-de-montacargas-y-equipamiento-para-bodegas-at-grupo-misol-4436371439,Vendedor de Montacargas y Equipamiento para Bodegas,,scraped,2026-07-07T01:56:41.010168,
4756e2458082d74b,https://gt.linkedin.com/jobs/view/asistente-contable-at-rsm-guatemala-4435364753,Asistente Contable,,scraped,2026-07-07T01:56:49.959107,
6b248dbc1fa655d0,https://gt.linkedin.com/jobs/view/sales-engineer-at-franklin-electric-4424945374,Sales Engineer,,scraped,2026-07-07T01:56:57.218715,
a594035624e9a0ac,https://gt.linkedin.com/jobs/view/full-stack-developer-net-developer-at-perform-4398416147,Full Stack Developer (.NET Developer),,scraped,2026-07-07T01:57:21.230949,
68123f00c2dbcbac,https://gt.linkedin.com/jobs/view/python-software-engineer-mid-level-at-3pillar-4432885763,Python Software Engineer (Mid level),,scraped,2026-07-07T01:57:35.057997,
d6959ab818e53f22,https://gt.linkedin.com/jobs/view/computational-linguist-freelance-at-telus-digital-ai-data-solutions-4437413082,Computational Linguist (Freelance),TELUS Digital AI Data Solutions,posted,2026-07-07T01:58:44.887303,203
1681186f44b2e698,https://gt.linkedin.com/jobs/view/jefe-de-ventas-pinturas-automotriz-at-regioamerica-4436134084,Jefe de ventas pinturas automotriz,Regioamerica,posted,2026-07-07T01:59:31.951283,205
a128a938d8ce74e4,https://gt.linkedin.com/jobs/view/jefe-de-servicio-al-cliente-at-centro-m%C3%A9dico-4433711718,Jefe de Servicio al Cliente,,scraped,2026-07-07T01:59:34.565891,
e2c72b2b229af4eb,https://gt.linkedin.com/jobs/view/auxiliar-contable-caes-km-9-5-at-risen-guatemala-4436420849,Auxiliar contable - CAES KM 9.5,,scraped,2026-07-07T01:59:41.613491,
9a6ae885ac33ce88,https://gt.linkedin.com/jobs/view/t%C3%A9cnico-de-servicio-equipos-medicos-at-diss-4435875704,Técnico de Servicio - Equipos Medicos,,scraped,2026-07-07T01:59:51.145106,
513a570539119e81,https://gt.linkedin.com/jobs/view/t%C3%A9cnico-de-soporte-it-presencial-para-horarios-rotativos-zona-6-chinautla-at-empresa-del-sector-industrial-4436421055,Técnico de Soporte IT Presencial para Horarios Rotativos - Zona 6 Chinautla,Empresa del Sector Industrial,posted,2026-07-07T02:00:26.120393,207
7cfe80e9baa60083,https://gt.linkedin.com/jobs/view/principal-data-engineer-remote-latin-america-at-fullstack-4436434262,Principal Data Engineer - Remote - Latin America,,scraped,2026-07-07T02:00:28.775822,
6657602857521152,https://gt.linkedin.com/jobs/view/principal-data-engineer-remote-latin-america-at-fullstack-4436426506,Principal Data Engineer - Remote - Latin America,,scraped,2026-07-07T02:01:00.008355,
4e5ace6af9bff56b,https://gt.linkedin.com/jobs/view/principal-data-engineer-remote-latin-america-at-fullstack-4436427462,Principal Data Engineer - Remote - Latin America,,scraped,2026-07-07T02:01:31.118858,
bb231e155ce0352d,https://gt.linkedin.com/jobs/view/global-financial-services-specialist-at-telus-digital-4417481678,Global Financial Services Specialist,,scraped,2026-07-07T02:01:38.293020,
754b93a96b6fbe81,https://gt.linkedin.com/jobs/view/gerente-de-mercadeo-at-empresa-confidencial-4435259559,Gerente de Mercadeo,Empresa Confidencial,posted,2026-07-07T02:01:54.515880,209
c4ed7b6580c7a2f4,https://gt.linkedin.com/jobs/view/auxiliar-de-archivo-zona-15-at-empresa-confidencial-4433709763,Auxiliar de archivo - zona 15,Empresa Confidencial,posted,2026-07-07T02:02:05.191268,211
befdec2eb8186209,https://gt.linkedin.com/jobs/view/executive-assistant-guatemala-at-athena-4435528475,Executive Assistant - Guatemala,,scraped,2026-07-07T02:02:07.813931,
7499d3936f8415ab,https://gt.linkedin.com/jobs/view/executive-assistant-guatemala-at-athena-4435524573,Executive Assistant - Guatemala,,scraped,2026-07-07T02:02:14.285169,
27a140cced8f5a93,https://gt.linkedin.com/jobs/view/asesor-a-integral-t2-en-agencia-antigua-telares-at-bam-4437199886,ASESOR/A INTEGRAL (T2) EN AGENCIA ANTIGUA TELARES,,scraped,2026-07-07T02:02:20.676878,
b9aac2615f17bd9c,https://gt.linkedin.com/jobs/view/asesor-a-integral-en-agencia-centranorte-t2-at-bam-4435389224,ASESOR/A INTEGRAL EN AGENCIA CENTRANORTE (T2),,scraped,2026-07-07T02:02:27.334634,
194d62137c1a25e5,https://gt.linkedin.com/jobs/view/t%C3%A9cnico-de-mantenimiento-el%C3%A9ctrico-e-instrumentaci%C3%B3n-guatemala-p-h-palo-viejo-at-enel-colombia-4435181275,TÉCNICO DE MANTENIMIENTO ELÉCTRICO E INSTRUMENTACIÓN - GUATEMALA - P H PALO VIEJO,,scraped,2026-07-07T02:02:33.877934,
82c4de079236b419,https://gt.linkedin.com/jobs/view/senior-data-scientist-id71658-at-agileengine-4435474307,Senior Data Scientist ID71658,AgileEngine,posted,2026-07-07T02:02:47.595161,213
fe13c92299bd2426,https://gt.linkedin.com/jobs/view/ejecutivo-inplant-at-wtw-4437448068,Ejecutivo Inplant,WTW,posted,2026-07-07T02:03:00.549678,215
9b53cdbd3b864c65,https://gt.linkedin.com/jobs/view/payroll-manager-at-solvo-global-careers-4430283559,Payroll Manager,,scraped,2026-07-07T02:03:03.282016,
f0401a93f90261e5,https://gt.linkedin.com/jobs/view/associate-c2c-collections-process-expert-at-capgemini-4436377367,Associate C2C Collections Process Expert,,scraped,2026-07-07T02:03:10.566784,
95e82cbe4cca7fff,https://gt.linkedin.com/jobs/view/gerente-de-construcci%C3%B3n-at-cinco-tierras-4436061016,Gerente de Construcción,,scraped,2026-07-07T02:03:17.126679,
a27602e7a16b90cc,https://gt.linkedin.com/jobs/view/analista-de-sap-at-industrias-san-miguel-4420169140,Analista de SAP,,scraped,2026-07-07T02:03:24.274104,
f23d8b8be0ee422d,https://gt.linkedin.com/jobs/view/associate-c2c-collections-process-expert-at-capgemini-4437475836,Associate C2C Collections Process Expert,,scraped,2026-07-07T02:03:33.015779,
a4244b5711c86aa5,https://gt.linkedin.com/jobs/view/associate-c2c-collections-process-expert-at-capgemini-4437415878,Associate C2C Collections Process Expert,,scraped,2026-07-07T02:03:39.502395,
ea1a910233d78b7a,https://gt.linkedin.com/jobs/view/consultor-a-senior-sap-wms-%E2%80%93-it-business-partner-solution-architect-ingl%C3%A9s-c1-%E2%80%93-remoto-internacional-guatemala-at-sapindex-4436797172,Consultor/a Senior SAP WMS – IT Business Partner / Solution Architect - Inglés C1 – Remoto Internacional - Guatemala,,scraped,2026-07-07T02:03:45.874151,
602440ab24b9e414,https://gt.linkedin.com/jobs/view/consultor-a-senior-sap-qm-%E2%80%93-it-business-partner-solution-architect-ingl%C3%A9s-c1-%E2%80%93-remoto-internacional-guatemala-at-sapindex-4436794202,Consultor/a Senior SAP QM – IT Business Partner / Solution Architect - Inglés C1 – Remoto Internacional - Guatemala,,scraped,2026-07-07T02:03:53.272182,
a289d3e43f98014d,https://gt.linkedin.com/jobs/view/senior-computer-vision-engineer-id72408-at-agileengine-4435305427,Senior Computer Vision Engineer ID72408,AgileEngine,posted,2026-07-07T02:04:21.286346,217
21994dfb0c469286,https://gt.linkedin.com/jobs/view/managed-learning-services-instructional-designer-at-telus-digital-4417474869,"Managed Learning Services, Instructional Designer",,scraped,2026-07-07T02:04:24.019357,
772ba5767d0e6f0d,https://gt.linkedin.com/jobs/view/ai-google-ads-digital-practitioner-guatemala-at-telus-digital-4435845649,"AI,  Google Ads Digital Practitioner - Guatemala",,scraped,2026-07-07T02:04:31.080681,
cbca3baa9f0515a0,https://gt.linkedin.com/jobs/view/data-engineer-at-perform-4415707272,Data Engineer,,scraped,2026-07-07T02:04:37.579010,
5e84eb1616b01bc0,https://gt.linkedin.com/jobs/view/middle-full-stack-engineer-franchise-menu-id74267-at-agileengine-4434336616,Middle Full Stack Engineer - Franchise Menu ID74267,AgileEngine,posted,2026-07-07T02:05:22.001468,219
6181a59ce8eb2507,https://gt.linkedin.com/jobs/view/real-time-analyst-rta-at-atento-4431965435,Real Time Analyst (RTA),Atento,posted,2026-07-07T02:05:35.285373,221
c637bbddc9fe7222,https://gt.linkedin.com/jobs/view/payroll-specialist-at-athena-4434638630,Payroll Specialist,,scraped,2026-07-07T02:05:37.951535,
0d3aad654420430e,https://gt.linkedin.com/jobs/view/qa-test-engineer-temporal-at-zigi-app-4436270156,QA Test Engineer (Temporal),Zigi App,posted,2026-07-07T02:05:54.828640,223
eac0e2fdd4202ccf,https://gt.linkedin.com/jobs/view/agentic-product-designer-remote-latin-america-at-fullstack-4417322818,Agentic Product Designer - Remote - Latin America,FullStack,posted,2026-07-07T02:06:04.064486,225
c5dbc02db5810d24,https://gt.linkedin.com/jobs/view/banking-industry-solutions-specialist-at-deloitte-4435184013,Banking Industry Solutions Specialist,Deloitte,posted,2026-07-07T02:06:20.751452,227
29e4d67f1d1bcd65,https://gt.linkedin.com/jobs/view/payroll-controller-specialist-at-athena-4434649469,Payroll/Controller Specialist,,scraped,2026-07-07T02:06:23.391943,
6256d6b922bba4b8,https://gt.linkedin.com/jobs/view/full-stack-engineer-id67833-at-agileengine-4435885615,Full Stack Engineer ID67833,AgileEngine,posted,2026-07-07T02:06:40.968796,229
b865547f09dcf675,https://gt.linkedin.com/jobs/view/service-delivery-leader-at-applaudo-4437414785,Service Delivery Leader,,scraped,2026-07-07T02:06:43.797645,
a01ebdc63cd18ae3,https://gt.linkedin.com/jobs/view/sales-manager-at-cloudbeds-4437490024,Sales Manager,,scraped,2026-07-07T02:06:50.379664,
179d473ca60b5f62,https://gt.linkedin.com/jobs/view/ejecutiva-de-ventas-b2b-4425939438,Ejecutiva de ventas B2B,Ecotoner - Cartuchos Para Impresoras,posted,2026-07-07T02:07:23.135789,231
6e7b7670c8cda6bf,https://gt.linkedin.com/jobs/view/accounting-tax-senior-para-firma-de-auditor%C3%ADa-at-grupo-cfe-4436434634,Accounting Tax Senior para Firma de Auditoría,Grupo CFE,posted,2026-07-07T02:07:35.833261,233
ea3166c115c25e16,https://gt.linkedin.com/jobs/view/ingeniero-de-implementaci%C3%B3n-de-ciberseguridad-at-setesa-4437428700,Ingeniero de implementación de ciberseguridad,,scraped,2026-07-07T02:07:38.470510,
cf8d3cd7e4327b41,https://gt.linkedin.com/jobs/view/ehrenamtliches-praktikum-im-kinderdorf-in-guatemala-at-stiftung-kinderzukunft-4432766826,Ehrenamtliches Praktikum im Kinderdorf in Guatemala,,scraped,2026-07-07T02:07:45.303631,
5c2010d0f08e1c7e,https://gt.linkedin.com/jobs/view/senior-qa-automation-engineer-playwright-mobile-at-applaudo-4436167273,Senior QA Automation Engineer (Playwright & Mobile),,scraped,2026-07-07T02:07:53.146878,
74a5af765443504b,https://gt.linkedin.com/jobs/view/first-gen-recursos-humanos-programa-de-pr%C3%A1cticas-at-pepsico-4436901193,First Gen Recursos Humanos (Programa de Prácticas),,scraped,2026-07-07T02:07:59.486832,
452bb00ab5af0669,https://gt.linkedin.com/jobs/view/agentic-product-designer-remote-latin-america-at-fullstack-4417338479,Agentic Product Designer - Remote - Latin America,,scraped,2026-07-07T02:08:14.145481,
ba3e55ba77559aa9,https://gt.linkedin.com/jobs/view/senior-backend-engineer-id72455-at-agileengine-4437448597,Senior Backend Engineer ID72455,AgileEngine,posted,2026-07-07T02:08:30.423753,235
b1190548e1c3776d,https://gt.linkedin.com/jobs/view/middle-mobile-engineer-pos-application-franchise-id74263-at-agileengine-4434616629,Middle Mobile Engineer - POS Application - Franchise ID74263,AgileEngine,posted,2026-07-07T02:08:44.150030,237
d3f9c5933d862413,https://gt.linkedin.com/jobs/view/hubspot-revenue-operations-manager-systems-builder-at-savvital-4431979344,HubSpot Revenue Operations Manager (Systems Builder),,scraped,2026-07-07T02:08:47.034957,
d55e508386a0d133,https://gt.linkedin.com/jobs/view/middle-mobile-engineer-pos-application-franchise-id74264-at-agileengine-4434603964,Middle Mobile Engineer - POS Application - Franchise ID74264,AgileEngine,posted,2026-07-07T02:09:48.301423,239
f9b183916fe72800,https://gt.linkedin.com/jobs/view/business-development-representative-new-business-datech-solutions-at-td-synnex-multi-country-area-english-4425385295,Business Development Representative - New Business - (Datech Solutions),,scraped,2026-07-07T02:09:50.903048,
35e7f4032150cc06,https://gt.linkedin.com/jobs/view/technical-sales-consultant-el-salvador-guatemala-at-telus-digital-4417468969,Technical Sales Consultant - El Salvador & Guatemala,,scraped,2026-07-07T02:10:02.441889,
abff569227583422,https://gt.linkedin.com/jobs/view/t%C3%A9cnico-de-revisiones-de-equipos-instalados-tins-at-manpowergroup-4434655886,Técnico de Revisiones de Equipos Instalados TINs,,scraped,2026-07-07T02:10:09.063556,
fb40b9c9fa89eda6,https://gt.linkedin.com/jobs/view/agentic-product-designer-remote-latin-america-at-fullstack-4417335520,Agentic Product Designer - Remote - Latin America,,scraped,2026-07-07T02:10:28.022552,
ec1e34305697abed,https://gt.linkedin.com/jobs/view/abogado-biling%C3%BCe-at-azc-abogados-4435847229,Abogado Bilingüe,,scraped,2026-07-07T02:10:35.501335,
b5e88a4beaa25fb3,https://gt.linkedin.com/jobs/view/brigadista-at-confidencial-4437466523,Brigadista,Confidencial,posted,2026-07-07T02:10:59.757700,241
1b69c285c983bbb6,https://gt.linkedin.com/jobs/view/senior-full-stack-engineer-id74259-at-agileengine-4434336222,Senior Full Stack Engineer ID74259,AgileEngine,posted,2026-07-07T02:11:48.276818,243
dfc6ceb9bce7f061,https://gt.linkedin.com/jobs/view/platform-analyst-at-telus-digital-4417484274,Platform Analyst,,scraped,2026-07-07T02:11:50.926827,
809f7e0fcaf7203a,https://gt.linkedin.com/jobs/view/senior-software-engineer-id73087-at-agileengine-4436907937,Senior Software Engineer ID73087,AgileEngine,posted,2026-07-07T02:12:28.300826,245
e4e24df6464365fe,https://gt.linkedin.com/jobs/view/finance-applications-development-analyst-guatemala-el-salvador-at-telus-digital-4417468973,"Finance, Applications Development Analyst - Guatemala & El Salvador",,scraped,2026-07-07T02:12:31.016147,
e0d8150b857f4f15,https://gt.linkedin.com/jobs/view/energy-sales-solutions-specialist-at-telus-digital-4416630971,Energy Sales Solutions Specialist,,scraped,2026-07-07T02:12:37.629043,
5f10866e90f23ca3,https://gt.linkedin.com/jobs/view/m%C3%A9dico-nefr%C3%B3logo-at-vantive-4433467259,Médico Nefrólogo,,scraped,2026-07-07T02:12:44.376514,
70b16aa1ec80df95,https://gt.linkedin.com/jobs/view/senior-tableau-developer-id69195-at-agileengine-4436405263,Senior Tableau Developer ID69195,AgileEngine,posted,2026-07-07T02:13:03.741510,247
734f401bf0570193,https://gt.linkedin.com/jobs/view/app-dev-support-engineer-iii-at-conduent-4436187256,App Dev & Support Engineer III,,scraped,2026-07-07T02:13:06.410577,
a66b70a3d161ab0c,https://gt.linkedin.com/jobs/view/tech-lead-sanity-cms-remote-latin-america-at-fullstack-4427094800,Tech Lead (Sanity CMS) - Remote - Latin America,,scraped,2026-07-07T02:13:34.432200,
f4f5a6dd7ae1beb1,https://gt.linkedin.com/jobs/view/senior-qa-automation-engineer-python-selenium-pytest-at-3pillar-4436179179,Senior QA Automation Engineer (Python | Selenium | Pytest),,scraped,2026-07-07T02:13:41.856898,
49df830a411ef4d7,https://gt.linkedin.com/jobs/view/accounting-services-associate-iii-at-conduent-4395247820,Accounting Services Associate III,Conduent,posted,2026-07-07T02:13:55.968899,249
1eb9fa5b0e262dae,https://gt.linkedin.com/jobs/view/et-oic-oracle-developer-at-plan-a-technologies-4416722360,ET OIC Oracle Developer,Plan A Technologies,posted,2026-07-07T02:14:05.945950,251
1612dfe8fc2701fa,https://gt.linkedin.com/jobs/view/agentic-aws-devops-engineer-remote-latin-america-at-fullstack-4407586815,Agentic AWS DevOps Engineer - Remote - Latin America,FullStack,posted,2026-07-07T02:14:16.112574,253
091e4ca3fb71b82b,https://gt.linkedin.com/jobs/view/tech-lead-sanity-cms-remote-latin-america-at-fullstack-4427093861,Tech Lead (Sanity CMS) - Remote - Latin America,,scraped,2026-07-07T02:14:18.893981,
9728d63b46768e1c,https://gt.linkedin.com/jobs/view/agentic-aws-devops-engineer-remote-latin-america-at-fullstack-4407593440,Agentic AWS DevOps Engineer - Remote - Latin America,,scraped,2026-07-07T02:14:45.570454,
922120525c8fa9bb,https://gt.linkedin.com/jobs/view/aws-devops-engineer-linux-remote-latin-america-at-fullstack-4435322855,AWS DevOps Engineer (Linux) - Remote - Latin America,,scraped,2026-07-07T02:15:12.183370,
cecd55de1246518c,https://gt.linkedin.com/jobs/view/tech-lead-sanity-cms-remote-latin-america-at-fullstack-4427110421,Tech Lead (Sanity CMS) - Remote - Latin America,,scraped,2026-07-07T02:15:29.664157,
b875fba05e869e9c,https://gt.linkedin.com/jobs/view/mid-level-cms-engineer-sanity-remote-latin-america-at-fullstack-4434640168,Mid-Level CMS Engineer (Sanity) - Remote - Latin America,FullStack,posted,2026-07-07T02:17:12.966372,255
977a5a47b8d40a23,https://gt.linkedin.com/jobs/view/mid-level-cms-engineer-sanity-remote-latin-america-at-fullstack-4434627865,Mid-Level CMS Engineer (Sanity) - Remote - Latin America,,scraped,2026-07-07T02:17:15.760276,
be600b04673c2268,https://gt.linkedin.com/jobs/view/tech-lead-sanity-cms-remote-latin-america-at-fullstack-4427092829,Tech Lead (Sanity CMS) - Remote - Latin America,,scraped,2026-07-07T02:17:30.560765,
968355aa225952f6,https://gt.linkedin.com/jobs/view/qa-automation-engineer-node-js-distributed-systems-at-applaudo-4436130680,QA Automation Engineer (Node.js & Distributed Systems),,scraped,2026-07-07T02:17:44.952158,
fffdea0778fa9d06,https://gt.linkedin.com/jobs/view/tech-lead-sanity-cms-remote-latin-america-at-fullstack-4427105644,Tech Lead (Sanity CMS) - Remote - Latin America,,scraped,2026-07-07T02:17:51.624110,
bd8ceeaaee63bfe8,https://gt.linkedin.com/jobs/view/principal-data-engineer-remote-latin-america-at-fullstack-4436437183,Principal Data Engineer - Remote - Latin America,,scraped,2026-07-07T02:18:17.354698,
af745c9af4e62032,https://gt.linkedin.com/jobs/view/principal-data-engineer-remote-latin-america-at-fullstack-4436432397,Principal Data Engineer - Remote - Latin America,,scraped,2026-07-07T02:18:32.547554,
6a9f87c3451ae480,https://gt.linkedin.com/jobs/view/principal-data-engineer-remote-latin-america-at-fullstack-4436431408,Principal Data Engineer - Remote - Latin America,FullStack,posted,2026-07-07T02:19:11.989511,257
b381dd703a200043,https://gt.linkedin.com/jobs/view/mensajero-at-identity-guatemala-4434504295,Mensajero,,scraped,2026-07-07T12:21:19.847779,
45a877f004363d23,https://gt.linkedin.com/jobs/view/accounts-payable-specialist-at-concentrix-4348231920,Accounts Payable Specialist,Concentrix,posted,2026-07-07T12:21:50.458627,259
0b78947f04b45e41,https://gt.linkedin.com/jobs/view/procurement-specialist-at-confidential-careers-4436798415,Procurement Specialist,,scraped,2026-07-07T12:21:53.150352,
5177d2f763d519e1,https://gt.linkedin.com/jobs/view/real-time-analyst-at-intouchcx-4434390948,Real Time Analyst,,scraped,2026-07-07T12:22:00.244323,
5dc2243e53b61345,https://gt.linkedin.com/jobs/view/sr-paid-media-at-pacifiko-4437127033,Sr. Paid Media,,scraped,2026-07-07T12:22:09.031586,
676042fbfaf92b47,https://gt.linkedin.com/jobs/view/bodeguero-repuestos-at-corporaci%C3%B3n-jwt-4435369520,Bodeguero - Repuestos,CORPORACIÓN / JWT,posted,2026-07-07T12:22:55.681157,261
963bc47014c4df11,https://gt.linkedin.com/jobs/view/ejecutivo-a-de-atracci%C3%B3n-del-talento-at-confidential-4433954844,Ejecutivo/a de Atracción del Talento,Confidential,posted,2026-07-07T12:23:12.351118,263
8b5d66d2e83fc45b,https://gt.linkedin.com/jobs/view/gtm-sales-recruiter-at-podium-4416988256,GTM/ Sales Recruiter,Podium,posted,2026-07-07T12:23:26.177362,265
e734a984ab1d6071,https://gt.linkedin.com/jobs/view/gestor-a-de-cobros-domiciliar-en-departamento-de-mora-administrativa-at-bam-4436108500,GESTOR/A DE COBROS DOMICILIAR EN DEPARTAMENTO DE MORA ADMINISTRATIVA,,scraped,2026-07-07T12:23:28.806001,
d50c8e4cb0e93b0f,https://gt.linkedin.com/jobs/view/asistente-de-veh%C3%ADculos-e-inspecciones-at-env%C3%ADos-4436925194,Asistente de Vehículos e inspecciones,envíos,posted,2026-07-07T12:23:53.239251,267
67de32a7f37f6035,https://gt.linkedin.com/jobs/view/disease-area-specialist-at-ferrer-4436245889,Disease Area Specialist,,scraped,2026-07-07T12:23:55.917875,
abdb8e5a202f676c,https://gt.linkedin.com/jobs/view/contratamos-guardia-conserje-zona-9-at-asesor%C3%ADa-integral-4436965625,Contratamos Guardia Conserje  Zona 9,Asesoría Integral,posted,2026-07-07T12:24:17.919510,269
c58710d8de4efceb,https://gt.linkedin.com/jobs/view/auxiliar-de-despacho-jutiapa-at-cargill-4427557879,Auxiliar de Despacho - Jutiapa,Cargill,posted,2026-07-07T12:24:30.403941,271
e34887e396fa515f,https://gt.linkedin.com/jobs/view/estamos-contratando-bodeguero-zona-12-at-asesor%C3%ADa-integral-4436979243,Estamos contratando Bodeguero Zona 12,Asesoría Integral,posted,2026-07-07T12:24:40.039265,273
2f2d21f12c130a66,https://gt.linkedin.com/jobs/view/analista-de-compras-at-identity-guatemala-4431995113,Analista de compras,Identity Guatemala,posted,2026-07-07T12:25:26.299325,275
f5ef64a9976d8444,https://gt.linkedin.com/jobs/view/analista-de-control-logistico-at-ambev-4435318636,Analista de Control Logistico,Ambev,posted,2026-07-07T12:25:41.899702,277
c467a4ca7af071ff,https://gt.linkedin.com/jobs/view/auxiliar-de-bodega-proyectos-zona-10-y-14-at-hrm-consulting-4436268932,Auxiliar de bodega - proyectos zona 10 y 14,,scraped,2026-07-07T12:25:44.450338,
029421ec73943815,https://gt.linkedin.com/jobs/view/l%C3%ADder-de-equipo-de-ventas-at-tripleten-indonesia-4433139256,Líder de Equipo de Ventas,TripleTen Indonesia,posted,2026-07-07T12:26:04.768169,279
a4da3b7c2f170407,https://gt.linkedin.com/jobs/view/monitora-de-bus-escolar-temporal-zona-16-at-grupo-helvetica-4436163155,Monitora de bus escolar TEMPORAL - zona 16,Grupo Helvetica,posted,2026-07-07T12:26:16.827988,281
51e195e0c72ec682,https://gt.linkedin.com/jobs/view/asistente-contable-zona-11-at-identity-guatemala-4433734884,Asistente Contable Zona 11,,scraped,2026-07-07T12:26:27.422534,
5cffd7a455a3a54e,https://gt.linkedin.com/jobs/view/supervisor-de-control-de-calidad-sector-retail-at-conecta-reclutamiento-4436268929,SUPERVISOR DE CONTROL DE  CALIDAD  -SECTOR RETAIL-,Conecta Reclutamiento,posted,2026-07-07T12:26:49.461893,283
1c92d740654d8340,https://gt.linkedin.com/jobs/view/atenci%C3%B3n-al-cliente-temporal-at-identity-guatemala-4433716599,Atención al cliente (Temporal),,scraped,2026-07-07T12:26:52.051164,
2b07fbd4bafd1ab2,https://gt.linkedin.com/jobs/view/coordinador-de-marketing-calzada-la-paz-at-identity-guatemala-4431987594,Coordinador de Marketing / Calzada La Paz,,scraped,2026-07-07T12:27:06.961438,
2e1820840a8f5966,https://gt.linkedin.com/jobs/view/asistente-contable-administrativo-at-identity-guatemala-4432782669,Asistente Contable Administrativo,,scraped,2026-07-07T12:27:20.950382,
b39932788d1c1e05,https://gt.linkedin.com/jobs/view/asesor-financiero-banco-azteca-san-benito-at-grupo-salinas-guatemala-4432379907,"Asesor Financiero Banco Azteca, San Benito",Grupo Salinas Guatemala,posted,2026-07-07T12:27:41.919723,285
46a7a8540997fea5,https://gt.linkedin.com/jobs/view/business-development-executive-at-ground-game-4436789797,Business Development Executive,Ground Game,posted,2026-07-07T12:27:49.518555,287
5416d14e5ff0c1da,https://gt.linkedin.com/jobs/view/dibujante-at-grupo-manico-s-a-4436442328,Dibujante,,scraped,2026-07-07T12:27:52.092031,
1e25818ef737ebeb,https://gt.linkedin.com/jobs/view/supply-chain-manager-at-sucafina-4436769769,Supply Chain Manager,,scraped,2026-07-07T12:27:59.157351,
f591885c7bf18236,https://gt.linkedin.com/jobs/view/general-ledger-accounting-sme-at-concentrix-4348092974,General Ledger Accounting SME,Concentrix,posted,2026-07-07T12:28:17.677117,289
008b14fa616c687d,https://gt.linkedin.com/jobs/view/ejecutivo-de-cobro-telef%C3%B3nico-at-istaff-guatemala-4436012058,Ejecutivo de cobro telefónico,,scraped,2026-07-07T12:28:24.318190,
77eecfa903ceaef7,https://gt.linkedin.com/jobs/view/offensive-security-engineer-at-applaudo-4437427446,Offensive Security Engineer,,scraped,2026-07-07T12:28:32.551001,
5727534498fa5025,https://gt.linkedin.com/jobs/view/logistics-service-procurement-engineer-at-beijing-foreign-enterprise-management-consultants-co-ltd-4437424648,Logistics Service Procurement Engineer,"Beijing Foreign Enterprise Management Consultants Co.,Ltd.",posted,2026-07-07T12:28:45.306985,291
3d1786a3e33d9ed1,https://gt.linkedin.com/jobs/view/operations-coordinator-at-the-auctus-group-4437748412,Operations Coordinator,The Auctus Group,posted,2026-07-07T12:28:57.031932,293
95dd402abe80d059,https://gt.linkedin.com/jobs/view/piloto-poseer-licencias-m-y-c-y-motocicleta-propia-at-biogroup-4436289148,Piloto- poseer licencias M y C y motocicleta propia,,scraped,2026-07-07T12:28:59.622138,
498930fef9ed93a6,https://gt.linkedin.com/jobs/view/asistente-administrativo-de-proyectos-at-heifer-international-4433710377,Asistente Administrativo de Proyectos,Heifer International,posted,2026-07-07T12:29:19.330838,295
f131cacb039144f7,https://gt.linkedin.com/jobs/view/promotor-de-creditos-at-cooperativa-guadalupana-4435816820,Promotor de creditos,,scraped,2026-07-07T12:29:21.923724,
300a2dbcca780265,https://gt.linkedin.com/jobs/view/social-media-content-creator-at-wild-4436334975,Social Media Content Creator,,scraped,2026-07-07T12:29:29.945873,
baf2b53b8848ad90,https://gt.linkedin.com/jobs/view/data-engineer-at-perform-4406415192,Data Engineer,Perform,posted,2026-07-07T12:29:42.680758,297
18ba4fe60a148e19,https://gt.linkedin.com/jobs/view/blockchain-engineer-remote-work-at-bairesdev-4436227707,Blockchain Engineer - Remote Work,BairesDev,posted,2026-07-07T12:29:53.073021,299
534127e076c92358,https://gt.linkedin.com/jobs/view/auxiliar-de-cocina-at-identity-guatemala-4431984764,Auxiliar de Cocina,,scraped,2026-07-07T12:30:05.622756,
9474f7a32e9c12eb,https://gt.linkedin.com/jobs/view/auxiliar-de-cocina-at-identity-guatemala-4431982756,Auxiliar de Cocina,,scraped,2026-07-07T12:30:38.186472,
4bfcee4ef78b540e,https://gt.linkedin.com/jobs/view/operario-conservaci%C3%B3n-industrial-at-corporaci%C3%B3n-multi-inversiones-4433774749,Operario Conservación Industrial,CMI-Corporación Multi Inversiones,posted,2026-07-07T12:31:04.099271,301
fa91bb29e428d2af,https://gt.linkedin.com/jobs/view/auxiliar-de-cocina-at-identity-guatemala-4431986677,Auxiliar de Cocina,Identity Guatemala,posted,2026-07-07T12:31:43.500979,303
2fd4a2db13d05362,https://gt.linkedin.com/jobs/view/tech-lead-sanity-cms-remote-latin-america-at-fullstack-4427095781,Tech Lead (Sanity CMS) - Remote - Latin America,FullStack,posted,2026-07-07T12:31:52.896208,305
e15409a99831af61,https://gt.linkedin.com/jobs/view/agentic-elixir-engineer-remote-latin-america-at-fullstack-4388202430,Agentic Elixir Engineer - Remote - Latin America,FullStack,posted,2026-07-07T12:31:58.482500,109
9c7f66015a3d5c4b,https://gt.linkedin.com/jobs/view/agentic-product-designer-remote-latin-america-at-fullstack-4417327770,Agentic Product Designer - Remote - Latin America,FullStack,posted,2026-07-07T12:32:07.924343,225
06da95b4a8bf35c0,https://gt.linkedin.com/jobs/view/wellbeing-facilitator-guatemala-at-telus-digital-4436425957,Wellbeing Facilitator - Guatemala,,scraped,2026-07-07T12:32:10.749691,
863a9ff9eb2cb81c,https://gt.linkedin.com/jobs/view/tech-lead-sanity-cms-remote-latin-america-at-fullstack-4427090888,Tech Lead (Sanity CMS) - Remote - Latin America,FullStack,posted,2026-07-07T12:32:22.502685,305
3cabab9cf1bb1a47,https://gt.linkedin.com/jobs/view/operario-de-producci%C3%B3n-1-at-corporaci%C3%B3n-multi-inversiones-4433733212,Operario de Producción 1,CMI-Corporación Multi Inversiones,posted,2026-07-07T12:32:37.832884,307
6ce317ee71033f69,https://gt.linkedin.com/jobs/view/operador-de-producci%C3%B3n-3-at-corporaci%C3%B3n-multi-inversiones-4433916369,Operador de Producción 3,CMI-Corporación Multi Inversiones,posted,2026-07-07T12:32:58.135197,309
034032db06d46f71,https://gt.linkedin.com/jobs/view/contratamos-coordinador-de-rutas-zona-12-at-asesor%C3%ADa-integral-4436967584,Contratamos Coordinador de Rutas Zona 12,Asesoría Integral,posted,2026-07-07T12:33:06.816467,311
5defdbb043d30d8b,https://gt.linkedin.com/jobs/view/tech-lead-sanity-cms-remote-latin-america-at-fullstack-4427099730,Tech Lead (Sanity CMS) - Remote - Latin America,FullStack,posted,2026-07-07T12:33:11.607683,305
3edde2f8b3bc28df,https://gt.linkedin.com/jobs/view/auxiliar-de-bodega-at-identity-guatemala-4433994911,Auxiliar de bodega,Identity Guatemala,posted,2026-07-07T12:33:50.580116,313
b3177bc08d32f539,https://gt.linkedin.com/jobs/view/operador-a-i-c-guatemala-at-cargill-4433197877,Operador(a) I - C. Guatemala,Cargill,posted,2026-07-07T12:34:02.511211,315
ce6726b92bc53620,https://gt.linkedin.com/jobs/view/lead-data-scientist-adtech-at-launch-potato-4435818295,"Lead Data Scientist, AdTech",Launch Potato,posted,2026-07-07T12:34:11.173535,317
3e3367a0a80e008a,https://gt.linkedin.com/jobs/view/auxiliar-de-bodega-at-identity-guatemala-4432384777,Auxiliar de bodega,Identity Guatemala,posted,2026-07-07T12:34:43.449517,313
78a53292a028b46c,https://gt.linkedin.com/jobs/view/project-manager-at-central-agr%C3%ADcola-4436449919,Project Manager,,scraped,2026-07-07T12:34:46.100441,
68597687341d4916,https://gt.linkedin.com/jobs/view/ayudante-de-almac%C3%A9n-at-elecsa-4435853340,Ayudante de almacén,,scraped,2026-07-07T12:34:53.077483,
b95dd9d1d0778e13,https://gt.linkedin.com/jobs/view/supervisor-junior-de-bodega-sector-retail-moda-manejo-de-sap-at-conecta-reclutamiento-4436289146,SUPERVISOR JUNIOR DE BODEGA SECTOR RETAIL MODA/ MANEJO DE SAP,Conecta Reclutamiento,posted,2026-07-07T12:35:09.701443,319
a55bddd64c85bb03,https://gt.linkedin.com/jobs/view/sales-operations-specialist-at-intouchcx-4435273337,Sales Operations Specialist,,scraped,2026-07-07T12:35:12.367740,
44c035a8044d6982,https://gt.linkedin.com/jobs/view/agentic-elixir-engineer-remote-latin-america-at-fullstack-4388211071,Agentic Elixir Engineer - Remote - Latin America,FullStack,posted,2026-07-07T12:35:21.035518,109
713dcdbc2cc47259,https://gt.linkedin.com/jobs/view/mid-level-cms-engineer-sanity-remote-latin-america-at-fullstack-4434645058,Mid-Level CMS Engineer (Sanity) - Remote - Latin America,FullStack,posted,2026-07-07T12:35:26.115353,255
5014035a96f6bf27,https://gt.linkedin.com/jobs/view/ejecutivo-de-afiliaciones-transportistas-at-truckslogic-4437713493,Ejecutivo de Afiliaciones/ Transportistas,,scraped,2026-07-07T12:35:30.812217,
522188f134ffd79f,https://gt.linkedin.com/jobs/view/ejecutivo-de-ventas-at-citymax-antigua-4437470147,Ejecutivo de ventas,,scraped,2026-07-07T12:35:51.917337,
50c83ddfce492716,https://gt.linkedin.com/jobs/view/analista-de-reclutamiento-regional-at-truckslogic-4437710520,Analista de Reclutamiento Regional,,scraped,2026-07-07T12:35:58.868801,
a6bbf4f566ec3f1d,https://gt.linkedin.com/jobs/view/ejecutivo-banca-corporativa-at-bac-4436797481,Ejecutivo Banca Corporativa,,scraped,2026-07-07T12:36:10.141302,
e58c6f8336e3d18b,https://gt.linkedin.com/jobs/view/analista-de-anal%C3%ADtica-y-crm-at-interbanco-guatemala-4437499579,Analista de Analítica y CRM,InterBanco Guatemala,posted,2026-07-07T12:36:28.800184,321
a4a30ef3c29908a8,https://gt.linkedin.com/jobs/view/reclutador-a-temporal-at-walmart-centroam%C3%A9rica-4436124033,RECLUTADOR (A) TEMPORAL,,scraped,2026-07-07T12:36:31.428127,
a20ec395afe54fa5,https://gt.linkedin.com/jobs/view/coordinador-comercial-sector-farma-at-manpowergroup-4434688375,Coordinador Comercial-Sector Farma,ManpowerGroup,posted,2026-07-07T12:36:48.001796,323
64ddbc7ac77d4978,https://gt.linkedin.com/jobs/view/record-your-daily-routine-get-paid-ai-training-remote-at-toloka-annotators-4437737847,Record Your Daily Routine & Get Paid - AI Training (Remote),Toloka Annotators,posted,2026-07-07T12:36:57.207150,325
5568054d37a2b43e,https://gt.linkedin.com/jobs/view/asesor-de-ventas-occidente-at-grupo-suca-4433720402,Asesor de Ventas Occidente,,scraped,2026-07-07T12:37:01.842387,
849f767835d726aa,https://gt.linkedin.com/jobs/view/asistente-de-compras-y-activos-fijos-para-fraijanes-at-eshop-group-4433990512,Asistente de Compras y Activos Fijos - Para Fraijanes,,scraped,2026-07-07T12:37:10.725091,
74fae774273baf42,https://gt.linkedin.com/jobs/view/record-your-daily-routine-get-paid-ai-training-remote-at-toloka-annotators-4437743611,Record Your Daily Routine & Get Paid - AI Training (Remote),Toloka Annotators,posted,2026-07-07T12:37:21.808913,325
b4f74d3428f2c9bd,https://gt.linkedin.com/jobs/view/productor-especializado-en-audio-profesional-at-identity-guatemala-4433723370,Productor Especializado En Audio Profesional,Identity Guatemala,posted,2026-07-07T12:38:00.486998,327
15cf81e9546e8541,https://gt.linkedin.com/jobs/view/asesor-de-ventas-nocturno-temporal-at-renta-autos-de-guatemala-4434511068,Asesor de ventas nocturno (Temporal),,scraped,2026-07-07T12:38:07.073048,
4ca269d522130ecb,https://gt.linkedin.com/jobs/view/asesora-de-ventas-at-identity-guatemala-4433993957,Asesora de Ventas,Identity Guatemala,posted,2026-07-07T12:38:43.895317,329
7d40afae475283f6,https://gt.linkedin.com/jobs/view/ingeniero-a-quimico-trainee-at-identity-guatemala-4433701009,Ingeniero/a Quimico Trainee,Identity Guatemala,posted,2026-07-07T12:39:22.896398,331
bd72a2fbf751fe1c,https://gt.linkedin.com/jobs/view/asesor-tecnico-servicio-al-cliente-chimaltenango-at-grupo-distelsa-4433144843,ASESOR TECNICO - SERVICIO AL CLIENTE (CHIMALTENANGO),Grupo Distelsa,posted,2026-07-07T12:39:38.005832,333
efcdf578a27541ca,https://gt.linkedin.com/jobs/view/auxiliar-iii-de-seguridad-en-el-trabajo-en-departamento-de-bienestar-at-bam-4436418676,AUXILIAR III DE SEGURIDAD EN EL TRABAJO EN DEPARTAMENTO DE BIENESTAR,,scraped,2026-07-07T12:39:40.608115,
980dfb7eaa0e0963,https://gt.linkedin.com/jobs/view/t%C3%A9cnico-de-revisiones-tins-at-sba-communications-4427212168,Técnico de Revisiones TINs,SBA Communications,posted,2026-07-07T12:39:53.961641,335
1be5f016b565710e,https://gt.linkedin.com/jobs/view/analista-de-control-de-pmo-at-magdalena-campo-para-crecer-4431986563,Analista de control de PMO,"Magdalena, Campo Para Crecer",posted,2026-07-07T12:40:03.325617,337
d5b57064379a2742,https://gt.linkedin.com/jobs/view/marketing-specialist-at-cs-outsource-4436227901,Marketing Specialist,CS Outsource,posted,2026-07-07T12:40:16.464308,339
d682ab8bb54e4e2a,https://gt.linkedin.com/jobs/view/gerente-de-auditoria-de-mercados-financieros-at-corporaci%C3%B3n-multi-inversiones-4436512103,Gerente de Auditoria de Mercados Financieros-,CMI-Corporación Multi Inversiones,posted,2026-07-07T12:40:28.327724,341
fade8710e1674d62,https://gt.linkedin.com/jobs/view/asesor-de-repuestos-y-servicios-occidente-at-staffing-solutions-group-4435358650,Asesor de Repuestos y Servicios - Occidente,Staffing Solutions Group,posted,2026-07-07T12:40:36.518468,343
053d17bd8883f85d,https://gt.linkedin.com/jobs/view/auditor-de-control-interno-de-activos-fijos-at-megapaca-4435246611,Auditor de control Interno de Activos Fijos,,scraped,2026-07-07T12:40:43.163193,
554b0c720787c326,https://gt.linkedin.com/jobs/view/innovation-project-lead-at-capgemini-4437781083,Innovation Project Lead,,scraped,2026-07-07T12:40:52.572902,
d4b41d40e88253e9,https://gt.linkedin.com/jobs/view/ejecutivo-sr-de-cuentas-clave-construcci%C3%B3n-maquinaria-pesada-y-equipos-acero-%E2%80%93-veh%C3%ADculo-propio-at-soluciona-rh-4437476828,"Ejecutivo Sr. de Cuentas Clave (construcción, maquinaria pesada y equipos, acero) – vehículo propio",,scraped,2026-07-07T12:40:59.025577,
a62f90b71e6b40b4,https://gt.linkedin.com/jobs/view/estamos-contratando-supervisor-de-ventas-escuintla-at-asesor%C3%ADa-integral-4436967587,Estamos Contratando Supervisor de Ventas Escuintla,Asesoría Integral,posted,2026-07-07T12:41:11.563637,345
04b4c956cae72c47,https://gt.linkedin.com/jobs/view/auxiliar-de-n%C3%B3minas-at-claro-guatemala-4437195991,Auxiliar de nóminas,,scraped,2026-07-07T12:41:16.200036,
cf4374e6e2e4d6cb,https://gt.linkedin.com/jobs/view/asesor-de-ventas-de-campo-at-identity-guatemala-4432396030,Asesor de Ventas de Campo,Identity Guatemala,posted,2026-07-07T12:41:59.441644,347
6db8db94f86ef9aa,https://gt.linkedin.com/jobs/view/docente-con-pem-en-matem%C3%A1tica-at-instituto-guatemalteco-americano-iga-4435325963,Docente con PEM EN Matemática,,scraped,2026-07-07T12:42:04.029859,
86a7f49adbc857a4,https://gt.linkedin.com/jobs/view/asesor-de-ventas-inmobiliario-at-intepro-4435383156,Asesor de Ventas Inmobiliario,,scraped,2026-07-07T12:42:14.508881,
757f766f01e12171,https://gt.linkedin.com/jobs/view/auxiliar-de-contabilidad-at-intepro-4435376336,Auxiliar de Contabilidad,,scraped,2026-07-07T12:42:21.550687,
5db499ff70aef45b,https://gt.linkedin.com/jobs/view/virtual-executive-assistant-remote-at-viva-talent-4437430208,Virtual Executive Assistant (Remote),Viva Talent,posted,2026-07-07T12:42:32.962092,349
55b1f06bef4a287b,https://gt.linkedin.com/jobs/view/ejecutivo-3pl-4348323165,Ejecutivo 3PL,Servicios Logisticos,posted,2026-07-07T12:42:41.590501,351
1b5b727faaaaf3c8,https://gt.linkedin.com/jobs/view/cfa-2026-032gt-asistente-de-monitoreo-y-evaluaci%C3%B3n-i-monitoring-and-evaluation-assistant-at-iom-un-migration-4437718525,CFA-2026-032GT- Asistente de Monitoreo y Evaluación I Monitoring and Evaluation Assistant,IOM - UN Migration,posted,2026-07-07T12:42:54.052802,353
022a05e45fd9458a,https://gt.linkedin.com/jobs/view/t%C3%A9cnico-soldador-villa-canales-at-gol%C3%A1n-4433971658,Técnico Soldador - Villa Canales,Golán,posted,2026-07-07T12:43:04.257542,355
7998ed5f8961f69c,https://gt.linkedin.com/jobs/view/asistente-de-planificaci%C3%B3n-at-rosul-4436459551,Asistente de Planificación,,scraped,2026-07-07T12:43:06.969790,
3088dfd284560293,https://gt.linkedin.com/jobs/view/aws-devops-engineer-linux-remote-latin-america-at-fullstack-4435323887,AWS DevOps Engineer (Linux) - Remote - Latin America,FullStack,posted,2026-07-07T12:43:25.316360,357
1dd791e59647a3aa,https://gt.linkedin.com/jobs/view/shipping-customer-service-specialist-at-telus-digital-4417484273,Shipping Customer Service Specialist,,scraped,2026-07-07T12:43:27.919054,
1ea1f93b8c91b8ae,https://gt.linkedin.com/jobs/view/agentic-aws-devops-engineer-remote-latin-america-at-fullstack-4407589800,Agentic AWS DevOps Engineer - Remote - Latin America,FullStack,posted,2026-07-07T12:43:37.066804,253
bc0dc1b917ea68b9,https://gt.linkedin.com/jobs/view/agentic-aws-devops-engineer-remote-latin-america-at-fullstack-4407572875,Agentic AWS DevOps Engineer - Remote - Latin America,FullStack,posted,2026-07-07T12:43:45.879224,253
48ec1f68755df60a,https://gt.linkedin.com/jobs/view/agentic-aws-devops-engineer-remote-latin-america-at-fullstack-4407574892,Agentic AWS DevOps Engineer - Remote - Latin America,FullStack,scraped,2026-07-07T12:43:50.006633,
d620e3b568028f38,https://gt.linkedin.com/jobs/view/agentic-product-designer-remote-latin-america-at-fullstack-4417339151,Agentic Product Designer - Remote - Latin America,FullStack,posted,2026-07-07T12:43:54.769566,225
17647bbe2828a149,https://gt.linkedin.com/jobs/view/lider-de-servicio-i-en-agencia-san-juan-sac-at-bam-4436466740,LIDER DE SERVICIO I EN AGENCIA SAN JUAN SAC,,scraped,2026-07-07T12:43:57.433556,
520152f765bc2c6b,https://gt.linkedin.com/jobs/view/t%C3%A9cnico-en-sistemas-y-redes-at-sonda-4433500425,Técnico en Sistemas y Redes,,scraped,2026-07-07T12:44:03.821211,
6c4cca5cab6d100a,https://gt.linkedin.com/jobs/view/ejecutivo-de-ventas-at-banco-promerica-guatemala-4437431722,Ejecutivo De Ventas,,scraped,2026-07-07T12:44:14.650826,
9715b6533fa48416,https://gt.linkedin.com/jobs/view/t%C3%A9cnico-de-servicios-at-agroredgt-4436956568,Técnico de servicios,,scraped,2026-07-07T12:44:23.683692,
05d6e42c240fe3e5,https://gt.linkedin.com/jobs/view/jefe-de-ventas-at-happymondays-com-gt-4436102093,Jefe de ventas,,scraped,2026-07-07T12:44:31.841836,
8637f530b12ce5fe,https://gt.linkedin.com/jobs/view/ejecutivo-de-ventas-de-servicios-de-log%C3%ADstica-freelance-at-mayan-shipping-4435384251,Ejecutivo de Ventas de Servicios de Logística Freelance,,scraped,2026-07-07T12:44:38.567446,
c9c2c40bc26ca4ea,https://gt.linkedin.com/jobs/view/ingeniero-civil-presupuestos-y-licitaciones-at-soluciones-en-rh%E2%99%BE%EF%B8%8F-recursos-humanos-4436787001,Ingeniero Civil - Presupuestos y licitaciones,Soluciones en RH♾️ Recursos Humanos,posted,2026-07-07T12:44:52.067193,359
15c90e2f25b8da7f,https://gt.linkedin.com/jobs/view/asistente-administrativo-e-implementador-de-software-at-disagro-4437472258,Asistente Administrativo e Implementador de Software,,scraped,2026-07-07T12:44:54.707784,
81071127cf6a687d,https://gt.linkedin.com/jobs/view/contable-fiscal-at-productos-papillon-4435828644,Contable fiscal,,scraped,2026-07-07T12:45:02.661787,
afd6c62212958a29,https://gt.linkedin.com/jobs/view/customer-service-specialist-at-hcltech-4434673951,Customer Service Specialist,,scraped,2026-07-07T12:45:09.250283,
6ec491af22486c08,https://gt.linkedin.com/jobs/view/support-supervisor-at-guesttek-interactive-entertainment-ltd-4433985111,Support Supervisor,,scraped,2026-07-07T12:45:16.251344,
4f4bae4c7b5a6afa,https://gt.linkedin.com/jobs/view/home-services-support-n-2-at-millicom-tigo-4437476525,Home Services Support N-2,,scraped,2026-07-07T12:45:27.127241,
43a7634644b6a571,https://gt.linkedin.com/jobs/view/docente-de-viol%C3%ADn-at-istaff-guatemala-4436004447,Docente de violín,,scraped,2026-07-07T12:45:33.720865,
cccbe90c1bd30e7d,https://gt.linkedin.com/jobs/view/analista-experiencia-del-cliente-13148-48701-at-grupo-ficohsa-hn-4429168676,ANALISTA EXPERIENCIA DEL CLIENTE (13148)(48701),Grupo Ficohsa HN,posted,2026-07-07T12:45:49.580382,361
53bd841aa5924fc1,https://gt.linkedin.com/jobs/view/product-owner-at-interfell-4434538466,Product Owner,Interfell,posted,2026-07-07T12:46:01.381431,363
b4dcf295185d162b,https://gt.linkedin.com/jobs/view/t%C3%A9cnico-en-mantenimiento-sin-exp-poseer-licencia-carro-y-moto-at-biogroup-4436271891,Técnico en mantenimiento (sin exp) - poseer licencia carro y moto,,scraped,2026-07-07T12:46:03.943440,
3083ad0e753ec0d1,https://gt.linkedin.com/jobs/view/auxiliar-de-cocina-at-identity-guatemala-4431991528,Auxiliar de Cocina,Identity Guatemala,posted,2026-07-07T12:46:43.871523,303
7e16203f0d350f73,https://gt.linkedin.com/jobs/view/gerente-de-operaciones-constructora-at-orange-talent-group-4435341286,Gerente de Operaciones Constructora,,scraped,2026-07-07T12:46:46.687656,
c1291455c7664c51,https://gt.linkedin.com/jobs/view/ejecutivo-telemarketing-mixco-at-reclutadora-de-talentos-4436769674,Ejecutivo Telemarketing Mixco,Reclutadora de Talentos,posted,2026-07-07T12:46:59.297381,365
8aded7e81edf998a,https://gt.linkedin.com/jobs/view/asesores-de-ventas-at-grupo-ea12df8r9ty-4435244627,Asesores de Ventas,Grupo ea12df8r9ty,posted,2026-07-07T12:47:13.055892,367
f37150614b689561,https://gt.linkedin.com/jobs/view/analista-de-estrategia-comercial-oficinas-centrales-at-grupo-distelsa-4433132573,ANALISTA DE ESTRATEGIA COMERCIAL - OFICINAS CENTRALES,Grupo Distelsa,posted,2026-07-07T12:47:24.871008,369
640e511b40433387,https://gt.linkedin.com/jobs/view/semi-senior-react-native-developer-remote-work-at-bairesdev-4436243193,Semi Senior React Native Developer - Remote Work,BairesDev,posted,2026-07-07T12:47:33.670307,371
b23ea797e9ec5176,https://gt.linkedin.com/jobs/view/full-stack-developer-python-at-perform-4398417160,Full Stack Developer (Python),Perform,posted,2026-07-07T12:47:41.390825,373
7378e44306897deb,https://gt.linkedin.com/jobs/view/asesor-de-cr%C3%A9ditos-consumo-at-banco-promerica-guatemala-4436121613,Asesor de créditos consumo,,scraped,2026-07-07T12:47:44.129484,
0a6169cdb043885f,https://gt.linkedin.com/jobs/view/asistente-financiero-at-jhpiego-4436275447,Asistente Financiero,Jhpiego,posted,2026-07-07T12:47:59.075092,375
b6bd330e1e01ac52,https://gt.linkedin.com/jobs/view/supervisor-de-ventas-caes-at-grupo-bimbo-4433706554,Supervisor de Ventas Caes,Grupo Bimbo,posted,2026-07-07T12:48:12.120448,377
7524877eedb11be0,https://gt.linkedin.com/jobs/view/contador-junior-at-almelsa-s-a-4436900270,Contador Junior,,scraped,2026-07-07T12:48:14.758542,
62a62be5215806fb,https://gt.linkedin.com/jobs/view/asesor-de-ventas-institucionales-sector-universidades-at-universidad-del-valle-de-guatemala-4435825996,Asesor de Ventas Institucionales - Sector Universidades,Universidad del Valle de Guatemala,posted,2026-07-07T12:48:29.552371,379
7e9dd73041681303,https://gt.linkedin.com/jobs/view/supervisor-de-revisiones-tins-at-sba-communications-4427214150,Supervisor de Revisiones TINs,SBA Communications,posted,2026-07-07T12:48:37.907836,381
bdfcd09e9fdc12a4,https://gt.linkedin.com/jobs/view/python-developer-at-empresa-confidencial-4437710109,Python Developer,Empresa Confidencial,posted,2026-07-07T12:49:00.146063,383
6f7f61091e5ee12f,https://gt.linkedin.com/jobs/view/accountant-at-lean-solutions-group-4437485009,Accountant,Lean Solutions Group,posted,2026-07-07T12:49:08.806004,385
82874642a2659112,https://gt.linkedin.com/jobs/view/dispatch-operator-analyst-at-millicom-tigo-4437482267,Dispatch Operator Analyst,,scraped,2026-07-07T12:49:11.437792,
b450111ddff0d772,https://gt.linkedin.com/jobs/view/contador-junior-para-firma-de-servicios-de-consultor%C3%ADa-contable-y-financiera-at-hr-consulting-4437128570,CONTADOR JUNIOR  para Firma de Servicios de consultoría Contable y Financiera,HR Consulting,posted,2026-07-07T12:49:25.844194,387
39f3da3b99ba05ba,https://gt.linkedin.com/jobs/view/colocador-a-at-identity-guatemala-4433751372,Colocador/a,Identity Guatemala,posted,2026-07-07T12:50:01.008231,389
56ab23ad34f8b4c0,https://gt.linkedin.com/jobs/view/soldadores-con-experiencia-armadores-y-llenadores-at-aceros-arquitectonicos-4435249564,Soldadores con experiencia armadores y llenadores,,scraped,2026-07-07T12:50:03.568399,
242294de2d2fbfa7,https://gt.linkedin.com/jobs/view/software-engineer-at-millicom-tigo-4436457260,Software Engineer,,scraped,2026-07-07T12:50:12.264498,
efd20c5f957314c8,https://gt.linkedin.com/jobs/view/administrador-de-tienda-at-ixcomercio-4437447734,Administrador de tienda,IXComercio,posted,2026-07-07T12:50:24.936649,391
b0e4341e752b15cd,https://gt.linkedin.com/jobs/view/arquitecto-de-proyectos-4437480607,Arquitecto de proyectos,Constructora OECC,posted,2026-07-07T12:50:33.941513,393
48c2323dcebd4b29,https://gt.linkedin.com/jobs/view/supervisor-customer-experience-at-conduent-4433055784,"Supervisor, Customer Experience",Conduent,posted,2026-07-07T12:50:42.677808,395
fddd544cd0c0b428,https://gt.linkedin.com/jobs/view/sustainable-finance-experts-at-ntu-international-a-s-4436761086,Sustainable Finance Experts,,scraped,2026-07-07T12:50:47.340699,
1d16c6bca89b10e9,https://gt.linkedin.com/jobs/view/associate-business-advisor-at-capgemini-4437727686,Associate Business Advisor,,scraped,2026-07-07T12:50:54.784206,
8b41f4ee0aff1372,https://gt.linkedin.com/jobs/view/gerente-de-proyectos-at-grupo-empresarial-eficacia-gt-4437727255,GERENTE DE PROYECTOS,,scraped,2026-07-07T12:51:01.169291,
b11cdfaca3a8cc3f,https://gt.linkedin.com/jobs/view/health-provider-at-telus-digital-4417469909,Health Provider,,scraped,2026-07-07T12:51:08.525642,
2a364ddac9765dd4,https://gt.linkedin.com/jobs/view/corredores-inmobiliarios-independientes-at-iss-corp-4436126674,Corredores Inmobiliarios Independientes,,scraped,2026-07-07T12:51:15.280990,
ac0d8908a946f5be,https://gt.linkedin.com/jobs/view/jefe-de-centro-de-distribuci%C3%B3n-at-canella-s-a-4437472441,JEFE DE CENTRO DE DISTRIBUCIÓN,,scraped,2026-07-07T12:51:37.716773,
907caf8867687776,https://gt.linkedin.com/jobs/view/auxiliar-contable-at-heza-ingenier%C3%ADa-y-arquitectura-4435829032,Auxiliar contable,,scraped,2026-07-07T12:51:45.026314,
eff8d907dd438927,https://gt.linkedin.com/jobs/view/asistente-administrativo-at-gsq-guatemala-4432718748,Asistente Administrativo,GSQ Guatemala,posted,2026-07-07T12:52:14.090663,397
feaf4f587a2d9923,https://gt.linkedin.com/jobs/view/residente-de-proyecto-deconstrucci%C3%B3n-at-constructiva-s-a-de-c-v-4433899516,RESIDENTE DE PROYECTO DECONSTRUCCIÓN,,scraped,2026-07-07T12:52:16.723074,
4a5342d416bae9e8,https://gt.linkedin.com/jobs/view/asesor-de-ventas-junior-poseer-carro-propio-y-licencia-vigente-at-biogroup-4436276626,Asesor de Ventas Junior- poseer carro propio y licencia vigente,,scraped,2026-07-07T12:52:24.290832,
3cb6c4f0b2d60228,https://gt.linkedin.com/jobs/view/ride-sharing-services-customer-experience-specialist-at-telus-digital-4417468978,Ride Sharing Services Customer Experience Specialist,,scraped,2026-07-07T12:52:34.924194,
7106d8bc3d9dee60,https://gt.linkedin.com/jobs/view/asistente-administrativa-at-identity-guatemala-4433992933,Asistente Administrativa,,scraped,2026-07-07T12:52:55.780588,
65111d622d0b91aa,https://gt.linkedin.com/jobs/view/agente-asociado-de-ventas-de-seguros-at-iss-corp-4436137414,Agente Asociado de Ventas de Seguros,ISS Corp.,posted,2026-07-07T12:53:33.548209,399
2e15086999a76380,https://gt.linkedin.com/jobs/view/senior-security-consultant-at-scale-up-recruiting-partners-4436527412,Senior Security Consultant,Scale Up Recruiting Partners,posted,2026-07-07T12:53:47.219269,401
eef649b1d831b029,https://gt.linkedin.com/jobs/view/asesor-comercial-de-negocios-institucionales-y-productos-odontol%C3%B3gicos-at-corporaci%C3%B3n-ceprosi-s-a-4437410265,Asesor Comercial de Negocios Institucionales y Productos Odontológicos,,scraped,2026-07-07T12:53:51.845869,
091384a37693d403,https://gt.linkedin.com/jobs/view/t%C3%A9cnico-especialista-en-automatizaci%C3%B3n-industrial-y-soporte-t%C3%A9cnico-at-forza-cash-logistics-4436763678,TÉCNICO ESPECIALISTA EN AUTOMATIZACIÓN INDUSTRIAL Y SOPORTE TÉCNICO,Forza Cash Logistics,posted,2026-07-07T12:54:11.041067,403
f49989bcd53869ca,https://gt.linkedin.com/jobs/view/marketing-communications-audiovisual-specialist-communications-designer-at-telus-digital-4427068979,"Marketing & Communications, Audiovisual Specialist (Communications Designer)",,scraped,2026-07-07T12:54:13.695345,
63fc139f79e43371,https://gt.linkedin.com/jobs/view/asesor-de-ventas-inmobiliario-at-intepro-4436772057,Asesor de Ventas inmobiliario,,scraped,2026-07-07T12:54:20.180465,
cad0d928052b14a9,https://gt.linkedin.com/jobs/view/senior-grc-consultant-at-scale-up-recruiting-partners-4436526493,Senior GRC Consultant,Scale Up Recruiting Partners,posted,2026-07-07T12:54:35.964718,405
14a3abf7a187a5ec,https://gt.linkedin.com/jobs/view/experienced-billing-agent-at-capgemini-4437492311,Experienced Billing Agent,,scraped,2026-07-07T12:54:40.817868,
e34dc9047337371e,https://gt.linkedin.com/jobs/view/supervisor-customer-experience-at-conduent-4437745421,"Supervisor, Customer Experience",Conduent,scraped,2026-07-07T12:54:48.890207,
c1c52c01bbf50b9d,https://gt.linkedin.com/jobs/view/social-media-manager-ingles-b2-remoto-at-ally-pro-4437733831,Social media manager | Ingles B2 | Remoto,ALLY PRO,posted,2026-07-07T12:54:57.791359,407
51cfac71a6e63bc7,https://gt.linkedin.com/jobs/view/account-manager-dental-guatemala-at-shining-3d-4435427123,Account Manager - Dental - Guatemala,,scraped,2026-07-07T12:55:00.620229,
beaa2dd8a6e81492,https://gt.linkedin.com/jobs/view/software-engineer-c-c%2B%2B-linux-mid-level-at-3pillar-4433354268,Software Engineer - C/C++/Linux (Mid level),3Pillar,posted,2026-07-07T12:55:13.441841,409
b2be47627bcdad30,https://gt.linkedin.com/jobs/view/promotor-de-ventas-zacapa-at-diss-4435150941,Promotor de Ventas - Zacapa,,scraped,2026-07-07T12:55:17.985264,
f222c2e1e6dc944b,https://gt.linkedin.com/jobs/view/analista-de-planos-y-levantamientos-at-sba-communications-4435241655,Analista de Planos y Levantamientos,SBA Communications,posted,2026-07-07T12:55:32.782024,411
b90a55702da5c199,https://gt.linkedin.com/jobs/view/app-dev-support-engineer-iii-at-conduent-4436193138,App Dev & Support Engineer III,Conduent,posted,2026-07-07T12:55:45.928005,413
90aac39babd8b640,https://gt.linkedin.com/jobs/view/perito-contador-auxiliar-de-contabilidad-at-asalazar-consultoria-iso-9001-4436290079,Perito Contador - Auxiliar de Contabilidad,Asalazar consultoria/ ISO 9001,posted,2026-07-07T12:55:54.604489,415
2e2fb3020648721b,https://gt.linkedin.com/jobs/view/jefe-de-ventas-maquinaria-y-equipos-industriales-montacargas-at-conecta-reclutamiento-4436271893,JEFE DE VENTAS (MAQUINARIA Y EQUIPOS INDUSTRIALES/ MONTACARGAS),Conecta Reclutamiento,posted,2026-07-07T12:56:15.041522,417
8c8c43841ef743f6,https://gt.linkedin.com/jobs/view/dise%C3%B1adora-industrial-at-acabados-y-procesos-industriales-s-a-aprisa-4436155345,Diseñadora Industrial,,scraped,2026-07-07T12:56:17.678784,
2dfecaf47adca7c2,https://gt.linkedin.com/jobs/view/asesor-de-ventas-inmobiliario-chimaltenango-at-desarrollos-y-condominios-s-a-deconsa-4435195598,Asesor de Ventas Inmobiliario - Chimaltenango,,scraped,2026-07-07T12:56:24.237523,
9f36e00ef9d3b294,https://gt.linkedin.com/jobs/view/senior-sap-pp-pm-qm-consultant-%E2%80%93-s-4hana-public-cloud-%E2%80%93-english-c1-%E2%80%93-latam-remote-guatemala-at-sapindex-4429109765,Senior SAP PP/PM/QM Consultant – S/4HANA Public Cloud – English C1 – LATAM Remote - Guatemala,,scraped,2026-07-07T12:56:31.787869,
eae1dc6a982b99e7,https://gt.linkedin.com/jobs/view/asesor-de-cuentas-clave-at-cemaco-4432715050,Asesor de cuentas clave,,scraped,2026-07-07T12:56:38.728588,
2644472f7be4b14e,https://gt.linkedin.com/jobs/view/senior-unity-developer-at-plan-a-technologies-4434328684,Senior Unity Developer,Plan A Technologies,posted,2026-07-07T12:56:51.992050,419
fc67fd8cf0410ea8,https://gt.linkedin.com/jobs/view/asesor-de-ventas-oriente-at-grupo-suca-4433184685,Asesor de Ventas Oriente,,scraped,2026-07-07T12:56:54.651377,
491c80c63108059d,https://gt.linkedin.com/jobs/view/key-account-manager-experiencia-en-telecomunicaciones-at-conecta-reclutamiento-4436271896,KEY ACCOUNT MANAGER (EXPERIENCIA EN TELECOMUNICACIONES),Conecta Reclutamiento,posted,2026-07-07T12:57:16.422024,421
0d41bf72e89ce3a2,https://gt.linkedin.com/jobs/view/ingeniero-de-datos-temporal-at-zigi-app-4436255551,Ingeniero de Datos (Temporal),,scraped,2026-07-07T12:57:19.090298,
fe9ccf1b131bb49d,https://gt.linkedin.com/jobs/view/contador-general-con-experiencia-indispensable-dentro-del-sistema-bancario-regulado-en-guatemala-at-human-capital-now-4436388839,Contador General con experiencia indispensable dentro del sistema bancario regulado en Guatemala.,,scraped,2026-07-07T12:57:51.223097,
59631ef5c51356cf,https://gt.linkedin.com/jobs/view/communications-intern-at-unops-4430283083,Communications Intern,,scraped,2026-07-07T12:57:59.716761,
bd6d6386671d7544,https://gt.linkedin.com/jobs/view/pasantia-universitaria-at-empresa-confidencial-4436102250,PASANTIA UNIVERSITARIA,Empresa Confidencial,posted,2026-07-07T12:58:15.859563,423
b494f5070cddbe45,https://gt.linkedin.com/jobs/view/pr%C3%A1cticas-en-ingenier%C3%ADa-de-embalajes-y-log%C3%ADstica-industrial-at-renault-group-4435027602,Prácticas en Ingeniería de Embalajes y Logística Industrial,,scraped,2026-07-07T12:58:18.505295,
73a8424591c1a66b,https://gt.linkedin.com/jobs/view/jefe-de-ventas-telecomunicaciones-tecnologia-puntos-retail-at-conecta-reclutamiento-4436279464,JEFE DE VENTAS TELECOMUNICACIONES/TECNOLOGIA (PUNTOS RETAIL),Conecta Reclutamiento,posted,2026-07-07T12:58:33.375819,425
0c63c9eb564b48f9,https://gt.linkedin.com/jobs/view/sr-ai-ml-engineer-at-perform-4398652116,Sr. AI/ML Engineer,Perform,posted,2026-07-07T12:58:41.087585,427
e08a40102f37964f,https://gt.linkedin.com/jobs/view/asesor-de-ventas-corporativo-sector-tecnologia-at-conecta-reclutamiento-4436278532,ASESOR DE VENTAS CORPORATIVO (SECTOR TECNOLOGIA),Conecta Reclutamiento,posted,2026-07-07T12:58:51.920168,429
1eaa73f3b6843de1,https://gt.linkedin.com/jobs/view/consultor-a-senior-sap-pm-%E2%80%93-it-business-partner-solution-architect-ingl%C3%A9s-c1-%E2%80%93-remoto-internacional-guatemala-at-sapindex-4436902021,Consultor/a Senior SAP PM – IT Business Partner / Solution Architect - Inglés C1 – Remoto Internacional - Guatemala,,scraped,2026-07-07T12:58:54.589626,
87e621323e34ad1b,https://gt.linkedin.com/jobs/view/senior-qa-automation-engineer-playwright-mobile-at-applaudo-4436164362,Senior QA Automation Engineer (Playwright & Mobile),,scraped,2026-07-07T12:59:05.697851,
7fd5d02d499ae4e0,https://gt.linkedin.com/jobs/view/senior-full-stack-java-engineer-java-%2B-angular-temporary-contract-at-applaudo-4436769404,Senior Full Stack Java Engineer (Java + Angular ) - temporary contract,,scraped,2026-07-07T12:59:12.256479,
b365b708da59d7bc,https://gt.linkedin.com/jobs/view/workforce-management-real-time-analyst-bilingual-guatemala-el-salvador-at-telus-digital-4417469913,"Workforce Management, Real Time Analyst (Bilingual) - Guatemala & El Salvador",,scraped,2026-07-07T12:59:28.620207,
53fbc628803895f0,https://gt.linkedin.com/jobs/view/transaction-processing-associate-ii-at-conduent-4432325500,Transaction Processing Associate II,Conduent,posted,2026-07-07T12:59:49.690307,431
e8064f14e44de353,https://gt.linkedin.com/jobs/view/ai-data-annotation-specialist-portuguese-gt-at-telus-digital-4427638071,"AI, Data Annotation Specialist Portuguese - GT",,scraped,2026-07-07T12:59:54.459939,
115132bfc84eda11,https://gt.linkedin.com/jobs/view/agentic-product-designer-remote-latin-america-at-fullstack-4417330677,Agentic Product Designer - Remote - Latin America,FullStack,posted,2026-07-07T13:00:03.670116,225
bfc9c62fd7aa40a0,https://gt.linkedin.com/jobs/view/contador-junior-at-almelsa-s-a-4436785640,Contador Junior,,scraped,2026-07-07T13:00:06.268155,
c7d5989c43433584,https://gt.linkedin.com/jobs/view/auxiliar-montacarguista-bodega-planta-minerales-y-agregados-at-holcim-guatemala-4418207158,Auxiliar Montacarguista Bodega - Planta Minerales y Agregados,Holcim Guatemala,posted,2026-07-07T13:00:21.311996,433
34f9763f061d39bb,https://gt.linkedin.com/jobs/view/encargado-de-librer%C3%ADa-zona-16-at-grupo-helvetica-4436914506,Encargado de librería zona 16,Grupo Helvetica,posted,2026-07-07T20:45:22.926546,435
1b48e9f87815cc7e,https://gt.linkedin.com/jobs/view/analista-de-flotas-at-corporaci%C3%B3n-multi-inversiones-4435501120,Analista de Flotas,,scraped,2026-07-07T20:45:25.689080,
47aa7c2d94fcc5d5,https://gt.linkedin.com/jobs/view/asistente-recepcionista-sector-m%C3%A9dico-at-identity-guatemala-4433737767,Asistente Recepcionista Sector Médico,,scraped,2026-07-07T20:45:35.320474,
da9075b72b0fd9a8,https://gt.linkedin.com/jobs/view/asistente-administrativo-at-rosales-asociados-4436448949,Asistente Administrativo,,scraped,2026-07-07T20:45:50.616245,
1a826e379a35ca8e,https://gt.linkedin.com/jobs/view/asistente-de-bodega-at-procreto-4436832639,Asistente de Bodega,,scraped,2026-07-07T20:46:01.149629,
14288ae2ee76de4c,https://gt.linkedin.com/jobs/view/mesero-atenci%C3%B3n-al-cliente-at-identity-guatemala-4433133719,Mesero / Atención al cliente,,scraped,2026-07-07T20:46:07.819117,
f6857b07b8a982a4,https://gt.linkedin.com/jobs/view/ejecutivo-de-afiliaci%C3%B3n-transportista-at-truckslogic-4435038658,Ejecutivo de Afiliación / Transportista,,scraped,2026-07-07T20:46:22.766875,
6cdf1794a106a9b2,https://gt.linkedin.com/jobs/view/auxiliar-de-limpieza-at-hotel-hilton-guatemala-city-4435258064,Auxiliar de limpieza,Hotel Hilton Guatemala City,posted,2026-07-07T20:46:47.446458,437
842a33f70f3c816b,https://gt.linkedin.com/jobs/view/tutor-virtual-matem%C3%A1ticas-at-universidad-del-valle-de-guatemala-4437487179,Tutor Virtual - Matemáticas,,scraped,2026-07-07T20:46:52.120390,
a4255cbd21f3db3e,https://gt.linkedin.com/jobs/view/auxiliar-de-bodega-at-identity-guatemala-4432375946,Auxiliar de bodega,,scraped,2026-07-07T20:46:58.960357,
85b83d618e55117a,https://gt.linkedin.com/jobs/view/brand-manager-at-beiersdorf-4433719325,Brand Manager,,scraped,2026-07-07T20:47:11.744172,
e1cf1cd02804c5fd,https://gt.linkedin.com/jobs/view/asistente-administrativa-experiencia-guatecompras-at-identity-guatemala-4434514018,Asistente Administrativa Experiencia Guatecompras,,scraped,2026-07-07T20:47:27.113967,
c44f07585a392532,https://gt.linkedin.com/jobs/view/asistente-de-cuentas-por-cobrar-at-corpodesa-4435479248,Asistente de cuentas por cobrar,,scraped,2026-07-07T20:47:39.265657,
0a842b5e810acc71,https://gt.linkedin.com/jobs/view/asistente-contable-at-conecta-reclutamiento-4435370490,ASISTENTE CONTABLE,Conecta Reclutamiento,posted,2026-07-07T20:48:07.021720,439
a36cfebd463c7723,https://gt.linkedin.com/jobs/view/cajero-atenci%C3%B3n-al-cliente-preparador-at-identity-guatemala-4434539584,Cajero / Atención al Cliente / Preparador,,scraped,2026-07-07T20:48:11.935503,
5b6b371975313b52,https://gt.linkedin.com/jobs/view/asistente-de-bodega-materiales-de-construcci%C3%B3n-at-procreto-4436834592,Asistente de Bodega (materiales de construcción),,scraped,2026-07-07T20:48:24.367071,
b094969ec985f9b0,https://gt.linkedin.com/jobs/view/coordinador-de-marca-calzada-la-paz-at-identity-guatemala-4431996042,Coordinador de Marca / Calzada La Paz,,scraped,2026-07-07T20:48:32.740788,
ed93503407847426,https://gt.linkedin.com/jobs/view/asistente-de-compras-activo-fijos-at-roderotas-4435371445,"Asistente de Compras, Activo Fijos",,scraped,2026-07-07T20:48:44.755453,
5a17112fbb71b666,https://gt.linkedin.com/jobs/view/coordinadora-administrativa-at-spectrum-4434500555,Coordinadora Administrativa,,scraped,2026-07-07T20:48:51.830286,
e4b28c0a7db9824e,https://gt.linkedin.com/jobs/view/auxiliar-de-bodega-at-identity-guatemala-4432717722,Auxiliar de bodega,,scraped,2026-07-07T20:48:59.713004,
307d6118623c7c77,https://gt.linkedin.com/jobs/view/electricista-hotel-at-hotel-hilton-guatemala-city-4435251388,Electricista Hotel,Hotel Hilton Guatemala City,posted,2026-07-07T20:49:37.532856,441
f7e84910013e34e3,https://gt.linkedin.com/jobs/view/administrador-a-junior-edificio-zona-4-at-human-resources-rl-4436277577,Administrador(a)  Junior  Edificio zona 4,Human Resources RL,posted,2026-07-07T20:49:56.607869,443
c7c4db7a4a82b487,https://gt.linkedin.com/jobs/view/ayudante-de-bodega-bandas-y-servicios-pal%C3%ADn-at-llamasa-4435467839,Ayudante de Bodega Bandas y Servicios (Palín),,scraped,2026-07-07T20:50:13.020622,
020d184bad01a940,https://gt.linkedin.com/jobs/view/planner-digital-at-publicis-groupe-guatemala-4437431126,Planner digital,,scraped,2026-07-07T20:50:19.427508,
c949bba18f07402a,https://gt.linkedin.com/jobs/view/auditor-interno-at-empresa-confidencial-4436272320,AUDITOR INTERNO,Empresa Confidencial,posted,2026-07-07T20:50:40.400095,445
2cce8db1f3d99f0a,https://gt.linkedin.com/jobs/view/mezclador-de-pintura-matizador-at-gsq-guatemala-4433756710,"Mezclador de pintura, Matizador",GSQ Guatemala,posted,2026-07-07T20:50:53.705303,447
b4ce349fd165bc4d,https://gt.linkedin.com/jobs/view/especialista-sap-at-grupo-inve-4437814934,Especialista SAP,,scraped,2026-07-07T20:50:56.508077,
bede16d54986d7df,https://gt.linkedin.com/jobs/view/consultor-a-de-precios-de-transferencia-ciudad-de-guatemala-at-deloitte-4436419631,"Consultor(a) de Precios de Transferencia, Ciudad de Guatemala",Deloitte,posted,2026-07-07T20:51:16.009544,449
9971c144b563fb76,https://gt.linkedin.com/jobs/view/motorista-at-la-casa-de-las-baterias-4435374355,Motorista,,scraped,2026-07-07T20:51:18.714781,
9b4fbcd53f196b9a,https://gt.linkedin.com/jobs/view/data-engineer-staff-at-ey-4407659285,Data Engineer - Staff,EY,posted,2026-07-07T20:51:40.612839,451
7b3fafe961f577f2,https://gt.linkedin.com/jobs/view/piloto-ejecutivo-at-corporaci%C3%B3n-multi-inversiones-4433153367,Piloto Ejecutivo,,scraped,2026-07-07T20:51:47.304956,
f977e2792960dd64,https://gt.linkedin.com/jobs/view/arquitecto-bim-dise%C3%B1o-y-desarrollo-de-proyecto-ejecutivo-at-equipesca-ind-e-com-ltda-4435381245,Arquitecto BIM- Diseño y desarrollo de proyecto ejecutivo.,,scraped,2026-07-07T20:51:55.562496,
f886f11f363694c6,https://gt.linkedin.com/jobs/view/auxiliar-de-bodega-at-medical-4436453758,Auxiliar de Bodega,,scraped,2026-07-07T20:52:04.401331,
91de6de331bae6a2,https://gt.linkedin.com/jobs/view/asesor-log%C3%ADstico-zona-10-at-identity-guatemala-4433756138,Asesor Logístico Zona 10,,scraped,2026-07-07T20:52:11.941510,
9458ae8555a3b5d3,https://gt.linkedin.com/jobs/view/dependiente-de-farmacia-en-antigua-guatemala-at-roderotas-4435370494,Dependiente de farmacia en Antigua Guatemala,,scraped,2026-07-07T20:52:25.724636,
538f24b37d599776,https://gt.linkedin.com/jobs/view/verificador-de-despacho-materiales-de-construcci%C3%B3n-at-procreto-4436827899,Verificador de Despacho (materiales de construcción),,scraped,2026-07-07T20:52:36.688560,
15c8443a1630f56d,https://gt.linkedin.com/jobs/view/analista-jr-de-%C3%A9tica-corporativa-at-banco-gyt-continental-4436791927,ANALISTA JR DE ÉTICA CORPORATIVA,,scraped,2026-07-07T20:52:43.128323,
ba3f8989585675a1,https://gt.linkedin.com/jobs/view/analista-de-centro-de-comando-y-control-at-confidential-4437416372,Analista de Centro de Comando y Control,Confidential,posted,2026-07-07T20:53:00.723240,453
8f8d798883a54325,https://gt.linkedin.com/jobs/view/purchaser-biller-at-nestl%C3%A9-4436382292,Purchaser / Biller,Nestlé,posted,2026-07-07T20:53:16.338150,455
c1dc7e3596b87cf9,https://gt.linkedin.com/jobs/view/mec%C3%A1nico-tipo-c-at-central-agr%C3%ADcola-4435244621,Mecánico tipo C,,scraped,2026-07-07T20:53:19.053939,
86886c7eac1b8005,https://gt.linkedin.com/jobs/view/auxiliar-de-bodega-at-ipq-group-4436907502,Auxiliar de Bodega,,scraped,2026-07-07T20:53:28.137737,
14aadd36681c5fce,https://gt.linkedin.com/jobs/view/accounts-payable-coordinator-at-lean-solutions-group-4416433048,Accounts Payable Coordinator,Lean Solutions Group,posted,2026-07-07T20:53:43.249648,457
9a5337dd97b5cd09,https://gt.linkedin.com/jobs/view/ecargado-de-it-at-nutritec-4436467163,Ecargado de It,Nutritec,posted,2026-07-07T20:54:01.271429,459
5142311172cabf3f,https://gt.linkedin.com/jobs/view/auxiliar-de-montacarguista-at-aceros-arquitectonicos-4435256126,Auxiliar de montacarguista,ACEROS ARQUITECTONICOS,posted,2026-07-07T20:54:14.622639,461
5c55cf9026054eab,https://gt.linkedin.com/jobs/view/learning-content-developer-remote-work-at-bairesdev-4436862043,Learning Content Developer - Remote Work,BairesDev,posted,2026-07-07T20:54:24.881816,463
dae40f3bc08698be,https://gt.linkedin.com/jobs/view/application-security-engineer-checkmarx-sast-remote-work-at-bairesdev-4436816459,Application Security Engineer (Checkmarx / SAST) - Remote Work,BairesDev,posted,2026-07-07T20:54:46.323755,465
329eb6d0f583a110,https://gt.linkedin.com/jobs/view/auxiliar-de-cocina-at-identity-guatemala-4431992494,Auxiliar de Cocina,,scraped,2026-07-07T20:54:57.619126,
270289769a0f79fa,https://gt.linkedin.com/jobs/view/customer-success-development-representative-at-telus-digital-4417470925,Customer Success Development Representative,,scraped,2026-07-07T20:55:12.710479,
e4f0310a04b92a53,https://gt.linkedin.com/jobs/view/agentic-aws-devops-engineer-remote-latin-america-at-fullstack-4407586812,Agentic AWS DevOps Engineer - Remote - Latin America,FullStack,posted,2026-07-07T20:55:32.032351,253
b1959603576af078,https://gt.linkedin.com/jobs/view/ai-data-annotation-specialist-trilingual-german-latam-at-telus-digital-4427792840,"AI, Data Annotation Specialist - Trilingual (German) | LATAM",,scraped,2026-07-07T20:55:42.866257,
cb5c8a5efe4a2870,https://gt.linkedin.com/jobs/view/scala-developer-remote-work-at-bairesdev-4436261497,Scala Developer - Remote Work,BairesDev,posted,2026-07-07T20:55:58.189714,467
0576f0ac48aca438,https://gt.linkedin.com/jobs/view/contador-junior-at-rsm-guatemala-4435381242,Contador Junior,,scraped,2026-07-07T20:56:02.911234,
5d8ff2818b028459,https://gt.linkedin.com/jobs/view/analista-de-procesos-de-servicio-tecnico-servicio-tecnico-zona-10-at-grupo-distelsa-4433737154,ANALISTA DE PROCESOS DE SERVICIO TECNICO - SERVICIO TECNICO ZONA 10,Grupo Distelsa,posted,2026-07-07T20:56:21.123932,469
e5e889eae4e65c13,https://gt.linkedin.com/jobs/view/creador-a-de-contenido-pov-para-ia-remoto-at-toloka-annotators-4437774054,Creador(a) de Contenido POV para IA - Remoto,Toloka Annotators,posted,2026-07-07T20:56:31.469926,471
db84b904428567ba,https://gt.linkedin.com/jobs/view/creador-a-de-contenido-pov-para-ia-remoto-at-toloka-annotators-4437766589,Creador(a) de Contenido POV para IA - Remoto,Toloka Annotators,posted,2026-07-07T20:56:42.450543,473
50cac4e2cae537b7,https://gt.linkedin.com/jobs/view/gerente-de-mantenimiento-de-planta-at-grupo-lamfer-4437819606,Gerente de Mantenimiento de Planta,,scraped,2026-07-07T20:56:45.089812,
7a3b3dad3edebcfb,https://gt.linkedin.com/jobs/view/marketing-digital-jr-mixco-at-identity-guatemala-4434544517,Marketing Digital Jr. /  Mixco,,scraped,2026-07-07T20:56:52.896305,
699f003c2b40c717,https://gt.linkedin.com/jobs/view/creador-a-de-contenido-pov-para-ia-remoto-at-toloka-annotators-4437770425,Creador(a) de Contenido POV para IA - Remoto,Toloka Annotators,posted,2026-07-07T20:57:12.354434,475
eee156cb8ac88866,https://gt.linkedin.com/jobs/view/creador-a-de-contenido-pov-para-ia-remoto-at-toloka-annotators-4437772276,Creador(a) de Contenido POV para IA - Remoto,Toloka Annotators,scraped,2026-07-07T20:57:16.669333,
f40629b652fe9df2,https://gt.linkedin.com/jobs/view/t%C3%A9cnico-en-garant%C3%ADas-at-identity-guatemala-4433995919,Técnico en Garantías,,scraped,2026-07-07T20:57:21.370850,
7006c9f6e224b6d5,https://gt.linkedin.com/jobs/view/cajero-liquidador-at-grupo-bimbo-4433197888,Cajero Liquidador,Grupo Bimbo,posted,2026-07-07T20:57:45.859885,477
85126a734215fa13,https://gt.linkedin.com/jobs/view/supervisor-de-saneamiento-at-identity-guatemala-4432377966,Supervisor de Saneamiento,,scraped,2026-07-07T20:57:48.537905,
76f80eb3dcff4ded,https://gt.linkedin.com/jobs/view/desarrollador-a-de-aplicaciones-net-at-sapiens-guatemala-4435288193,Desarrollador(a) de Aplicaciones (.NET),,scraped,2026-07-07T20:58:00.510900,
7423d6a5e4e736d5,https://gt.linkedin.com/jobs/view/cient%C3%ADfico-a-de-datos-para-auditor%C3%ADa-interna-at-corporaci%C3%B3n-multi-inversiones-4436395141,Científico(a) de Datos para Auditoría Interna,,scraped,2026-07-07T20:58:07.256365,
4202b93a85f60b46,https://gt.linkedin.com/jobs/view/agente-de-seguridad-rond%C3%ADnes-at-equipesca-ind-e-com-ltda-4436453765,Agente de Seguridad (Rondínes),,scraped,2026-07-07T20:58:14.883248,
b1b5b541dec74a0a,https://gt.linkedin.com/jobs/view/spanish-ai-trainer-remote-at-yo-it-consulting-4435298537,Spanish Ai Trainer - Remote,,scraped,2026-07-07T20:58:21.893332,
35c4d7df9c8f23b9,https://gt.linkedin.com/jobs/view/head-of-sales-at-the-studio-4435460055,Head of Sales,THE/STUDIO,posted,2026-07-07T20:58:37.716775,479
ed68d251f7243bc3,https://gt.linkedin.com/jobs/view/mezclador-de-pintura-at-gsq-guatemala-4432719720,Mezclador de Pintura,GSQ Guatemala,posted,2026-07-07T20:58:49.134515,481
84954d32692f0e1e,https://gt.linkedin.com/jobs/view/encargado-de-mantenimiento-alba%C3%B1iler%C3%ADa-portales-at-spectrum-4434636977,Encargado de Mantenimiento Albañilería (Portales),,scraped,2026-07-07T20:58:51.783740,
e9dadaf6a9e93b57,https://gt.linkedin.com/jobs/view/freelance-grabaci%C3%B3n-de-tareas-cotidianas-para-proyecto-de-ia-at-toloka-annotators-4437773113,Freelance: grabación de tareas cotidianas para proyecto de IA,Toloka Annotators,posted,2026-07-07T20:59:12.777682,483
5503d65ed2bc55d2,https://gt.linkedin.com/jobs/view/accountant-hotel-industry-at-howard-4435524632,Accountant (Hotel Industry),Howard,posted,2026-07-07T20:59:26.571858,485
faab1ec745a4631d,https://gt.linkedin.com/jobs/view/copy-of-copy-of-copy-of-q-eqchi-audio-transcription-specialist-any-dialect-at-upwork-4433193849,Copy of Copy of Copy of  Q'eqchi Audio Transcription Specialist(Any Dialect),Upwork,posted,2026-07-07T20:59:35.615675,487
85a053d1c421235a,https://gt.linkedin.com/jobs/view/piloto-at-identity-guatemala-4434507237,Piloto,,scraped,2026-07-07T20:59:38.232921,
c4a073b59ce58baf,https://gt.linkedin.com/jobs/view/record-your-daily-routine-get-paid-ai-training-remote-at-toloka-annotators-4437733924,Record Your Daily Routine & Get Paid - AI Training (Remote),Toloka Annotators,posted,2026-07-07T20:59:54.225249,325
1d8cf1f10e2aaaa3,https://gt.linkedin.com/jobs/view/record-your-daily-routine-get-paid-ai-training-remote-at-toloka-annotators-4437752034,Record Your Daily Routine & Get Paid - AI Training (Remote),Toloka Annotators,posted,2026-07-07T21:00:00.134246,325
bc927093fef012a2,https://gt.linkedin.com/jobs/view/analista-de-recursos-humanos-at-confidential-careers-4433715094,Analista de Recursos Humanos,,scraped,2026-07-07T21:00:02.810995,
427b0f9cf77487b4,https://gt.linkedin.com/jobs/view/sr-accountant-hospitality-industry-at-howard-4437857774,Sr. Accountant (Hospitality Industry),Howard,posted,2026-07-07T21:00:18.503648,489
f39013e186753892,https://gt.linkedin.com/jobs/view/t%C3%A9cnico-de-mantenimiento-e-instalaciones-at-tas-tecnolog%C3%ADa-acceso-seguridad-4434545499,Técnico de Mantenimiento e Instalaciones,,scraped,2026-07-07T21:00:23.186532,
81c1a6b2c46ede68,https://gt.linkedin.com/jobs/view/supervisor-de-vivienda-y-mejoramientos-at-identity-guatemala-4434536657,Supervisor de Vivienda y Mejoramientos,,scraped,2026-07-07T21:00:34.410708,
a62f76ff22d3500d,https://gt.linkedin.com/jobs/view/operador-de-taller-servicio-liviano-at-llamasa-4436844252,Operador de taller servicio liviano,,scraped,2026-07-07T21:00:53.051155,
41fe2e160f75a68b,https://gt.linkedin.com/jobs/view/coordinador-de-log%C3%ADstica-at-distribuidora-de-productos-solares-4437836696,Coordinador de logística,,scraped,2026-07-07T21:00:59.475107,
d65ba4b4f5cc0734,https://gt.linkedin.com/jobs/view/auxiliar-contable-at-identity-guatemala-4432783689,Auxiliar contable,,scraped,2026-07-07T21:01:06.231537,
1be20216a5cfe819,https://gt.linkedin.com/jobs/view/coordinador-de-eventos-trademarketing-at-industrias-san-miguel-4420760336,Coordinador de eventos Trademarketing,Industrias San Miguel,posted,2026-07-07T21:02:07.033181,491
d10e078f40a41324,https://gt.linkedin.com/jobs/view/ejecutivo-a-de-ventas-telef%C3%B3nicas-%E2%80%93-telemarketing-at-identity-guatemala-4432735316,Ejecutivo/a de Ventas Telefónicas – Telemarketing,,scraped,2026-07-07T21:02:09.634594,
b83ca552ea4a2299,https://gt.linkedin.com/jobs/view/fdlc-productor-senior-btl-at-the-darwinzone-4433735219,FDLC - Productor Senior BTL,,scraped,2026-07-07T21:02:21.925272,
dff40b9476368e03,https://gt.linkedin.com/jobs/view/supervisor-de-producci%C3%B3n-at-grupo-polytec-flexible-4437797910,Supervisor de producción,,scraped,2026-07-07T21:02:31.562922,
3768d715c20f3c36,https://gt.linkedin.com/jobs/view/auxiliar-contable-at-identity-guatemala-4434500705,Auxiliar Contable,,scraped,2026-07-07T21:02:38.257621,
b9be5fc4b0da81bf,https://gt.linkedin.com/jobs/view/senior-innovation-project-manager-at-capgemini-4437767784,Senior Innovation Project Manager,,scraped,2026-07-07T21:02:50.245739,
0068666a25b8d7f7,https://gt.linkedin.com/jobs/view/office-based-call-center-agent-escuintla-guatemala-at-srr-group-4436835570,"Office-based_Call Center Agent (Escuintla, Guatemala)",SRR Group,posted,2026-07-07T21:03:05.718441,493
8ad0191ad766d0da,https://gt.linkedin.com/jobs/view/executive-assistant-us-startup-at-scale-up-recruiting-partners-4435766921,Executive Assistant - US StartUp,Scale Up Recruiting Partners,posted,2026-07-07T21:03:14.857751,125
b04d677ad5c8a0b8,https://gt.linkedin.com/jobs/view/asistente-de-auditor%C3%ADa-at-pwc-interam%C3%A9ricas-4435216207,Asistente de Auditoría,PwC Interaméricas,posted,2026-07-07T21:03:27.502280,495
661a1c6f0c630cd1,https://gt.linkedin.com/jobs/view/powerbi-developer-at-atento-4434552532,PowerBi Developer,Atento,posted,2026-07-07T21:03:41.589345,497
f3e3096e9eb9e9c3,https://gt.linkedin.com/jobs/view/agentic-elixir-engineer-remote-latin-america-at-fullstack-4387995646,Agentic Elixir Engineer - Remote - Latin America,FullStack,posted,2026-07-07T21:03:48.734114,109
6cf60df1cb596385,https://gt.linkedin.com/jobs/view/responsable-de-bi-at-empresa-confidencial-4436706364,Responsable de BI,Empresa Confidencial,posted,2026-07-07T21:04:11.940207,499
99452d51b266f2e0,https://gt.linkedin.com/jobs/view/agentic-elixir-engineer-remote-latin-america-at-fullstack-4388210059,Agentic Elixir Engineer - Remote - Latin America,FullStack,posted,2026-07-07T21:04:20.759553,109
e3241e75034923d9,https://gt.linkedin.com/jobs/view/mid-level-cms-engineer-sanity-remote-latin-america-at-fullstack-4434646042,Mid-Level CMS Engineer (Sanity) - Remote - Latin America,FullStack,posted,2026-07-07T21:04:25.965128,255
439ab63f6766889e,https://gt.linkedin.com/jobs/view/aws-devops-engineer-linux-remote-latin-america-at-fullstack-4435337218,AWS DevOps Engineer (Linux) - Remote - Latin America,FullStack,posted,2026-07-07T21:04:31.261081,357
346bdcd2aef09b39,https://gt.linkedin.com/jobs/view/mid-level-cms-engineer-sanity-remote-latin-america-at-fullstack-4434640166,Mid-Level CMS Engineer (Sanity) - Remote - Latin America,FullStack,posted,2026-07-07T21:04:36.600005,255
98b3979fb85a6886,https://gt.linkedin.com/jobs/view/major-account-executive-at-dhl-express-4435377574,Major Account Executive,DHL Express,posted,2026-07-07T21:04:52.983503,501
c4f6ed2af0179dc9,https://gt.linkedin.com/jobs/view/coordinador-de-proyectos-creativos-empaques-at-capgemini-4432324130,Coordinador de proyectos creativos (Empaques),,scraped,2026-07-07T21:04:57.608492,
d564b69aa236d637,https://gt.linkedin.com/jobs/view/supervisor-de-obra-civil-at-trabajo-en-guatemala-4437464843,Supervisor de Obra Civil,Trabajo en Guatemala,posted,2026-07-07T21:05:16.039025,503
42c2fa9d21f2c31b,https://gt.linkedin.com/jobs/view/ai-machine-learning-engineer-remote-latin-america-at-fullstack-4371021523,AI Machine Learning Engineer - Remote - Latin America,FullStack,posted,2026-07-07T21:05:40.566773,505
59e27a4023cff78e,https://gt.linkedin.com/jobs/view/abogado-a-op-ag-y-serv-banc-en-departamento-juridico-personas-medios-de-pagos-y-canales-at-bam-4434611919,ABOGADO/A OP AG Y SERV BANC EN DEPARTAMENTO JURIDICO PERSONAS MEDIOS DE PAGOS Y CANALES,,scraped,2026-07-07T21:05:55.419183,
98a4e7cbe9c83a94,https://gt.linkedin.com/jobs/view/sales-development-representative-sdr-remote-at-valatam-4437175755,Sales Development Representative (SDR) (Remote),Valatam,posted,2026-07-07T21:06:19.465136,507
df4d6ac1153324f5,https://gt.linkedin.com/jobs/view/lider-de-proyectos-bioclimatizaci%C3%B3n-at-tecen-4408284592,Lider de proyectos Bioclimatización,TECEN,posted,2026-07-07T21:06:32.556304,509
44017e8421b1c7fb,https://gt.linkedin.com/jobs/view/jefe-de-enfermer%C3%ADa-at-centro-m%C3%A9dico-4434549077,Jefe de Enfermería,,scraped,2026-07-07T21:06:45.335738,
423da2940cc13447,https://gt.linkedin.com/jobs/view/t%C3%A9cnico-electr%C3%B3nico-at-tecnipesa-guatemala-4437826663,Técnico electrónico,,scraped,2026-07-07T21:06:52.395721,
9e2a65b6752260dc,https://gt.linkedin.com/jobs/view/office-based-call-center-agent-alta-verapaz-guatemala-at-srr-group-4436843163,"Office-based_Call Center Agent (Alta Verapaz, Guatemala)",SRR Group,posted,2026-07-07T21:07:08.457330,511
06798f5aa9783e3a,https://gt.linkedin.com/jobs/view/agente-de-rampa-at-dhl-express-4435814386,Agente de Rampa,DHL Express,posted,2026-07-07T21:07:20.199857,513
757e7eba77ee0f84,https://gt.linkedin.com/jobs/view/vendedor-b2b-at-sircom-s-a-4437827075,Vendedor B2B,,scraped,2026-07-07T21:07:22.877374,
6834409aaa0ea110,https://gt.linkedin.com/jobs/view/analista-de-procesos-y-gesti%C3%B3n-documental-at-plus-technologies-innovations-4436241431,Analista de Procesos y Gestión Documental,Plus Ti,posted,2026-07-07T21:07:42.141146,515
4ccf0b913aaed84c,https://gt.linkedin.com/jobs/view/residente-para-proyectos-de-construcci%C3%B3n-at-constructiva-4430609912,RESIDENTE PARA PROYECTOS DE CONSTRUCCIÓN,Constructiva,posted,2026-07-07T21:07:51.715013,517
a2238397302ca5bd,https://gt.linkedin.com/jobs/view/dibujante-trabajo-capital-at-grupo-manico-s-a-4437830929,Dibujante (trabajo capital),,scraped,2026-07-07T21:08:08.562109,
1f66f08ec750fdcc,https://gt.linkedin.com/jobs/view/asistente-de-gesti%C3%B3n-de-calidad-at-laboratorios-vizca%C3%ADno-s-a-4436910684,Asistente de Gestión de Calidad,,scraped,2026-07-07T21:08:17.823295,
6f4cfb97c95d1e8a,https://gt.linkedin.com/jobs/view/director-t%C3%A9cnico-y-asuntos-regulatorios-at-hrm-consulting-4436275669,Director Técnico y Asuntos Regulatorios,,scraped,2026-07-07T21:08:25.663644,
07731138dc537620,https://gt.linkedin.com/jobs/view/contador-jr-at-iq-consulting-4437847751,Contador Jr,IQ Consulting,posted,2026-07-07T21:08:42.253903,519
d5a345ccf4d8bc1d,https://gt.linkedin.com/jobs/view/asistente-de-auditor%C3%ADa-externa-at-bdo-in-guatemala-4435345644,Asistente de Auditoría Externa,,scraped,2026-07-07T21:08:44.990077,
8dc5ed185ce9d15e,https://gt.linkedin.com/jobs/view/content-creator-at-slvex-4437486493,Content Creator,SLVEX,posted,2026-07-07T21:09:00.406131,521
638563428dda70cb,https://gt.linkedin.com/jobs/view/ibe-social-deployment-at-colgate-palmolive-4416327670,IBE Social Deployment,Colgate-Palmolive,posted,2026-07-07T21:09:10.658459,523
b708b774ec6d3732,https://gt.linkedin.com/jobs/view/residente-de-obra-experiencia-en-naves-industriales-at-e4-4436777316,Residente de obra(experiencia en naves industriales),,scraped,2026-07-07T21:09:13.314921,
92df46b4beeb1113,https://gt.linkedin.com/jobs/view/ejecutivo-de-ventas-de-tarjetas-de-cr%C3%A9dito-at-asesoria-limited-4436267974,Ejecutivo de Ventas  de Tarjetas de Crédito,ASESORIA LIMITED,posted,2026-07-07T21:09:26.849644,525
c3f434fccd0317fc,https://gt.linkedin.com/jobs/view/asesor-de-ventas-cadena-de-suministros-at-integrate-laboral-4436794433,Asesor de Ventas cadena de suministros,,scraped,2026-07-07T21:09:29.448774,
12231e89c7adf3bb,https://gt.linkedin.com/jobs/view/especialista-de-productos-bancarios-zona-10-at-grupo-ficohsa-gt-4436836024,Especialista de Productos Bancarios: Zona 10,Grupo Ficohsa GT,posted,2026-07-07T21:09:49.518736,527
cf4fa46bf53fe66e,https://gt.linkedin.com/jobs/view/representante-de-ventas-construcci%C3%B3n-y-pinturas-at-barentz-4437858388,Representante de Ventas (Construcción y Pinturas,,scraped,2026-07-07T21:10:02.134448,
deacaa01b08f2627,https://gt.linkedin.com/jobs/view/gerente-de-estrategia-omnicanal-at-confidential-jobs-4436914396,Gerente de Estrategia Omnicanal,Confidential Jobs,posted,2026-07-07T21:10:25.856248,529
c537a6477a3de35e,https://gt.linkedin.com/jobs/view/jefe-de-%C3%A1rea-en-tienda-at-cemaco-4433948641,Jefe de Área en Tienda,,scraped,2026-07-07T21:10:32.504315,
c49cb6cc84791a7e,https://gt.linkedin.com/jobs/view/auxiliar-de-bodega-plaza-fija-at-dasa-4437853472,Auxiliar de bodega Plaza Fija,,scraped,2026-07-07T21:10:39.204177,
610c5d0f4740d50e,https://gt.linkedin.com/jobs/view/vendedora-en-tienda-de-ropa-at-bc-soluciones-globales-4436914507,Vendedora en tienda de ropa,,scraped,2026-07-07T21:10:48.572108,
ca13e31e6cb93fed,https://gt.linkedin.com/jobs/view/ejecutivo-junior-de-seguros-at-grupo-i-4437808476,Ejecutivo Junior de Seguros,Grupo I,posted,2026-07-07T21:11:08.366594,531
b0e4b06f2747ac2b,https://gt.linkedin.com/jobs/view/coordinador-de-operaciones-at-code-crypto-marketing-4437198810,Coordinador de operaciones,,scraped,2026-07-07T21:11:13.011862,
3347f846b744088b,https://gt.linkedin.com/jobs/view/ejecutivo-de-ventas-de-campo-at-globalemploy-4408575322,Ejecutivo de ventas de campo,GLOBALEMPLOY,posted,2026-07-07T21:11:26.946342,533
a518eb3efbe70d8c,https://gt.linkedin.com/jobs/view/asistente-contable-at-moore-d%C3%ADaz-reyes-4436419438,Asistente Contable,Moore Díaz Reyes,posted,2026-07-07T21:11:35.383157,439
d47b901158d7192d,https://gt.linkedin.com/jobs/view/asesor-de-ventas-at-grupo-codaca-4437833362,Asesor de ventas,,scraped,2026-07-07T21:11:38.057578,
fdd8e3a56506007a,https://gt.linkedin.com/jobs/view/supervisor-de-taller-transporte-pesado-zona-13-at-discarga-4434533830,"Supervisor de Taller, Transporte Pesado, zona 13",Discarga,posted,2026-07-07T21:11:53.542996,535
d84ead214813a9f8,https://gt.linkedin.com/jobs/view/customer-onboarding-manager-at-podium-4361527993,Customer Onboarding Manager,Podium,posted,2026-07-07T21:12:11.517508,537
bb6a9afdacd617bd,https://gt.linkedin.com/jobs/view/fullstack-developer-senior-python-django-%2B-react-remote-latin-america-at-bluelight-4437862562,"Fullstack Developer (Senior) - Python (Django) + React - Remote, Latin America",Bluelight,posted,2026-07-07T21:12:23.820297,539
ac05f44fab5c94dc,https://gt.linkedin.com/jobs/view/asistente-de-contabilidad-ciclo-contable-completo-at-biogroup-4436270968,Asistente de Contabilidad (ciclo contable completo),,scraped,2026-07-07T21:12:26.470216,
10742052d1eb2156,https://gt.linkedin.com/jobs/view/jefe-financiero-administrativo-industria-log%C3%ADstica-at-vinculate-group-4436267967,JEFE FINANCIERO ADMINISTRATIVO / INDUSTRIA LOGÍSTICA,,scraped,2026-07-07T21:12:37.912082,
ac90159b2577840d,https://gt.linkedin.com/jobs/view/virtual-assistant-at-cs-outsource-4436017025,Virtual Assistant,CS Outsource,posted,2026-07-07T21:12:52.098097,541
0a3728265a888703,https://gt.linkedin.com/jobs/view/asesora-de-ventas-at-t%C3%ADa-m%C3%ADa-4436761384,Asesora de Ventas,,scraped,2026-07-07T21:13:00.687157,
11205bfc3693ea76,https://gt.linkedin.com/jobs/view/beca-en-ingenier%C3%ADa-de-procesos-%E2%80%93-automatizaci%C3%B3n-industrial-at-renault-group-4435030329,Beca en Ingeniería de Procesos – Automatización Industrial,,scraped,2026-07-07T21:13:10.331241,
3b914a0d5fafb0cf,https://gt.linkedin.com/jobs/view/plattforms-solutions-support-engineer-at-millicom-tigo-4436418993,Plattforms & Solutions Support Engineer,,scraped,2026-07-07T21:13:18.658263,
f2a6d31e32e6f4dc,https://gt.linkedin.com/jobs/view/product-owner-%E2%80%93-soluciones-de-pagos-digitales-at-grupo-financiero-banrural-4436745597,Product Owner – Soluciones de Pagos Digitales,,scraped,2026-07-07T21:13:29.330472,
a7b9bb92ba261c98,https://gt.linkedin.com/jobs/view/critical-raw-materials-experts-at-ntu-international-a-s-4437122389,Critical Raw Materials Experts,,scraped,2026-07-07T21:13:36.198746,
3cf1df058ca60976,https://gt.linkedin.com/jobs/view/sales-operations-coordinator-at-soluciones-integradas-modernas-s-a-4435343361,SALES OPERATIONS COORDINATOR,,scraped,2026-07-07T21:13:43.857207,
f4d725c4bcbec69d,https://gt.linkedin.com/jobs/view/asesor-a-integral-en-agencia-zentroplaza-t2-at-bam-4434625616,ASESOR/A INTEGRAL EN AGENCIA ZENTROPLAZA (T2),,scraped,2026-07-07T21:13:52.977803,
8a8aa69809025e45,https://gt.linkedin.com/jobs/view/especialista-en-ventas-at-solution-box-guatemala-4435494127,Especialista en ventas,Solution Box Guatemala,posted,2026-07-07T21:14:12.169096,543
6fdfb54a5cf5a42e,https://gt.linkedin.com/jobs/view/t%C3%A9cnico-oym-chimaltenango-at-tigo-guatemala-4432717726,Técnico OyM Chimaltenango,Tigo Guatemala,posted,2026-07-07T21:14:25.938015,545
f41e1aeb4b9d7122,https://gt.linkedin.com/jobs/view/asesor-de-ventas-metalmecanica-at-industrias-metalicas-de-corte-s-a-4437827689,Asesor de Ventas Metalmecanica,Industrias Metalicas de Corte S.A.,posted,2026-07-07T21:14:35.492124,547
4f8179d98523a966,https://gt.linkedin.com/jobs/view/senior-credit-underwriter-at-world-business-lenders-llc-4436399559,Senior Credit Underwriter,"World Business Lenders, LLC",posted,2026-07-07T21:14:45.423250,549
a78432355297da5a,https://gt.linkedin.com/jobs/view/quality-processes-manager-at-ufinet-4436906033,Quality & Processes Manager,UFINET,posted,2026-07-07T21:15:01.016733,551
146831bca45b7060,https://gt.linkedin.com/jobs/view/technical-project-manager-at-telus-digital-4434690956,Technical Project Manager,,scraped,2026-07-07T21:15:03.750458,
e01c97e89a0bdd52,https://gt.linkedin.com/jobs/view/coordinator-warehouse-at-crowley-4436474212,"COORDINATOR, WAREHOUSE",Crowley,posted,2026-07-07T21:15:18.217498,553
4b4e721b7e423852,https://gt.linkedin.com/jobs/view/soldador-armador-at-identity-guatemala-4433728230,Soldador Armador,,scraped,2026-07-07T21:15:20.864428,
ec332720d7da3e0e,https://gt.linkedin.com/jobs/view/experienced-billing-agent-at-capgemini-4432310954,Experienced Billing Agent,,scraped,2026-07-07T21:15:36.831953,
2323308a7811f7aa,https://gt.linkedin.com/jobs/view/supervisor-de-autoservicio-at-industrias-san-miguel-4420755447,Supervisor de Autoservicio,Industrias San Miguel,posted,2026-07-07T21:16:28.575747,555
78ff4612eefbd5dd,https://gt.linkedin.com/jobs/view/asesor-comercial-de-proyectos-sector-construcci%C3%B3n-%E2%80%93-sistemas-arquitect%C3%B3nicos-at-gentelabora-4435273911,Asesor Comercial de Proyectos (Sector Construcción – Sistemas Arquitectónicos),,scraped,2026-07-07T21:16:33.221902,
4e58c51bf4aa0930,https://gt.linkedin.com/jobs/view/profesora-fitness-medio-tiempo-para-metronorte-at-smart-fit-guatemala-4436836568,Profesora fitness medio tiempo para Metronorte,,scraped,2026-07-07T21:16:41.905233,
0c07ee3ef0e2bbf9,https://gt.linkedin.com/jobs/view/coordinador-de-cuentas-claves-at-grupo-cropa-dsv-4434563451,Coordinador de Cuentas Claves,GRUPO CROPA DSV,posted,2026-07-07T21:17:09.068163,563
464dc830736eb773,https://gt.linkedin.com/jobs/view/customer-service-representative-guatemala-at-telus-digital-4417480652,Customer Service Representative Guatemala,,scraped,2026-07-07T21:17:11.749681,
3e9c310ac4b73f59,https://gt.linkedin.com/jobs/view/medico-empresarial-at-excelencia-en-capital-humano-4436371097,Medico Empresarial,Excelencia en Capital Humano,posted,2026-07-07T21:17:37.933324,569
74f3c2b512aa8457,https://gt.linkedin.com/jobs/view/operations-supervisor-at-solvo-global-4434562658,Operations Supervisor,Solvo Global,posted,2026-07-07T21:17:48.664728,571
5749c62c23331d97,https://gt.linkedin.com/jobs/view/key-account-manager-at-infile-gt-factura-electr%C3%B3nica-4436958762,Key Account Manager,,scraped,2026-07-07T21:17:51.351709,
57a479942d5dde19,https://gt.linkedin.com/jobs/view/asistente-contable-at-se7en-group-s-a-4436169024,ASISTENTE CONTABLE,,scraped,2026-07-07T21:17:58.437173,
e2d2c7b10d898652,https://gt.linkedin.com/jobs/view/t%C3%A9cnico-de-soporte-it-presencial-zona-6-de-chinautla-at-empresa-del-sector-industrial-4437828859,Técnico de Soporte IT Presencial - Zona 6 de Chinautla,Empresa del Sector Industrial,posted,2026-07-07T21:18:14.030510,573
adae8d42ccbd040b,https://gt.linkedin.com/jobs/view/tecnico-electricista-licencia-tipo-b-at-enertiva-4436156299,Tecnico Electricista - licencia tipo B,Enertiva,posted,2026-07-07T21:19:01.926008,575
fe3d70b3fdd98440,https://gt.linkedin.com/jobs/view/asesor-de-ventas-inmobiliario-at-iq-consulting-4437860425,Asesor de ventas Inmobiliario,IQ Consulting,posted,2026-07-07T21:19:14.081087,577
449f799c66e9fd31,https://gt.linkedin.com/jobs/view/senior-marketing-analyst-strategy-analytics-at-toptal-4437469141,"Senior Marketing Analyst, Strategy & Analytics",Toptal,posted,2026-07-07T21:19:23.964527,579
24a826c932f51c73,https://gt.linkedin.com/jobs/view/agente-asociado-de-ventas-servicios-en-prenecesidad-at-iss-corp-4436127572,Agente Asociado de Ventas Servicios en Prenecesidad,ISS Corp.,posted,2026-07-07T21:19:36.831196,581
538b487c32b097e7,https://gt.linkedin.com/jobs/view/vendedor-at-panatex-4437809518,Vendedor,Panatex,posted,2026-07-07T21:19:46.325177,583
72dd103223ec067f,https://gt.linkedin.com/jobs/view/analista-financiero-de-tesorer%C3%ADa-at-grupo-wol-4437862974,Analista financiero de tesorería,Grupo WOL,posted,2026-07-07T21:20:00.144092,585
b2173705e5f94f57,https://gt.linkedin.com/jobs/view/recepcionista-zona-4-at-reclutadora-de-personal-latam-4437868865,Recepcionista zona 4,Reclutadora de Personal Latam,posted,2026-07-07T21:20:17.975152,587
c3bd0a0f44d986ec,https://gt.linkedin.com/jobs/view/fullstack-developer-senior-python-django-%2B-react-remote-latin-america-at-bluelight-4437865572,"Fullstack Developer (Senior) - Python (Django) + React - Remote, Latin America",Bluelight,posted,2026-07-07T21:20:27.100881,539
21174e9813c7e63a,https://gt.linkedin.com/jobs/view/ingeniero-i-alumbrado-p%C3%BAblico-at-ideastalento-4437819569,INGENIERO I ALUMBRADO PÚBLICO,,scraped,2026-07-07T21:20:33.768462,
d780110fc9907731,https://gt.linkedin.com/jobs/view/ejecutivo-de-ventas-at-talento-glob-4408508905,Ejecutivo de ventas,,scraped,2026-07-07T21:20:40.812905,
cb38ace8d2ce6652,https://gt.linkedin.com/jobs/view/senior-backend-engineer-at-plan-a-technologies-4427270117,Senior Backend Engineer,Plan A Technologies,posted,2026-07-07T21:21:03.204648,589
bf1e1c0ebc436141,https://gt.linkedin.com/jobs/view/saas-operations-manager-id71004-at-agileengine-4436817535,SaaS Operations Manager ID71004,AgileEngine,posted,2026-07-07T21:21:25.649925,591
3fe3589d6859a5f0,https://gt.linkedin.com/jobs/view/hse-lead-at-syngenta-4437856079,HSE Lead,,scraped,2026-07-07T21:21:28.282593,
4f4a428fb9a59df2,https://gt.linkedin.com/jobs/view/trade-spend-commercial-finance-sr-analyst-at-pepsico-4433117932,Trade Spend & Commercial Finance Sr. Analyst,PepsiCo,posted,2026-07-07T21:21:42.750000,593
c0df56d24cfbd369,https://gt.linkedin.com/jobs/view/transaction-processing-associate-ii-at-conduent-4432321611,Transaction Processing Associate II,Conduent,posted,2026-07-07T21:21:50.148636,431
b2788139e7bd4f2b,https://gt.linkedin.com/jobs/view/qa-automation-engineer-id72469-at-agileengine-4437864478,QA Automation Engineer ID72469,AgileEngine,posted,2026-07-07T21:22:04.800809,595
695092bb1e7aa7bc,https://gt.linkedin.com/jobs/view/sales-development-representative-copy-at-wing-assistant-4433754729,Sales Development Representative (copy),Wing Assistant,posted,2026-07-07T21:22:18.453057,597
53f555454604a186,https://gt.linkedin.com/jobs/view/senior-php-developer-id75883-at-agileengine-4436816959,Senior PHP Developer ID75883,AgileEngine,posted,2026-07-07T21:22:28.703065,599
5b58122b45e29f68,https://gt.linkedin.com/jobs/view/becado-at-plus-technologies-innovations-4434650861,Becado,Plus Ti,posted,2026-07-07T21:22:46.784845,601
88984f018f245adb,https://gt.linkedin.com/jobs/view/dise%C3%B1ador-a-gr%C3%A1fico-at-iq-consulting-4437851618,Diseñador/a Gráfico,IQ Consulting,posted,2026-07-07T21:22:59.087114,603
d505d2ec9ea9f92c,https://gt.linkedin.com/jobs/view/app-dev-support-engineer-iii-at-conduent-4436175681,App Dev & Support Engineer III,Conduent,posted,2026-07-07T21:23:08.112753,413
5d4b849e075f1565,https://gt.linkedin.com/jobs/view/gestor-de-logistica-ecommerce-temporal-oficinas-centro-gerencial-las-margaritas-at-grupo-distelsa-4433717431,GESTOR DE LOGISTICA ECOMMERCE (TEMPORAL) - OFICINAS CENTRO GERENCIAL LAS MARGARITAS,Grupo Distelsa,posted,2026-07-07T21:23:24.308553,605
27a7c847978e3cba,https://gt.linkedin.com/jobs/view/asesor-de-ventas-max-oakland-place-at-grupo-distelsa-4433138082,ASESOR DE VENTAS  - MAX OAKLAND PLACE,Grupo Distelsa,posted,2026-07-07T21:23:37.938571,607
e3d773a6a70e49f8,https://gt.linkedin.com/jobs/view/service-delivery-leader-at-applaudo-4437418684,Service Delivery Leader,,scraped,2026-07-07T21:23:42.660506,
ee9869c4d5dfa830,https://gt.linkedin.com/jobs/view/senior-net-developer-temporary-contract-at-applaudo-4436375512,Senior .NET Developer (temporary contract),,scraped,2026-07-07T21:23:57.317036,
fba800ef0bcbdf90,https://gt.linkedin.com/jobs/view/customer-experience-associate-i-at-conduent-4432327455,Customer Experience Associate I,Conduent,posted,2026-07-07T21:24:11.821214,609
2d4d7bf78355cc1c,https://gt.linkedin.com/jobs/view/recepcionista-administrativa-zona-10-at-hr-talento-4438134219,Recepcionista Administrativa | Zona 10,,scraped,2026-07-08T07:20:46.958972,
ff92686810dba07e,https://gt.linkedin.com/jobs/view/bookkeeper-at-cs-outsource-4436018055,Bookkeeper,CS Outsource,posted,2026-07-08T07:21:37.869962,611
feda0c0fb1741317,https://gt.linkedin.com/jobs/view/monitor-gps-y-telemetr%C3%ADa-at-corporaci%C3%B3n-de-taxi-y-turismo-confianza-s-a-c-4433141133,Monitor GPS y Telemetría,Corporación de Taxi y Turismo Confianza S.A.C.,posted,2026-07-08T07:22:18.279137,613
ceb6e44c7f51d010,https://gt.linkedin.com/jobs/view/piloto-at-servicat-4434504299,Piloto,,scraped,2026-07-08T07:22:22.719874,
4671cc264a91e4a7,https://gt.linkedin.com/jobs/view/netsuite-system-administrator-remote-%E2%80%93-latin-america-at-ground-game-4437850724,NetSuite System Administrator (Remote – Latin America),Ground Game,posted,2026-07-08T07:23:03.765278,615
34447e717a4cba6b,https://gt.linkedin.com/jobs/view/salesforce-administrator-at-gracemark-solutions-4437893434,Salesforce Administrator,GraceMark Solutions,posted,2026-07-08T07:23:29.765746,617
ef76033bdd589f56,https://gt.linkedin.com/jobs/view/recruiter-i-at-conduent-4437792201,Recruiter I,Conduent,posted,2026-07-08T07:23:51.661035,619
638aa0a3d7328cf3,https://gt.linkedin.com/jobs/view/encargado-de-compras-e-importaciones-at-estrategia-y-talento-4438127452,Encargado de Compras e Importaciones,Estrategia y Talento,posted,2026-07-08T07:24:12.152573,621
9fce1f0b5a679e28,https://gt.linkedin.com/jobs/view/asistente-de-tramitolog%C3%ADa-construcci%C3%B3n-at-spectrum-4433977243,Asistente de Tramitología (Construcción),Spectrum,posted,2026-07-08T07:24:37.110205,623
e1bdd2f8c545d4b1,https://gt.linkedin.com/jobs/view/asistente-de-gesti%C3%B3n-de-calidad-at-laboratorios-vizca%C3%ADno-s-a-4438135190,Asistente de Gestión de Calidad,,scraped,2026-07-08T07:24:39.665414,
422a2db398a49399,https://gt.linkedin.com/jobs/view/dwz-reclutador-at-the-darwinzone-4433721361,DWZ - Reclutador,,scraped,2026-07-08T07:24:48.777789,
c4dc298a763aae22,https://gt.linkedin.com/jobs/view/asesor-legal-at-corporaci%C3%B3n-multi-inversiones-4434815405,Asesor Legal,,scraped,2026-07-08T07:24:55.847235,
d89702db693d3d8c,https://gt.linkedin.com/jobs/view/growth-operations-lead-startup-tecnol%C3%B3gica-at-reclutadora-de-personal-latam-4437125434,Growth & Operations Lead- Startup Tecnológica,Reclutadora de Personal Latam,posted,2026-07-08T07:25:15.912275,625
7b2f144d67a52317,https://gt.linkedin.com/jobs/view/content-manager-at-telus-digital-4436872570,Content Manager,,scraped,2026-07-08T07:25:18.557257,
96276a1e755f7174,https://gt.linkedin.com/jobs/view/business-development-representative-at-telus-digital-4417483352,Business Development Representative,,scraped,2026-07-08T07:25:25.552910,
154c887221625380,https://gt.linkedin.com/jobs/view/solicitud-de-propuesta-rfp-no-2026rfp015-at-urc-4436841974,Solicitud de Propuesta (RFP) No. 2026RFP015,URC,posted,2026-07-08T07:25:42.794948,627
863e6383a6c69cb7,https://gt.linkedin.com/jobs/view/internal-audit-reporting-specialist-at-puma-energy-4425878980,Internal Audit Reporting Specialist,,scraped,2026-07-08T07:25:47.439785,
ab27e2152a230a29,https://gt.linkedin.com/jobs/view/analista-de-costos-y-presupuestos-at-rh-inmova-4436973427,Analista de Costos y Presupuestos,RH INMOVA,posted,2026-07-08T07:26:09.357522,629
54c6068dd5e0af47,https://gt.linkedin.com/jobs/view/coordinador-de-presupuestos-at-milenio-tres-constructora-4436390688,Coordinador de presupuestos,MILENIO TRES CONSTRUCTORA,posted,2026-07-08T07:26:26.285679,631
7b6468cf4075f7e8,https://gt.linkedin.com/jobs/view/analista-de-n%C3%B3minas-at-sisap-4435480099,Analista de nóminas,SISAP,posted,2026-07-08T07:26:55.311535,633
a26288ccfde78389,https://gt.linkedin.com/jobs/view/sub-gerente-tienda-maxi-desp-zacapa-at-walmart-de-m%C3%A9xico-y-centroam%C3%A9rica-4435846586,SUB GERENTE TIENDA MAXI DESP ZACAPA,,scraped,2026-07-08T07:26:57.711328,
e8166ffffc9a3706,https://gt.linkedin.com/jobs/view/encargado-de-compras-at-colabora-4436911170,Encargado De Compras.,Colabora,posted,2026-07-08T07:27:25.941330,635
4e93431a1c3829db,https://gt.linkedin.com/jobs/view/auxiliar-de-mantenimiento-y-servicios-generales-para-alamos-san-miguel-petapa-at-canella-s-a-4438149226,AUXILIAR DE MANTENIMIENTO Y SERVICIOS GENERALES PARA ALAMOS-SAN MIGUEL PETAPA,,scraped,2026-07-08T07:27:28.517574,
01422fc539ec55d3,https://gt.linkedin.com/jobs/view/cajero-a-escuintla-at-centro-m%C3%A9dico-4432779801,Cajero (a) Escuintla,,scraped,2026-07-08T07:27:35.836729,
ad13d3a3f2f0611d,https://gt.linkedin.com/jobs/view/jr-technical-writer-at-allied-global-4437478871,Jr. Technical Writer,,scraped,2026-07-08T07:27:42.486367,
b1b7b964a2728fee,https://gt.linkedin.com/jobs/view/carpintero-pl%C3%A1stico-at-grupo-signos-s-a-4438121642,CARPINTERO PLÁSTICO,,scraped,2026-07-08T07:27:49.233944,
5de1cc6635d6c414,https://gt.linkedin.com/jobs/view/analista-de-precios-at-walmart-centroam%C3%A9rica-4438113032,Analista de precios,,scraped,2026-07-08T07:28:02.144820,
89057214122d6e10,https://gt.linkedin.com/jobs/view/asesora-comercial-at-casma-s-a-4436826970,Asesora Comercial,Casma S.A.,posted,2026-07-08T07:28:23.748411,637
08d5459e5cb04c58,https://gt.linkedin.com/jobs/view/auxiliar-contable-at-identity-guatemala-4433734888,Auxiliar Contable,,scraped,2026-07-08T07:28:26.304926,
d7804f9141e9e4bc,https://gt.linkedin.com/jobs/view/innovation-project-manager-at-capgemini-4437777234,Innovation Project Manager,,scraped,2026-07-08T07:28:39.814018,
773ec3eb196f01d9,https://gt.linkedin.com/jobs/view/analista-de-medios-y-maketing-digital-at-grupo-helvetica-4436922248,Analista de medios y Maketing Digital,Grupo Helvetica,posted,2026-07-08T07:29:00.142421,639
41e3756df91c4959,https://gt.linkedin.com/jobs/view/supervisor-de-rutas-y-distribuci%C3%B3n-at-identity-guatemala-4433741643,Supervisor de Rutas y Distribución,,scraped,2026-07-08T07:29:02.752833,
997e95e71c8298eb,https://gt.linkedin.com/jobs/view/t%C3%A9cnico-en-producci%C3%B3n-y-postproducci%C3%B3n-de-audio-at-identity-guatemala-4433723375,Técnico en Producción y Postproducción de Audio,,scraped,2026-07-08T07:29:17.854361,
bbe883dcc35772d2,https://gt.linkedin.com/jobs/view/ayudante-de-mantenimiento-industrial-zona-11-at-identity-guatemala-4432772960,Ayudante de Mantenimiento Industrial / Zona 11,,scraped,2026-07-08T07:29:30.175274,
7411a6fb91843310,https://gt.linkedin.com/jobs/view/analista-de-talent-acquisition-trabajo-remoto-at-bairesdev-4436858467,Analista de Talent Acquisition - Trabajo Remoto,BairesDev,posted,2026-07-08T07:29:52.110303,641
1cf7693b8bfe9d70,https://gt.linkedin.com/jobs/view/operario-de-carga-at-corporaci%C3%B3n-multi-inversiones-4434813493,Operario de Carga,,scraped,2026-07-08T07:29:54.517619,
9d35adbe7f96c710,https://gt.linkedin.com/jobs/view/operador-de-excavadora-ton-k-synergy-at-spectrum-4433994760,Operador de Excavadora Ton K (Synergy),,scraped,2026-07-08T07:30:19.782477,
6ba74a2d123894e9,https://gt.linkedin.com/jobs/view/interinato-maestro-a-auxiliar-preprimaria-at-grupo-helvetica-4436453761,Interinato Maestro(a) Auxiliar Preprimaria,Grupo Helvetica,posted,2026-07-08T07:30:53.214652,643
79548a94e0203f65,https://gt.linkedin.com/jobs/view/coordinador-trade-marketing-at-identity-guatemala-4433749417,Coordinador Trade Marketing,,scraped,2026-07-08T07:30:55.904344,
8ed5cf29a011bbc6,https://gt.linkedin.com/jobs/view/data-entry-at-dhl-express-4434953921,Data Entry,DHL Express,posted,2026-07-08T07:31:19.620575,645
cf27bb7e6b627bd5,https://gt.linkedin.com/jobs/view/subgerente-de-planeaci%C3%B3n-financiera-at-empresa-confidencial-4436868591,Subgerente de Planeación Financiera,Empresa Confidencial,posted,2026-07-08T07:31:33.745502,647
b6f67abc9efb98dd,https://gt.linkedin.com/jobs/view/t%C3%A9cnico-de-aire-acondicionado-hotel-at-hotel-hilton-guatemala-city-4435250539,Técnico de aire acondicionado Hotel,Hotel Hilton Guatemala City,posted,2026-07-08T07:31:47.987461,649
349116591fb57654,https://gt.linkedin.com/jobs/view/asistente-de-perecederos-walmart-naranjo-at-walmart-4437833120,ASISTENTE DE PERECEDEROS WALMART NARANJO,Walmart,posted,2026-07-08T07:32:10.827942,651
43ec793cb6e138ac,https://gt.linkedin.com/jobs/view/encargado-de-tienda-4420986920,Encargado de tienda,ODESA TALENT,posted,2026-07-08T07:32:26.742898,653
3fdbce070dc6487d,https://gt.linkedin.com/jobs/view/content-led-growth-associate-at-mission-inbox-4437715654,Content-Led Growth Associate,Mission Inbox,posted,2026-07-08T07:32:41.283026,655
d4ee2955a0b75714,https://gt.linkedin.com/jobs/view/ai-machine-learning-engineer-remote-latin-america-at-fullstack-4371012938,AI Machine Learning Engineer - Remote - Latin America,FullStack,posted,2026-07-08T07:32:45.932747,505
c532fd033e336f99,https://gt.linkedin.com/jobs/view/planificador-de-abastecimiento-at-corporaci%C3%B3n-multi-inversiones-4434598931,Planificador de Abastecimiento,,scraped,2026-07-08T07:32:50.672228,
1e94e5b1506eca86,https://gt.linkedin.com/jobs/view/mid-level-cms-engineer-sanity-remote-latin-america-at-fullstack-4434632581,Mid-Level CMS Engineer (Sanity) - Remote - Latin America,FullStack,posted,2026-07-08T07:33:00.685747,255
b4c6fbf778935009,https://gt.linkedin.com/jobs/view/auxiliar-de-bodega-at-ketplus-guatemala-4437857165,AUXILIAR DE BODEGA,,scraped,2026-07-08T07:33:05.429490,
b6bb026670931ab0,https://gt.linkedin.com/jobs/view/jefe-de-marca-4437868153,Jefe de marca,…,posted,2026-07-08T07:33:21.955367,657
d6334a78a29a4b59,https://gt.linkedin.com/jobs/view/analista-de-reclutamiento-y-selecci%C3%B3n-de-personal-at-flowing-rivers-technologies-4437804429,Analista de reclutamiento y selección de personal,,scraped,2026-07-08T07:33:24.646810,
1e84e663e4ef174e,https://gt.linkedin.com/jobs/view/instalador-de-sistemas-electr%C3%B3nicos-at-identity-guatemala-4434531905,Instalador de Sistemas Electrónicos,,scraped,2026-07-08T07:33:31.384693,
a12d28885aaa53c2,https://gt.linkedin.com/jobs/view/implementador-pautas-digitales-at-smartds-medialabs-4438152519,Implementador pautas digitales,,scraped,2026-07-08T07:33:42.684212,
743b35430e1a02b9,https://gt.linkedin.com/jobs/view/operador-senior-seguros-at-empresa-confidencial-4436818128,OPERADOR SENIOR SEGUROS,Empresa Confidencial,posted,2026-07-08T07:33:59.923320,659
27774e1847ea3dc6,https://gt.linkedin.com/jobs/view/auxiliar-contable-at-rentokil-guatemala-4436807922,Auxiliar contable,,scraped,2026-07-08T07:34:04.502216,
ca0efd310913aff3,https://gt.linkedin.com/jobs/view/machine-learning-engineer-remote-work-at-bairesdev-4436848716,Machine Learning Engineer - Remote Work,BairesDev,posted,2026-07-08T07:34:21.798218,661
6836b9f12383efbf,https://gt.linkedin.com/jobs/view/salesforce-administrator-at-gracemark-solutions-4437883603,Salesforce Administrator,GraceMark Solutions,scraped,2026-07-08T07:34:25.931350,
322c28fcca7d4335,https://gt.linkedin.com/jobs/view/lic-en-deportes-educaci%C3%B3n-f%C3%ADsica-recreaci%C3%B3n-zacapa-y-guatemala-at-consejo-nacional-del-deporte-la-educaci%C3%B3n-f%C3%ADsica-y-la-recreaci%C3%B3n-4436324978,"Lic. en Deportes, Educación Física, Recreación, Zacapa y Guatemala",,scraped,2026-07-08T07:34:32.609506,
27a4f17faeeee7b3,https://gt.linkedin.com/jobs/view/agente-de-seguridad-jefe-de-grupo-at-equipesca-ind-e-com-ltda-4436454714,Agente de Seguridad (Jefe de Grupo),,scraped,2026-07-08T07:34:38.785907,
f7e781d86d2f1f94,https://gt.linkedin.com/jobs/view/ingeniero-de-seguridad-de-aplicaciones-checkmarx-sast-trabajo-remoto-at-bairesdev-4436849063,Ingeniero de Seguridad de Aplicaciones (Checkmarx / SAST) - Trabajo Remoto,BairesDev,posted,2026-07-08T07:34:57.932335,663
c8487eb58522b2e6,https://gt.linkedin.com/jobs/view/secretario-m%C3%A9dico-zona-10-at-porsalud-guatemala-4436862564,Secretario médico: Zona 10,,scraped,2026-07-08T07:35:02.521152,
2539f7acef69f7cf,https://gt.linkedin.com/jobs/view/vendedora-de-belleza-at-l-a-monz%C3%B3n-y-asociados-4432730417,Vendedora de Belleza,,scraped,2026-07-08T07:35:21.329022,
af82c54ef49117ca,https://gt.linkedin.com/jobs/view/associate-local-hr-services-at-capgemini-4436790994,Associate Local HR Services,,scraped,2026-07-08T07:35:35.480281,
2910719f9d950bf4,https://gt.linkedin.com/jobs/view/gerente-de-trade-marketing-at-empresa-confidencial-4436354491,Gerente de Trade Marketing,Empresa Confidencial,posted,2026-07-08T07:35:55.833147,665
d3a33d663f202890,https://gt.linkedin.com/jobs/view/dise%C3%B1ador-gr%C3%A1fico-junior-at-comelasa-4437836305,Diseñador Gráfico Junior,,scraped,2026-07-08T07:35:58.384754,
fe5a9e0e0ea86feb,https://gt.linkedin.com/jobs/view/asesor-comercial-suministros-industriales-at-identity-guatemala-4434539585,"Asesor Comercial, Suministros Industriales",,scraped,2026-07-08T07:36:05.128777,
d62d2fdbf4097531,https://gt.linkedin.com/jobs/view/recepcionista-zona-10-at-m-a-group-solutions-4438104089,Recepcionista | Zona 10,M&A Group Solutions,posted,2026-07-08T07:36:31.169387,667
72a6de945290a715,https://gt.linkedin.com/jobs/view/bodeguero-automotriz-zona-4-at-canella-s-a-4436117702,BODEGUERO AUTOMOTRIZ ZONA 4,,scraped,2026-07-08T07:36:33.742899,
ef083339056522a0,https://gt.linkedin.com/jobs/view/ingeniero-con-experiencia-en-comercializaci%C3%B3n-de-energ%C3%ADa-el%C3%A9ctrica-at-icontec-4438118765,Ingeniero con experiencia en comercialización de energía eléctrica,,scraped,2026-07-08T07:36:41.141969,
7db166dd2996f76f,https://gt.linkedin.com/jobs/view/executive-assistant-at-workbetternow-4433306629,Executive Assistant,WorkBetterNow,posted,2026-07-08T07:37:10.820299,669
7af64686db59beb4,https://gt.linkedin.com/jobs/view/dibujante-proyectos-civiles-e-industriales-at-enertiva-4438126460,Dibujante - Proyectos civiles e industriales,Enertiva,posted,2026-07-08T07:37:59.694969,671
c256d88d2f91504c,https://gt.linkedin.com/jobs/view/promotor-de-ventas-guatemala-at-t-mapp-4435790040,Promotor de ventas (Guatemala),,scraped,2026-07-08T07:38:04.298939,
03a46d5fab47ca79,https://gt.linkedin.com/jobs/view/implementador-de-campa%C3%B1as-performance-%E2%80%94-senior-at-smartds-medialabs-4438155276,Implementador de Campañas Performance — Senior,,scraped,2026-07-08T07:38:12.864547,
962dd46d522bd338,https://gt.linkedin.com/jobs/view/auxiliar-de-idiomas-alem%C3%A1n-e-ingl%C3%A9s-at-grupo-helvetica-4438138110,Auxiliar de Idiomas (alemán e inglés),Grupo Helvetica,posted,2026-07-08T07:38:31.148012,673
31be1000ed42fc4c,https://gt.linkedin.com/jobs/view/supervisor-de-inventarios-at-asesoria-limited-4436282350,Supervisor de Inventarios,ASESORIA LIMITED,posted,2026-07-08T07:38:42.400623,675
0401922ff7181c5c,https://gt.linkedin.com/jobs/view/sr-brand-manager-fabric-care-at-colgate-palmolive-4427757743,Sr. Brand Manager (Fabric Care),Colgate-Palmolive,posted,2026-07-08T07:38:51.869877,677
ec99ce25c6330f61,https://gt.linkedin.com/jobs/view/repartidor-at-corporaci%C3%B3n-multi-inversiones-4432744371,Repartidor,,scraped,2026-07-08T07:38:56.433107,
c92ad36e077fd5db,https://gt.linkedin.com/jobs/view/analista-contable-espa%C3%B1ol-at-capgemini-4438112078,Analista Contable (Español),,scraped,2026-07-08T07:39:05.567741,
51b69c39216abaef,https://gt.linkedin.com/jobs/view/mechanical-engineer-at-unops-4433709435,Mechanical Engineer,,scraped,2026-07-08T07:39:11.908585,
05b8350f1f068dad,https://gt.linkedin.com/jobs/view/repartidor-at-corporaci%C3%B3n-multi-inversiones-4436293891,Repartidor,,scraped,2026-07-08T07:39:19.597287,
5e2b872103eba82c,https://gt.linkedin.com/jobs/view/process-and-data-analytics-internship-no-remunerado-at-cbc-4433708464,PROCESS AND DATA ANALYTICS INTERNSHIP (NO REMUNERADO),cbc,posted,2026-07-08T07:39:39.258559,679
c234ba79e42ce1a6,https://gt.linkedin.com/jobs/view/ejecutivo-de-ventas-industriales-at-identity-guatemala-4434530947,Ejecutivo de Ventas Industriales,,scraped,2026-07-08T07:39:41.936475,
b7ffe8fc7f577448,https://gt.linkedin.com/jobs/view/ingeniero-electromec%C3%A1nico-at-polymeros-integrados-s-a-4436759641,Ingeniero electromecánico,,scraped,2026-07-08T07:39:53.279960,
47151f1eaf237cd4,https://gt.linkedin.com/jobs/view/operador-televentas-at-corporaci%C3%B3n-multi-inversiones-4434598929,Operador Televentas,,scraped,2026-07-08T07:40:09.559475,
2ef2e9e4d21601b3,https://gt.linkedin.com/jobs/view/jefe-de-tesorer%C3%ADa-sector-financiero-at-empresa-confidencial-4437828912,Jefe de Tesorería Sector Financiero,Empresa Confidencial,posted,2026-07-08T07:40:26.434553,681
68bf906cd69b9520,https://gt.linkedin.com/jobs/view/cmi-operario-de-producci%C3%B3n-amatitl%C3%A1n-at-ac-talentos-4435491842,[CMI] Operario de Producción - Amatitlán,AC Talentos,posted,2026-07-08T07:40:37.437935,683
aa2cd0d37ef891cd,https://gt.linkedin.com/jobs/view/vendedora-de-tienda-de-ropa-at-bc-soluciones-globales-4436964618,Vendedora de tienda de ropa,,scraped,2026-07-08T07:40:40.076714,
460908675b6be10e,https://gt.linkedin.com/jobs/view/banquero-select-at-universia-m%C3%A9xico-4437008453,Banquero Select,,scraped,2026-07-08T07:40:49.712221,
c7e656022f99cb93,https://gt.linkedin.com/jobs/view/especialista-en-gesti%C3%B3n-de-proyectos-ti-at-deloitte-4427024312,Especialista en Gestión de Proyectos TI,Deloitte,posted,2026-07-08T07:41:08.506490,685
5d5ff4451d54d946,https://gt.linkedin.com/jobs/view/generalista-de-recursos-humanos-quetzaltenango-at-empresa-4422605948,Generalista de Recursos Humanos Quetzaltenango,empresa,posted,2026-07-08T07:41:21.634900,687
d6b205fa02927672,https://gt.linkedin.com/jobs/view/movilizador-a-de-bancaseguros-en-unidad-de-canal-banco-at-bam-4437473418,MOVILIZADOR/A DE BANCASEGUROS EN UNIDAD DE CANAL BANCO,,scraped,2026-07-08T07:41:24.248030,
50cf2fdac12ad3d0,https://gt.linkedin.com/jobs/view/jefe-de-aseguramiento-de-la-calidad-at-empresa-confidencial-4436368621,Jefe de aseguramiento de la calidad,Empresa Confidencial,posted,2026-07-08T07:41:41.306360,689
e4a4e589fe610dae,https://gt.linkedin.com/jobs/view/ai-machine-learning-engineer-remote-latin-america-at-fullstack-4371021521,AI Machine Learning Engineer - Remote - Latin America,FullStack,posted,2026-07-08T07:41:54.899806,505
184ef0cb9c9b1051,https://gt.linkedin.com/jobs/view/receptor-pagador-rotativo-at-grupo-ficohsa-hn-4436820964,Receptor Pagador: Rotativo,Grupo Ficohsa HN,posted,2026-07-08T07:42:09.114766,691
a4d183f5a729db0b,https://gt.linkedin.com/jobs/view/t%C3%A9cnico-en-hemodi%C3%A1lisis-at-vantive-4436823869,Técnico en hemodiálisis,Vantive,posted,2026-07-08T07:42:21.151833,693
56d9a0124cd78519,https://gt.linkedin.com/jobs/view/auxiliar-contable-at-cosenza-rh-4436237467,Auxiliar Contable,,scraped,2026-07-08T07:42:25.764054,
be362f8a5f228793,https://gt.linkedin.com/jobs/view/representante-de-servicio-en-campo-con-licencia-de-montacargas-vigente-at-nalco-water-an-ecolab-company-4408560523,Representante de Servicio en Campo - con licencia de montacargas vigente,"Nalco Water, An Ecolab Company",posted,2026-07-08T07:42:40.735922,695
627f3874bb9eef01,https://gt.linkedin.com/jobs/view/receptor-pagador-rotativo-zona-1-y-17-at-grupo-ficohsa-hn-4436839172,Receptor Pagador: Rotativo Zona 1 y 17,Grupo Ficohsa HN,posted,2026-07-08T07:42:58.726509,697
ca4516ccf255ea75,https://gt.linkedin.com/jobs/view/chemistry-lab-data-specialist-at-telus-digital-ai-data-solutions-4437412220,Chemistry & Lab Data Specialist,TELUS Digital AI Data Solutions,posted,2026-07-08T07:43:09.009357,699
96108296e8df4583,https://gt.linkedin.com/jobs/view/virtual-executive-assistant-remote-at-viva-talent-4437810703,Virtual Executive Assistant (Remote),Viva Talent,posted,2026-07-08T07:43:17.953655,349
ced4c498ee971c2c,https://gt.linkedin.com/jobs/view/asistente-de-operaciones-at-capesa-4438119731,Asistente de Operaciones,CAPESA,posted,2026-07-08T07:43:30.555686,701
a7b8927a263fadd3,https://gt.linkedin.com/jobs/view/jefe-de-cobro-externo-at-interconsumo-4437890896,Jefe de Cobro Externo,,scraped,2026-07-08T07:43:33.200379,
72058bf9240da081,https://gt.linkedin.com/jobs/view/asesor-de-repuestos-y-mantenimiento-at-eshop-group-4434575502,Asesor de Repuestos y Mantenimiento,,scraped,2026-07-08T07:43:43.909801,
f1b6a971c737d4ac,https://gt.linkedin.com/jobs/view/executive-assistant-guatemala-at-athena-4435524581,Executive Assistant - Guatemala,,scraped,2026-07-08T07:43:56.188210,
465745df30452633,https://gt.linkedin.com/jobs/view/encargado-de-producci%C3%B3n-at-jg-consulting-latam-4437862207,Encargado de producción,JG Consulting Latam,posted,2026-07-08T07:44:10.707515,703
aa532f0e0348fd13,https://gt.linkedin.com/jobs/view/jefe-de-centro-de-comando-y-control-at-confidential-4437423190,Jefe de Centro de Comando y Control,Confidential,posted,2026-07-08T07:44:23.710804,705
64b0d6585b406ba7,https://gt.linkedin.com/jobs/view/information-technology-analyst-at-atento-4433718413,Information Technology Analyst,Atento,posted,2026-07-08T07:45:42.875144,707
fa380815a2091070,https://gt.linkedin.com/jobs/view/operations-specialist-at-edge-virtual-assistants-4434605555,Operations Specialist,Edge Virtual Assistants,posted,2026-07-08T07:45:51.238183,709
21284d516a62b467,https://gt.linkedin.com/jobs/view/vendedor-montacargas-at-maqsa-4436106626,Vendedor montacargas,MAQSA,posted,2026-07-08T07:46:06.146010,711
2cb83bc26c154394,https://gt.linkedin.com/jobs/view/lider-senior-de-cartera-pyme-at-bac-4436154487,Lider Senior de Cartera Pyme,,scraped,2026-07-08T07:46:12.756193,
de15377592301b32,https://gt.linkedin.com/jobs/view/marketing-communication-content-creator-communications-analyst-at-telus-digital-4416757346,"Marketing & Communication, Content Creator (Communications Analyst)",,scraped,2026-07-08T07:46:21.160636,
e8d28e3591c3596d,https://gt.linkedin.com/jobs/view/accounting-services-associate-iii-at-conduent-4427955644,Accounting Services Associate III,Conduent,posted,2026-07-08T07:46:34.297462,249
48dd3f263ec302bf,https://gt.linkedin.com/jobs/view/el-taier-creativo-digital-at-the-darwinzone-4433725229,el taier - Creativo Digital,,scraped,2026-07-08T07:46:38.926723,
3665937d69bfad47,https://gt.linkedin.com/jobs/view/vendedor-de-servicios-industriales-at-workforce-skills-academy-4437825114,Vendedor de Servicios Industriales,Workforce Skills Academy,posted,2026-07-08T07:46:56.992793,713
75f36b09efdf7738,https://gt.linkedin.com/jobs/view/gerente-de-desarrollo-at-iq-consulting-4435161086,Gerente de Desarrollo,IQ Consulting,posted,2026-07-08T07:47:07.903269,715
b141d5ae59f72550,https://gt.linkedin.com/jobs/view/ejecutivo-de-ventas-mayorista-huehuetenango-at-slc-trade-4435772802,Ejecutivo de Ventas Mayorista - Huehuetenango,,scraped,2026-07-08T07:47:10.495541,
cbe95f2b5aadb674,https://gt.linkedin.com/jobs/view/ejecutiva-de-servicio-al-cliente-b2b-at-the-andres-talent-4436463386,EJECUTIVA DE SERVICIO AL CLIENTE B2B,The Andres Talent,posted,2026-07-08T07:47:26.601660,717
b1a74bae22da4430,https://gt.linkedin.com/jobs/view/customer-success-manager-at-podium-4361558015,Customer Success Manager,Podium,posted,2026-07-08T07:47:35.453997,719
c82f6af2237bfa5c,https://gt.linkedin.com/jobs/view/auxiliar-ii-de-operaciones-en-seccion-de-cuadres-pasivas-y-td-at-bam-4438143157,AUXILIAR II DE OPERACIONES EN SECCION DE CUADRES PASIVAS Y TD,,scraped,2026-07-08T07:47:46.049654,
88aea6dc54089872,https://gt.linkedin.com/jobs/view/talent-acquisition-analyst-remote-work-at-bairesdev-4436867049,Talent Acquisition Analyst - Remote Work,BairesDev,posted,2026-07-08T07:48:00.694157,721
3af1b585064063d1,https://gt.linkedin.com/jobs/view/service-delivery-manager-at-millicom-tigo-4436458189,Service Delivery Manager,,scraped,2026-07-08T07:48:05.363911,
9e46a224d5f5e53d,https://gt.linkedin.com/jobs/view/medical-representative-4437865652,Medical Representative,Dimeca S.A,posted,2026-07-08T07:48:18.769421,723
02f94aff3c644f25,https://gt.linkedin.com/jobs/view/bookkeeper-hospitality-industry-at-howard-4437853852,Bookkeeper (Hospitality Industry),Howard,posted,2026-07-08T07:48:28.264247,725
a7f7c18b82771c23,https://gt.linkedin.com/jobs/view/global-account-manager-at-ifx-networks-4436363565,GLOBAL ACCOUNT MANAGER,,scraped,2026-07-08T07:48:37.454912,
9647ab52e2c57bb8,https://gt.linkedin.com/jobs/view/lider-de-ventas-ciudad-de-guatemala-at-productos-alimenticios-diana-4435236091,Lider de Ventas Ciudad de Guatemala,,scraped,2026-07-08T07:48:44.435906,
ff8d16b596071ad0,https://gt.linkedin.com/jobs/view/especialista-comercial-at-tas-tecnolog%C3%ADa-acceso-seguridad-4432779800,Especialista Comercial,,scraped,2026-07-08T07:48:52.317128,
3dd4d229d8d3e763,https://gt.linkedin.com/jobs/view/colocador-a-at-identity-guatemala-4433737768,Colocador/a,,scraped,2026-07-08T07:49:03.066984,
144f81bbd24061c6,https://gt.linkedin.com/jobs/view/analista-de-productos-bancarios-zona-10-at-grupo-ficohsa-gt-4436820686,Analista de Productos Bancarios: Zona 10,Grupo Ficohsa GT,posted,2026-07-08T07:49:25.317801,727
4921ef1d2fb82c1d,https://gt.linkedin.com/jobs/view/asesor-a-integral-activate18-en-agencia-zentroplaza-t1-at-bam-4434630239,ASESOR/A INTEGRAL (ACTIVATE18) EN AGENCIA ZENTROPLAZA (T1),,scraped,2026-07-08T07:49:27.910301,
6650fe9ef00d1d03,https://gt.linkedin.com/jobs/view/asesor-de-ventas-ftn-at-grupo-suca-4434597406,Asesor de Ventas FTN,,scraped,2026-07-08T07:49:40.427046,
a27c3bda143a6d4d,https://gt.linkedin.com/jobs/view/operations-assistant-at-cs-outsource-4435252174,Operations Assistant,CS Outsource,posted,2026-07-08T07:50:04.029863,729
1fae324e4facdd8e,https://gt.linkedin.com/jobs/view/trainee-finanzas-at-confidential-4427000352,Trainee Finanzas,Confidential,posted,2026-07-08T07:50:14.564946,731
1659a14ce50aba73,https://gt.linkedin.com/jobs/view/asesor-de-ventas-de-campo-at-identity-guatemala-4432383783,Asesor de Ventas de Campo,,scraped,2026-07-08T07:50:31.290194,
d98a361e06177041,https://gt.linkedin.com/jobs/view/analista-de-informacion-5390-48446-at-grupo-ficohsa-hn-4418981741,ANALISTA DE INFORMACION (5390)(48446),Grupo Ficohsa HN,posted,2026-07-08T07:50:52.393020,733
136fd3b6ad3e222e,https://gt.linkedin.com/jobs/view/energy-sales-solutions-specialist-at-telus-digital-4417487033,Energy Sales Solutions Specialist,,scraped,2026-07-08T07:50:55.058309,
d150f7ee8ab9b906,https://gt.linkedin.com/jobs/view/auxiliar-de-pagos-y-administraci%C3%B3n-zona-10-at-grupo-ficohsa-hn-4436855736,Auxiliar de Pagos y Administración: Zona 10,Grupo Ficohsa HN,posted,2026-07-08T07:51:12.560493,735
b6c5c4de2df00ed0,https://gt.linkedin.com/jobs/view/transaction-coordinator-at-cs-outsource-4436835715,Transaction Coordinator,CS Outsource,posted,2026-07-08T07:51:37.434145,737
fd7066e184340963,https://gt.linkedin.com/jobs/view/middle-high-school-science-teacher-c2-fluency-required-at-gentelabora-4427201670,Middle & High School Science Teacher (C2 Fluency Required),,scraped,2026-07-08T07:51:48.085722,
5425dcb717f90bed,https://gt.linkedin.com/jobs/view/asesor-de-ventas-at-corporaci%C3%B3n-proyecta-integral-4400588284,Asesor de Ventas,,scraped,2026-07-08T07:52:00.199890,
0a4f2d7adc925ba1,https://gt.linkedin.com/jobs/view/especialista%E2%80%AFestructurador-at-bam-4436216070,Especialista Estructurador,,scraped,2026-07-08T07:52:07.103297,
fe777c7cae2c7fe1,https://gt.linkedin.com/jobs/view/sales-and-business-development-representative-at-telus-digital-4417489020,Sales and Business Development Representative,,scraped,2026-07-08T07:52:13.379248,
904b52f09568976b,https://gt.linkedin.com/jobs/view/production-support-engineer-id59491-at-agileengine-4434618592,Production Support Engineer ID59491,AgileEngine,posted,2026-07-08T07:52:22.738622,195
69a6f7cbc8473d16,https://gt.linkedin.com/jobs/view/cocinero-taxisco-santa-rosa-at-cb-center-guatemala-4435794938,Cocinero - Taxisco Santa Rosa,,scraped,2026-07-08T07:52:27.185806,
11ea0ccbd0bbdbb7,https://gt.linkedin.com/jobs/view/ingeniero-de-nube-publica-at-empresa-confidencial-4435846728,Ingeniero de Nube Publica,Empresa Confidencial,posted,2026-07-08T07:52:46.213801,739
96cfe2c0f1fb8f1f,https://gt.linkedin.com/jobs/view/mobility-transport-and-urban-planning-experts-at-ntu-international-a-s-4437143436,"Mobility, Transport and Urban Planning Experts",,scraped,2026-07-08T07:52:48.832559,
da60a4d23ac37cff,https://gt.linkedin.com/jobs/view/network-engineer-l2-at-crg-solutions-4436264345,Network Engineer L2,CRG Solutions,posted,2026-07-08T07:53:04.898012,741
7a3f1d56f985dd1f,https://gt.linkedin.com/jobs/view/asistente-de-salud-y-seguridad-ocupacional-at-canella-s-a-4437476682,ASISTENTE DE SALUD Y SEGURIDAD OCUPACIONAL,,scraped,2026-07-08T07:53:09.476107,
32985db43e99fa9b,https://gt.linkedin.com/jobs/view/profiling-specialist-at-millicom-tigo-4437420579,Profiling Specialist,,scraped,2026-07-08T07:53:16.852570,
f37bf3e85335b951,https://gt.linkedin.com/jobs/view/contador-jr-presencial-z-10-at-arkonadvisory-4435892868,"Contador Jr (Presencial, Z.10)",ArkonAdvisory,posted,2026-07-08T07:53:36.598415,743
9cbe5a2fa31593e8,https://gt.linkedin.com/jobs/view/operador-cnoc-soc-at-back-office-smart-solution-4438116126,Operador CNOC/SOC,Back Office Smart Solution,posted,2026-07-08T07:53:52.387022,745
2bf52ce15649d198,https://gt.linkedin.com/jobs/view/ejecutivo-de-seguros-at-grupo-i-4437813309,Ejecutivo de seguros,Grupo I,posted,2026-07-08T07:54:14.930344,747
76e6cab9c5d08c21,https://gt.linkedin.com/jobs/view/ejecutivo-de-ventas-de-proyectos-de-refrigeraci%C3%B3n-y-hvac-at-people-evolution-4436792846,Ejecutivo de Ventas de Proyectos de Refrigeración y HVAC,,scraped,2026-07-08T07:54:25.510501,
60b0ebc22e96f649,https://gt.linkedin.com/jobs/view/programador-senior-at-grupo-balu-4437880579,Programador Senior,,scraped,2026-07-08T07:54:34.296756,
a6fea5b72bc95c79,https://gt.linkedin.com/jobs/view/intern-desarrollo-y-capacitaci%C3%B3n-no-remunerado-at-cbc-4432704511,INTERN DESARROLLO Y CAPACITACIÓN (NO REMUNERADO),cbc,posted,2026-07-08T07:54:59.284914,749
521802ca2528d650,https://gt.linkedin.com/jobs/view/ingeniero-de-datos-at-blanco-silva-consultor%C3%ADa-inform%C3%A1tica-bsci-4437876826,Ingeniero de datos,,scraped,2026-07-08T07:55:04.008739,
c7009b34ec479920,https://gt.linkedin.com/jobs/view/customer-experience-associate-ii-at-conduent-4438169019,Customer Experience Associate II,Conduent,posted,2026-07-08T07:55:24.790585,751
fa19a92172751003,https://gt.linkedin.com/jobs/view/asesor-a-integral-suplente-en-zona-occidente-at-bam-4438128853,ASESOR/A INTEGRAL SUPLENTE EN ZONA OCCIDENTE,,scraped,2026-07-08T07:55:33.395960,
b00f7b4070ebb1e1,https://gt.linkedin.com/jobs/view/gerente-legal-senior-at-empresa-confidencial-4438115058,Gerente Legal Senior,Empresa Confidencial,posted,2026-07-08T07:56:12.000005,753
e0b2c134c6c24c3d,https://gt.linkedin.com/jobs/view/backend-developer-node-js-at-applaudo-4436144747,Backend Developer (Node.js),,scraped,2026-07-08T07:56:23.064811,
16b915ddef5098f1,https://gt.linkedin.com/jobs/view/representante-de-servicio-en-campo-con-licencia-de-montacargas-vigente-at-nalco-water-an-ecolab-company-4408574320,Representante de Servicio en Campo - con licencia de montacargas vigente,"Nalco Water, An Ecolab Company",scraped,2026-07-08T07:56:31.166220,
74284f4010f8f3c6,https://gt.linkedin.com/jobs/view/application-security-engineer-senior-id71668-at-agileengine-4436234039,Application Security Engineer (Senior) ID71668,AgileEngine,posted,2026-07-08T07:56:41.119442,755
8c9035d8657e1707,https://gt.linkedin.com/jobs/view/senior-software-engineer-id74262-at-agileengine-4436832024,Senior Software Engineer ID74262,AgileEngine,posted,2026-07-08T07:56:52.815332,757
686107c01ab30c60,https://gt.linkedin.com/jobs/view/senior-software-engineer-id73087-at-agileengine-4435257099,Senior Software Engineer ID73087,AgileEngine,posted,2026-07-08T07:56:57.713879,245
3bb9f251b08342ae,https://gt.linkedin.com/jobs/view/agentic-product-designer-remote-latin-america-at-fullstack-4417325743,Agentic Product Designer - Remote - Latin America,FullStack,posted,2026-07-08T07:57:02.671890,225
5a860685f58e5380,https://gt.linkedin.com/jobs/view/anuncio-de-empleo-abierto-banco-de-talento-eshopgroup-at-eshop-group-4434591248,Anuncio de Empleo Abierto - Banco de Talento EshopGroup,,scraped,2026-07-08T13:22:26.697545,
d9d7233ce9f1de46,https://gt.linkedin.com/jobs/view/test-at-solvay-4437009729,Test,,scraped,2026-07-08T13:22:35.191469,
f5c59501d2cda4aa,https://gt.linkedin.com/jobs/view/executive-headhunter-remote-work-at-bairesdev-4437055142,Executive Headhunter - Remote Work,BairesDev,posted,2026-07-08T13:22:55.811064,759
e65448b7e4628dc7,https://gt.linkedin.com/jobs/view/test-at-solvay-4437005894,Test,,scraped,2026-07-08T13:23:00.482752,
fd4d7054e4a48dc6,https://gt.linkedin.com/jobs/view/planillero-at-industria-chiquibul-4437881505,Planillero,Industria Chiquibul,posted,2026-07-08T13:23:15.420883,761
6b2b1c5f25e22a48,https://gt.linkedin.com/jobs/view/executive-headhunter-remote-work-at-bairesdev-4437041743,Executive Headhunter - Remote Work,BairesDev,posted,2026-07-08T13:23:22.479874,759
f7e8f57c8cc5a3d6,https://gt.linkedin.com/jobs/view/ejecutivo-de-ruta-huehuetenango-santa-ana-huista-at-millicom-tigo-4434631716,Ejecutivo de Ruta Huehuetenango - Santa Ana Huista,,scraped,2026-07-08T13:23:29.078463,
02057f45dc5af086,https://gt.linkedin.com/jobs/view/invoicer-at-impala-terminals-4418973395,Invoicer,,scraped,2026-07-08T13:23:43.528051,
e2a8fd7156d1c8d9,https://gt.linkedin.com/jobs/view/cient%C3%ADfico-a-de-datos-para-auditor%C3%ADa-interna-at-corporaci%C3%B3n-multi-inversiones-4436296846,Científico(a) de Datos para Auditoría Interna,,scraped,2026-07-08T13:23:56.698155,
ee0f92ea6150cf1f,https://gt.linkedin.com/jobs/view/auxiliar-de-c%C3%A1maras-at-corporaci%C3%B3n-multi-inversiones-4434804752,Auxiliar de Cámaras,,scraped,2026-07-08T13:24:04.509545,
86002f66fd8fcca6,https://gt.linkedin.com/jobs/view/motorista-instalador-de-bater%C3%ADas-at-la-casa-de-las-baterias-4436150592,Motorista - Instalador de baterías,,scraped,2026-07-08T13:24:45.903539,
437ed2b838b9f309,https://gt.linkedin.com/jobs/view/operador-a-i-c-guatemala-at-cargill-4436758801,Operador(a) I - C. Guatemala,Cargill,posted,2026-07-08T13:25:22.840906,763
72cd4c5f58457fa8,https://gt.linkedin.com/jobs/view/opportunities-for-teachers-oportunidad-para-docentes-august-start-4437804101,Opportunities for Teachers / Oportunidad para docentes - August Start,Colegio Han Al Internacional,posted,2026-07-08T13:25:54.449711,765
40dd805284710803,https://gt.linkedin.com/jobs/view/auxiliar-de-bodega-1-at-corporaci%C3%B3n-multi-inversiones-4434801768,Auxiliar de Bodega 1,,scraped,2026-07-08T13:25:59.204975,
60f89405d8f35040,https://gt.linkedin.com/jobs/view/atenci%C3%B3n-al-cliente-kiosko-de-alimentos-at-identity-guatemala-4434850402,Atención al cliente / Kiosko de alimentos,,scraped,2026-07-08T13:26:10.890903,
ab8e1d12314bc07c,https://gt.linkedin.com/jobs/view/empacador-de-snacks-at-identity-guatemala-4434858184,Empacador de Snacks,,scraped,2026-07-08T13:26:29.306509,
ca6018261025dd9f,https://gt.linkedin.com/jobs/view/auxiliar-de-c%C3%A1maras-at-corporaci%C3%B3n-multi-inversiones-4434815404,Auxiliar de Cámaras,,scraped,2026-07-08T13:27:11.902205,
d15682c73b252f21,https://gt.linkedin.com/jobs/view/ingeniero-de-seguridad-de-aplicaciones-checkmarx-sast-trabajo-remoto-at-bairesdev-4436828876,Ingeniero de Seguridad de Aplicaciones (Checkmarx / SAST) - Trabajo Remoto,BairesDev,posted,2026-07-08T13:27:48.974614,663
0408ebfaa66801e1,https://gt.linkedin.com/jobs/view/analista-de-planeamiento-y-control-financiero-at-empresa-confidencial-4437893249,Analista de Planeamiento y Control Financiero,Empresa Confidencial,posted,2026-07-08T13:28:14.601864,767
9232b190736b2041,https://gt.linkedin.com/jobs/view/t%C3%A9cnico-de-soporte-it-ubicaci%C3%B3n-bulevar-los-pr%C3%B3ceres-zona-10-at-biogroup-4436273810,Técnico de Soporte IT- ubicación bulevar los próceres zona 10,,scraped,2026-07-08T13:28:29.322104,
14cb2a0552dd5cf2,https://gt.linkedin.com/jobs/view/gerente-de-tienda-retalhuleu-las-palmas-at-people-evolution-4437720294,Gerente de Tienda (Retalhuleu Las Palmas),,scraped,2026-07-08T13:28:53.069124,
09c7324c67ec0aab,https://gt.linkedin.com/jobs/view/operador-de-montacarga-at-gasthaus-seidl-4433727227,Operador de Montacarga,Gasthaus Seidl,posted,2026-07-08T13:29:22.463506,769
a050bc9634971c44,https://gt.linkedin.com/jobs/view/sales-bdr-b2b-at-teamswell-4437442207,Sales BDR (B2B),Teamswell,posted,2026-07-08T13:29:33.029883,771
d12d0998e8208be6,https://gt.linkedin.com/jobs/view/q-eqchi-audio-transcription-specialist-any-dialect-at-upwork-4433188946,Q'eqchi Audio Transcription Specialist(Any Dialect),Upwork,posted,2026-07-08T13:29:53.714244,773
9b4a3611948121f9,https://gt.linkedin.com/jobs/view/asesor-a-de-servicio-en-agencia-la-torre-at-bam-4436160629,ASESOR/A DE SERVICIO EN AGENCIA LA TORRE,,scraped,2026-07-08T13:29:58.337335,
ef79e4def513a1d5,https://gt.linkedin.com/jobs/view/ejecutivo-cta-pyme-at-universia-m%C3%A9xico-4436878392,Ejecutivo Cta. Pyme,,scraped,2026-07-08T13:30:11.577635,
d02851e03d7389a8,https://gt.linkedin.com/jobs/view/anfitrion-atenci%C3%B3n-al-cliente-at-identity-guatemala-4433184682,Anfitrion / Atención al cliente,,scraped,2026-07-08T13:30:21.129926,
7e7c89381e758e7a,https://gt.linkedin.com/jobs/view/bilingual-medical-appointment-setter-sales-representative-4437732171,Bilingual Medical Appointment Setter & Sales Representative,Virutal Front Desk,posted,2026-07-08T13:30:48.541547,775
ff5843cfc41c0e91,https://gt.linkedin.com/jobs/view/visitador-a-m%C3%A9dico-a-4412931052,Visitador/a Médico/a,Laboratorio Farmaceutico,posted,2026-07-08T13:30:59.840050,777
e277580bf343e4ad,https://gt.linkedin.com/jobs/view/especialista-de-producto-jr-at-promed-4436399464,Especialista de Producto Jr,,scraped,2026-07-08T13:31:02.569631,
462c1ddad9236c49,https://gt.linkedin.com/jobs/view/asistente-en-gesti%C3%B3n-estrat%C3%A9gica-de-propuestas-y-transferencia-de-proyectos-at-universidad-del-valle-de-guatemala-4437489123,Asistente en Gestión Estratégica de Propuestas y Transferencia de Proyectos,Universidad del Valle de Guatemala,posted,2026-07-08T13:31:24.450216,779
f83c7032821b2538,https://gt.linkedin.com/jobs/view/coordinador-de-salud-ocupacional-y-seguridad-industrial-at-yanbal-4437895126,Coordinador de salud ocupacional y seguridad Industrial,Yanbal,posted,2026-07-08T13:31:36.395470,781
48a36a169f71205b,https://gt.linkedin.com/jobs/view/bilingual-qa-compliance-analyst-at-velguz-4437811921,Bilingual QA & Compliance Analyst,,scraped,2026-07-08T13:31:41.031743,
890a8a4d4892e06e,https://gt.linkedin.com/jobs/view/office-based-call-center-agent-huehuetenango-guatemala-at-srr-group-4436835622,"Office-based_Call Center Agent (Huehuetenango, Guatemala)",SRR Group,posted,2026-07-08T13:32:02.511644,783
7749b4ff2107788b,https://gt.linkedin.com/jobs/view/asesor-vendedor-at-sky-zone-guatemala-4416424630,Asesor vendedor,,scraped,2026-07-08T13:32:05.232123,
eacf280791fcbb58,https://gt.linkedin.com/jobs/view/docente-de-matem%C3%A1tica-rotativo-at-liceo-canadiense-4438118784,Docente de Matemática (Rotativo),,scraped,2026-07-08T13:32:17.536914,
7c06af224ac3390c,https://gt.linkedin.com/jobs/view/it-technician-at-cottontextile-4437420673,IT Technician,,scraped,2026-07-08T13:32:24.679928,
9f0bd2b9a59a569b,https://gt.linkedin.com/jobs/view/administrative-assistant-gt-4-at-core-code-io-4437034987,Administrative Assistant GT 4,Core Code io,posted,2026-07-08T13:32:39.393798,785
b8036c6c3ad26d41,https://gt.linkedin.com/jobs/view/analista-de-inteligencia-empresarial-at-gomezlee-marketing-4437892610,Analista de inteligencia empresarial,,scraped,2026-07-08T13:32:42.152210,
c4e9404f27be23cb,https://gt.linkedin.com/jobs/view/program-manager-at-telus-digital-4428430040,Program Manager,,scraped,2026-07-08T13:32:51.400132,
0a17a4aa4aaccfac,https://gt.linkedin.com/jobs/view/ejecutivo-de-cartera-at-corporaci%C3%B3n-de-taxi-y-turismo-confianza-s-a-c-4434533825,Ejecutivo de Cartera,Corporación de Taxi y Turismo Confianza S.A.C.,posted,2026-07-08T13:33:13.331787,787
2739db85f434f8bd,https://gt.linkedin.com/jobs/view/representante-ejecutivo-de-ventas-at-mercado-tecnol%C3%B3gico-4437455166,Representante ejecutivo de ventas,,scraped,2026-07-08T13:33:16.292512,
7d153c82d4f71a43,https://gt.linkedin.com/jobs/view/agentic-aws-devops-engineer-remote-latin-america-at-fullstack-4407585777,Agentic AWS DevOps Engineer - Remote - Latin America,FullStack,posted,2026-07-08T13:33:39.860363,253
fb6f73b42283c125,https://gt.linkedin.com/jobs/view/agentic-elixir-engineer-remote-latin-america-at-fullstack-4388205272,Agentic Elixir Engineer - Remote - Latin America,FullStack,posted,2026-07-08T13:33:45.405121,109
657fea91ed6064f7,https://gt.linkedin.com/jobs/view/agentic-product-designer-remote-latin-america-at-fullstack-4417335524,Agentic Product Designer - Remote - Latin America,FullStack,posted,2026-07-08T13:33:50.397094,225
90462fb71854ea28,https://gt.linkedin.com/jobs/view/agentic-product-designer-remote-latin-america-at-fullstack-4417328718,Agentic Product Designer - Remote - Latin America,FullStack,posted,2026-07-08T13:33:55.898713,225
b278c899c12e7f33,https://gt.linkedin.com/jobs/view/agentic-elixir-engineer-remote-latin-america-at-fullstack-4387988999,Agentic Elixir Engineer - Remote - Latin America,FullStack,posted,2026-07-08T13:34:01.659725,109
77f9cd812423236a,https://gt.linkedin.com/jobs/view/agentic-elixir-engineer-remote-latin-america-at-fullstack-4388205271,Agentic Elixir Engineer - Remote - Latin America,FullStack,scraped,2026-07-08T13:34:06.115330,
e4bd1eab94282a62,https://gt.linkedin.com/jobs/view/agentic-elixir-engineer-remote-latin-america-at-fullstack-4388201442,Agentic Elixir Engineer - Remote - Latin America,FullStack,posted,2026-07-08T13:34:10.974556,109
d305a62e3d40a472,https://gt.linkedin.com/jobs/view/agentic-elixir-engineer-remote-latin-america-at-fullstack-4387990936,Agentic Elixir Engineer - Remote - Latin America,FullStack,posted,2026-07-08T13:34:16.028912,109
47f66b9508111fb4,https://gt.linkedin.com/jobs/view/asesor-de-negocio-pollolandia-huehuetenango-san-marcos-at-corporaci%C3%B3n-multi-inversiones-4434801771,Asesor de Negocio (Pollolandia) - Huehuetenango/San Marcos,,scraped,2026-07-08T13:34:18.550348,
57dbd6bcc6273313,https://gt.linkedin.com/jobs/view/ejecutivo-de-negocios-en-atracci%C3%B3n-de-clientes-nuevos-at-bam-4434536659,Ejecutivo de negocios en atracción de clientes nuevos,,scraped,2026-07-08T13:34:26.139609,
9d5e5583801cb141,https://gt.linkedin.com/jobs/view/asesor-comercial-log%C3%ADstico-at-cresco-4436763643,Asesor Comercial Logístico,Cresco,posted,2026-07-08T13:34:40.666332,789
7badd77d4c3dfa7e,https://gt.linkedin.com/jobs/view/desarrollador-junior-at-puerta-abierta-inmobiliaria-4438103003,Desarrollador Junior,,scraped,2026-07-08T13:34:51.301203,
95f91eed34b83e5d,https://gt.linkedin.com/jobs/view/administrative-assistant-gtm-at-core-code-io-4437048567,Administrative Assistant GTM,Core Code io,posted,2026-07-08T13:35:09.070792,791
8829d4ad0bf35e1c,https://gt.linkedin.com/jobs/view/coordinador-de-presupuestos-para-residir-en-el-salvador-at-see-talent-group-latino-am%C3%A9rica-headhunting-4435212876,Coordinador de presupuestos - Para residir en El Salvador,,scraped,2026-07-08T13:35:15.720279,
c8150fe632562bd9,https://gt.linkedin.com/jobs/view/auxiliar-contable-sin-experiencia-at-identity-guatemala-4434852397,Auxiliar Contable Sin Experiencia,,scraped,2026-07-08T13:35:40.949267,
56c1ec838a386139,https://gt.linkedin.com/jobs/view/supervisor-de-ventas-suroccidente-los-encuentros-solol%C3%A1-at-vitali-alimentos-4436125661,Supervisor de Ventas (Suroccidente) Los Encuentros Sololá,,scraped,2026-07-08T13:36:01.986322,
6de9db6e7101aef5,https://gt.linkedin.com/jobs/view/analista-i-de-operaciones-en-seccion-compensacion-bancaria-at-bam-4437887406,ANALISTA I DE OPERACIONES EN SECCION COMPENSACION BANCARIA,,scraped,2026-07-08T13:36:26.587823,
0c3f6e7265eb3a7f,https://gt.linkedin.com/jobs/view/principal-data-engineer-remote-latin-america-at-fullstack-4436421796,Principal Data Engineer - Remote - Latin America,FullStack,posted,2026-07-08T13:36:50.371861,257
b7a2bd7145a89afa,https://gt.linkedin.com/jobs/view/jefe-de-ventas-coban-sector-tecnologia-at-conecta-reclutamiento-4436271897,JEFE DE VENTAS COBAN (SECTOR TECNOLOGIA),Conecta Reclutamiento,posted,2026-07-08T13:37:01.323913,793
bba671712c33c11f,https://gt.linkedin.com/jobs/view/asesor-de-ventas-at-intepro-4436859036,Asesor de Ventas,,scraped,2026-07-08T13:37:07.893481,
df148ebbd506ac18,https://gt.linkedin.com/jobs/view/customer-service-representative-at-hcltech-4436206503,Customer Service Representative,,scraped,2026-07-08T13:37:14.539209,
c8e0126925f706ab,https://gt.linkedin.com/jobs/view/perito-contador-at-reclutamiento-global-4438127453,Perito Contador,RECLUTAMIENTO GLOBAL,posted,2026-07-08T13:37:36.278527,795
773cadb1622f2abd,https://gt.linkedin.com/jobs/view/coordinador-de-negocios-de-canales-digitales-at-banco-industrial-guatemala-4432733114,Coordinador de Negocios de Canales Digitales,,scraped,2026-07-08T13:37:52.894159,
18a53f6326507aa7,https://gt.linkedin.com/jobs/view/jr-agent-retail-at-dhl-express-4436293104,Jr Agent Retail,DHL Express,posted,2026-07-08T13:38:17.645494,797
b56b018e51c42d93,https://gt.linkedin.com/jobs/view/auxiliar-iii-en-seccion-de-cuadres-activas-y-tc-at-bam-4438137505,AUXILIAR III EN SECCION DE CUADRES ACTIVAS Y TC,,scraped,2026-07-08T13:38:20.392202,
9ee031aa744abc73,https://gt.linkedin.com/jobs/view/agente-inmobiliario-at-propi-4438126009,Agente inmobiliario,Propi,posted,2026-07-08T13:38:36.204108,799
8401f977a1d7ff35,https://gt.linkedin.com/jobs/view/entrenador-de-campo-santa-rosa-jalapa-at-technoserve-4433975694,Entrenador de Campo Santa Rosa / Jalapa,TechnoServe,posted,2026-07-08T13:38:46.258659,801
eaef09b8defa0cca,https://gt.linkedin.com/jobs/view/auxiliar-contable-at-neonet-gt-4437873437,Auxiliar contable,,scraped,2026-07-08T13:38:48.913806,
b7c77144251049f0,https://gt.linkedin.com/jobs/view/asesor-de-ventas-empresarial-at-bac-4438100636,Asesor de Ventas Empresarial,,scraped,2026-07-08T13:38:56.686273,
a0cde586b8d3f57c,https://gt.linkedin.com/jobs/view/analista-de-datos-at-helados-palideli-4434502390,Analista de datos,,scraped,2026-07-08T13:39:11.350834,
44d40376f162ead9,https://gt.linkedin.com/jobs/view/analista-documental-%E2%80%93-proyecto-industrial-at-diprem-global-4434582942,Analista Documental – Proyecto Industrial,,scraped,2026-07-08T13:39:24.136246,
9a346d09be6c428b,https://gt.linkedin.com/jobs/view/asesor-comercial-televenta-%E2%80%93-nivel-junior-at-key-consulting-gt-4437831747,Asesor Comercial Televenta – Nivel Junior,Key Consulting GT,posted,2026-07-08T13:39:43.578422,803
e194de4b5be40b48,https://gt.linkedin.com/jobs/view/financial-controller-at-persotemp%C2%AE-4437872748,Financial Controller,,scraped,2026-07-08T13:39:46.427694,
bd36369cd822dc50,https://gt.linkedin.com/jobs/view/coordinador-ehs-at-gen-staffing-recruiting-4434598214,Coordinador EHS,,scraped,2026-07-08T13:39:53.026752,
44ff24ca9150af59,https://gt.linkedin.com/jobs/view/sports-data-collector-football-jutiapa-guatemala-at-genius-sports-4415299769,"Sports Data Collector (Football) - Jutiapa, Guatemala",,scraped,2026-07-08T13:40:06.404104,
daade126cb4fcdb3,https://gt.linkedin.com/jobs/view/analista-de-datos-de-riesgo-crediticio-at-zigi-app-4436270072,Analista de Datos de Riesgo Crediticio,Zigi App,posted,2026-07-08T13:40:32.896446,805
15559871e0127d6c,https://gt.linkedin.com/jobs/view/back-end-developer-at-atento-4434572208,Back End Developer,Atento,posted,2026-07-08T13:40:46.677781,807
b6cdc58440ac3ca6,https://gt.linkedin.com/jobs/view/security-operations-engineer-at-millicom-tigo-4437443658,Security Operations Engineer,,scraped,2026-07-08T13:40:51.457951,
dc8196e2dd9130c9,https://gt.linkedin.com/jobs/view/telemarketing-at-asesoria-limited-4436276621,Telemarketing,ASESORIA LIMITED,posted,2026-07-08T13:41:05.230540,809
d52ca6cc27f6fff7,https://gt.linkedin.com/jobs/view/ejecutiva-comercial-de-servicios-log%C3%ADsticos-at-truckslogic-4437005776,Ejecutiva Comercial de Servicios Logísticos,,scraped,2026-07-08T13:41:24.022645,
026704150b6a8bab,https://gt.linkedin.com/jobs/view/customer-experience-associate-i-at-conduent-4438164391,Customer Experience Associate I,Conduent,posted,2026-07-08T13:41:44.265108,609
2868b434478a7c5c,https://gt.linkedin.com/jobs/view/analista-contable-zona-14-at-hr-talento-4438119730,Analista Contable | Zona 14,,scraped,2026-07-08T13:41:46.927690,
017b77d88127221e,https://gt.linkedin.com/jobs/view/medical-advisor-at-telus-digital-4417489027,Medical Advisor,,scraped,2026-07-08T13:41:55.507773,
aa74c89c8da754e8,https://gt.linkedin.com/jobs/view/t%C3%A9cnico-de-hemodi%C3%A1lisis-at-vantive-4433466272,Técnico de Hemodiálisis,Vantive,posted,2026-07-08T13:42:17.423029,811
6ec570ce22117118,https://gt.linkedin.com/jobs/view/cardiology-patient-navigator-at-seamless-assist-4437716675,Cardiology Patient Navigator,Seamless Assist,posted,2026-07-08T13:42:23.046965,197
d53a072bedbfbba8,https://gt.linkedin.com/jobs/view/analista-t%C3%A9cnico-i-de-desarrollo-de-software-at-bantrab-4436772191,Analista Técnico I de Desarrollo de Software,Bantrab,posted,2026-07-08T13:42:40.359841,813
d8f1a6e83391dca0,https://gt.linkedin.com/jobs/view/asesor-a-de-servicio-en-agencia-plaza-americas-t1-at-bam-4437820486,ASESOR/A DE SERVICIO EN AGENCIA PLAZA AMERICAS (T1),,scraped,2026-07-08T13:42:45.016062,
87cf6efc770b93cc,https://gt.linkedin.com/jobs/view/auxiliar-contable-4438132868,Auxiliar contable,Asesores Fiscales Financieros,posted,2026-07-08T13:43:06.056546,71
b1952670275c2a7d,https://gt.linkedin.com/jobs/view/cuantificador-y-presupuestador-senior-at-empresa-confidencial-4436901555,Cuantificador y Presupuestador Senior,Empresa Confidencial,posted,2026-07-08T13:43:37.527407,815
89b8ae4a2b23000b,https://gt.linkedin.com/jobs/view/asesora-de-ventas-en-optica-miraflores-zona-11-at-programa-valentina-4436831673,Asesora de Ventas en Optica Miraflores zona 11,,scraped,2026-07-08T13:43:54.373304,
a3a935fb7be802af,https://gt.linkedin.com/jobs/view/tech-customer-specialist-at-telus-digital-4417477728,Tech Customer Specialist,,scraped,2026-07-08T13:44:01.937241,
e73c626f3309d95a,https://gt.linkedin.com/jobs/view/finance-compliance-specialist-accounting-analyst-at-telus-digital-4416649941,"Finance, Compliance Specialist (Accounting Analyst)",,scraped,2026-07-08T13:44:09.020490,
d5ef5d3aafc9783b,https://gt.linkedin.com/jobs/view/agentic-product-designer-remote-latin-america-at-fullstack-4417337503,Agentic Product Designer - Remote - Latin America,FullStack,posted,2026-07-08T13:44:23.441293,225
866d09dbd132e5f3,https://gt.linkedin.com/jobs/view/digital-media-buyer-at-cheil-worldwide-4438229781,Digital Media Buyer,,scraped,2026-07-08T19:00:48.266869,
517d9dc1f7077519,https://gt.linkedin.com/jobs/view/technical-researcher-sourcer-remote-at-remote-raven-4437077604,Technical Researcher / Sourcer (Remote),Remote Raven,posted,2026-07-08T19:01:11.739679,817
e7cc9cb7808d118c,https://gt.linkedin.com/jobs/view/comprador-a-local-at-interacero-4438276715,Comprador/a Local,,scraped,2026-07-08T19:01:24.235488,
b240b4e501e6b59f,https://gt.linkedin.com/jobs/view/agente-de-garant%C3%ADas-at-pacifiko-4437105943,Agente de Garantías,Pacifiko,posted,2026-07-08T19:01:44.098865,819
12f15b20307a4048,https://gt.linkedin.com/jobs/view/promotor-de-canales-alternos-at-fundaci%C3%B3n-g%C3%A9nesis-empresarial-4437076988,Promotor de Canales Alternos,,scraped,2026-07-08T19:01:46.678939,
a2757b354e804d55,https://gt.linkedin.com/jobs/view/analista-de-cuantificaci%C3%B3n-at-constructora-confidencial-4438226982,Analista de Cuantificación,Constructora confidencial,posted,2026-07-08T19:02:03.525058,821
6d2d95ce20210873,https://gt.linkedin.com/jobs/view/model-based-system-engineer-at-capgemini-engineering-4437873108,Model Based System Engineer,,scraped,2026-07-08T19:02:08.028973,
26e8bcdd6a15f402,https://gt.linkedin.com/jobs/view/banco-de-talento-tecnol%C3%B3gico-regional-at-grupo-ficohsa-hn-4437894960,Banco de Talento Tecnológico Regional,Grupo Ficohsa HN,posted,2026-07-08T19:02:24.191610,823
67c037d8b0b5d897,https://gt.linkedin.com/jobs/view/administrador-de-beneficio-at-volcafe-4435225013,Administrador de Beneficio,,scraped,2026-07-08T19:02:26.870448,
a0c83eea6041bc34,https://gt.linkedin.com/jobs/view/supervisor-de-planillas-at-san-diego-s-a-4438281063,Supervisor de Planillas,,scraped,2026-07-08T19:02:37.520547,
6268def514bbc678,https://gt.linkedin.com/jobs/view/analista-de-reclutamiento-at-banco-industrial-guatemala-4434865429,Analista de Reclutamiento,,scraped,2026-07-08T19:02:47.693273,
2188b3cdb88bdd9f,https://gt.linkedin.com/jobs/view/coordinador-de-producci%C3%B3n-at-corporaci%C3%B3n-multi-inversiones-4434598926,Coordinador de Producción,CMI-Corporación Multi Inversiones,posted,2026-07-08T19:03:07.399379,825
06ddf1258e03baa1,https://gt.linkedin.com/jobs/view/freelance-grabaci%C3%B3n-de-tareas-cotidianas-para-proyecto-de-ia-at-toloka-annotators-4437767426,Freelance: grabación de tareas cotidianas para proyecto de IA,Toloka Annotators,posted,2026-07-08T19:03:27.409053,827
1bd40004f80a2c02,https://gt.linkedin.com/jobs/view/l%C3%ADder-de-equipo-de-ventas-at-tripleten-4436434821,Líder de Equipo de Ventas,TripleTen,posted,2026-07-08T19:03:44.519827,829
dbf2cf1e830d7f91,https://gt.linkedin.com/jobs/view/asistente-del-departamento-de-veh%C3%ADculos-at-people-evolution-4437004772,Asistente del Departamento de Vehículos,,scraped,2026-07-08T19:03:49.081373,
32b0f2534e2e35f8,https://gt.linkedin.com/jobs/view/operario-de-producci%C3%B3n-1-at-corporaci%C3%B3n-multi-inversiones-4434804747,Operario de Producción 1,CMI-Corporación Multi Inversiones,posted,2026-07-08T19:04:18.563373,831
dd0b92547ef300e3,https://gt.linkedin.com/jobs/view/freelance-grabaci%C3%B3n-de-tareas-cotidianas-para-proyecto-de-ia-at-toloka-annotators-4437752877,Freelance: grabación de tareas cotidianas para proyecto de IA,Toloka Annotators,posted,2026-07-08T19:04:28.346565,833
5a0ea7a511bcf7e9,https://gt.linkedin.com/jobs/view/head-of-maintenance-at-confidential-jobs-4438258769,Head of Maintenance,Confidential Jobs,posted,2026-07-08T19:04:37.547971,835
ecf151a3f3446459,https://gt.linkedin.com/jobs/view/capacitador-movil-at-cooperativa-ecosaba-r-l-4438261141,Capacitador movil,,scraped,2026-07-08T19:04:42.356619,
39c8cee2369c11d2,https://gt.linkedin.com/jobs/view/devops-engineer-junior-at-nyxn-4438240085,DevOps Engineer Junior,,scraped,2026-07-08T19:05:17.019478,
11a863edeeb6df5c,https://gt.linkedin.com/jobs/view/operario-de-granja-at-corporaci%C3%B3n-multi-inversiones-4434598927,Operario de Granja,CMI-Corporación Multi Inversiones,posted,2026-07-08T19:05:39.515808,837
d165ba5e3349586d,https://gt.linkedin.com/jobs/view/recruiting-manager-remote-work-at-bairesdev-4437070600,Recruiting Manager - Remote Work,BairesDev,posted,2026-07-08T19:05:51.898849,839
06696630bff5efa7,https://gt.linkedin.com/jobs/view/product-security-engineer-remote-work-at-bairesdev-4437060460,Product Security Engineer - Remote Work,BairesDev,posted,2026-07-08T19:06:09.592390,841
b4d65597c6f6f237,https://gt.linkedin.com/jobs/view/sast-engineer-remote-work-ref%23295990-at-bairesdev-4432470191,SAST Engineer - Remote Work | REF#295990,BairesDev,posted,2026-07-08T19:06:20.005132,843
0fd4846cfce7ee4a,https://gt.linkedin.com/jobs/view/q-eqchi-guatemala-audio-transcription-specialist-at-upwork-4433178615,Q'eqchi (Guatemala)  Audio Transcription Specialist,Upwork,posted,2026-07-08T19:06:29.997335,845
a353c4c1a406dea3,https://gt.linkedin.com/jobs/view/project-manager-de-implementaci%C3%B3n-de-soluciones-tecnol%C3%B3gicas-at-blanco-silva-consultor%C3%ADa-inform%C3%A1tica-bsci-4437079739,Project Manager de Implementación de Soluciones Tecnológicas,,scraped,2026-07-08T19:06:38.611399,
840ac74348a487fb,https://gt.linkedin.com/jobs/view/supervisor-de-ventas-villa-nueva-sector-tecnologia-at-conecta-reclutamiento-4438118785,SUPERVISOR DE VENTAS VILLA NUEVA  (SECTOR TECNOLOGIA),Conecta Reclutamiento,posted,2026-07-08T19:06:55.387221,847
b124a2e55a70e83a,https://gt.linkedin.com/jobs/view/cocineros-at-identity-guatemala-4433141130,Cocineros,,scraped,2026-07-08T19:06:58.100795,
6c5e58a3032eeb3c,https://gt.linkedin.com/jobs/view/gerente-de-ventas-at-cibus-holdings-4434571717,Gerente de Ventas,CIBUS Holdings,posted,2026-07-08T19:07:23.620326,849
c823a11dd93611e4,https://gt.linkedin.com/jobs/view/ejecutivo-comercial-de-suministros-y-herramientas-industriales-at-identity-guatemala-4434535742,Ejecutivo Comercial de Suministros  y Herramientas Industriales,,scraped,2026-07-08T19:07:26.283122,
30dc5af2fc10ca42,https://gt.linkedin.com/jobs/view/mex-ejecutivo-cta-pyme-at-universia-m%C3%A9xico-4437008454,MEX Ejecutivo Cta. Pyme,,scraped,2026-07-08T19:07:44.661392,
5a37b69cf0572e98,https://gt.linkedin.com/jobs/view/high-school-geometry-teacher-at-colegio-interamericano-guatemala-4438281285,High School Geometry Teacher,"Colegio Interamericano, Guatemala",posted,2026-07-08T19:08:30.827641,851
4cd1d52fbb36b8bc,https://gt.linkedin.com/jobs/view/compliance-monitoring-analyst-bpo-at-velguz-4437841277,Compliance Monitoring Analyst (BPO),,scraped,2026-07-08T19:08:33.749198,
4bfc4deae0b34626,https://gt.linkedin.com/jobs/view/tlmk-2026-julio-at-millicom-tigo-4436477452,TLMK 2026 Julio,,scraped,2026-07-08T19:08:42.052448,
5ff63195fbca15ee,https://gt.linkedin.com/jobs/view/client-insights-specialist-at-iqvia-4436895696,Client Insights Specialist,IQVIA,posted,2026-07-08T19:08:56.414189,853
84f2df73e189c772,https://gt.linkedin.com/jobs/view/operario-de-producci%C3%B3n-1-at-corporaci%C3%B3n-multi-inversiones-4434805704,Operario de Producción 1,CMI-Corporación Multi Inversiones,scraped,2026-07-08T19:09:04.486567,
49fb38b35b74a272,https://gt.linkedin.com/jobs/view/kam-moderno-at-empresa-confidencial-4434882503,KAM MODERNO,Empresa Confidencial,posted,2026-07-08T19:09:16.439280,855
947bbe3108d1a83f,https://gt.linkedin.com/jobs/view/analista-de-telecomunicaciones-at-tav-guatemala-4438150837,Analista de telecomunicaciones,TAV Guatemala,posted,2026-07-08T19:09:42.146469,857
52f3e5c3baee70e1,https://gt.linkedin.com/jobs/view/analista-de-mejora-continua-at-verity-4438105493,Analista de Mejora Continua,,scraped,2026-07-08T19:09:49.111819,
0aca330e7a4da236,https://gt.linkedin.com/jobs/view/gerente-de-logistica-y-distribuci%C3%B3n-at-ideastalento-4438258709,GERENTE DE LOGISTICA Y DISTRIBUCIÓN,,scraped,2026-07-08T19:10:00.158454,
4d16b1bab7deede0,https://gt.linkedin.com/jobs/view/marketing-manager-at-visa-4438279093,Marketing Manager,Visa,posted,2026-07-08T19:10:28.329818,859
b4a99e773bc6c0cc,https://gt.linkedin.com/jobs/view/french-bilingual-customer-service-specialist-at-talentpop-app-4434876659,French Bilingual Customer Service Specialist,TalentPop App,posted,2026-07-08T19:10:44.487843,861
ddc61fc9836a152f,https://gt.linkedin.com/jobs/view/french-bilingual-customer-service-specialist-at-talentpop-app-4434885509,French Bilingual Customer Service Specialist,TalentPop App,posted,2026-07-08T19:11:01.490808,861
65d62f37a5f2e12d,https://gt.linkedin.com/jobs/view/pintor-de-estructuras-at-grupo-signos-s-a-4438122606,PINTOR DE ESTRUCTURAS,,scraped,2026-07-08T19:11:10.233821,
92394081b2bb53e1,https://gt.linkedin.com/jobs/view/coordinador-jr-de-cobranza-at-banco-gyt-continental-4437897534,Coordinador Jr. de Cobranza,,scraped,2026-07-08T19:11:24.407371,
92f3bd4af377502f,https://gt.linkedin.com/jobs/view/empleado-de-tienda-at-action-4437410818,Empleado de tienda,,scraped,2026-07-08T19:11:31.085538,
9d422bbd22f8c1ea,https://gt.linkedin.com/jobs/view/cmi-operario-de-despacho-amatitl%C3%A1n-at-ac-talentos-4435488881,[CMI] Operario de Despacho - Amatitlán,AC Talentos,posted,2026-07-08T19:12:00.301471,863
320017f346030642,https://gt.linkedin.com/jobs/view/analista-senior-de-datos-de-sostenibilidad-at-banco-gyt-continental-4438226738,Analista Senior de Datos de Sostenibilidad,,scraped,2026-07-08T19:12:02.953288,
1639f2183c63f04e,https://gt.linkedin.com/jobs/view/cajero-auxiliar-de-cocina-at-identity-guatemala-4434867030,Cajero / Auxiliar de cocina,,scraped,2026-07-08T19:12:19.418789,
818086fdb4d3bd7a,https://gt.linkedin.com/jobs/view/analista-de-negocios-con-agile-trabajo-remoto-at-bairesdev-4436220406,Analista de Negocios con Agile - Trabajo Remoto,BairesDev,posted,2026-07-08T19:12:41.308833,865
cdf60a5ae5ee314e,https://gt.linkedin.com/jobs/view/agentic-product-designer-remote-latin-america-at-fullstack-4417335521,Agentic Product Designer - Remote - Latin America,FullStack,posted,2026-07-08T19:12:48.302300,225
d9582d12eaa9d45d,https://gt.linkedin.com/jobs/view/agentic-elixir-engineer-remote-latin-america-at-fullstack-4387997644,Agentic Elixir Engineer - Remote - Latin America,FullStack,posted,2026-07-08T19:12:54.595040,109
c85d7b1573fbb1dc,https://gt.linkedin.com/jobs/view/instructor-cedecap-b4b-at-corporaci%C3%B3n-multi-inversiones-4434806699,Instructor Cedecap B4B,CMI-Corporación Multi Inversiones,posted,2026-07-08T19:13:08.877240,867
004124e9286997e7,https://gt.linkedin.com/jobs/view/asesor-a-legal-en-unidad-juridica-de-asuntos-regulatorios-y-resolucion-de-controversias-at-bam-4437891266,ASESOR/A LEGAL EN UNIDAD JURIDICA DE ASUNTOS REGULATORIOS Y RESOLUCION DE CONTROVERSIAS,,scraped,2026-07-08T19:13:22.497250,
e90fff23c6a9dcdc,https://gt.linkedin.com/jobs/view/associate-technical-program-manager-new-account-pradera-telus-digital-gt-at-telus-digital-4417485199,Associate Technical Program Manager - New Account - Pradera - TELUS Digital GT,,scraped,2026-07-08T19:13:47.583976,
40073d5fc545be62,https://gt.linkedin.com/jobs/view/ai-machine-learning-engineer-remote-latin-america-at-fullstack-4371023487,AI Machine Learning Engineer - Remote - Latin America,FullStack,posted,2026-07-08T19:13:57.196756,505
90bb6cc93a4c8487,https://gt.linkedin.com/jobs/view/gestor-de-campo-at-corporaci%C3%B3n-multi-inversiones-4434819336,Gestor de Campo,CMI-Corporación Multi Inversiones,posted,2026-07-08T19:14:12.452271,869
6e54445410f8ab75,https://gt.linkedin.com/jobs/view/ai-machine-learning-engineer-remote-latin-america-at-fullstack-4371024455,AI Machine Learning Engineer - Remote - Latin America,FullStack,posted,2026-07-08T19:14:17.682513,505
0596eb0ea657b042,https://gt.linkedin.com/jobs/view/auxiliar-de-operaciones-en-seccion-de-operaciones-pasivas-at-bam-4436509033,AUXILIAR DE OPERACIONES EN SECCION DE OPERACIONES PASIVAS,,scraped,2026-07-08T19:14:20.344058,
19d015dacb0b4b44,https://gt.linkedin.com/jobs/view/power-supply-support-specialist-at-telus-digital-4417480650,Power Supply Support Specialist,,scraped,2026-07-08T19:14:26.960972,
20e2efe517d948db,https://gt.linkedin.com/jobs/view/junior-hiring-associate-at-capgemini-4438263674,Junior Hiring Associate,,scraped,2026-07-08T19:14:36.254953,
6096c84bc7b75e42,https://gt.linkedin.com/jobs/view/asistente-cedi-smp-alamos-at-identity-guatemala-4432774974,Asistente Cedi (SMP Alamos),,scraped,2026-07-08T19:14:42.665993,
50effffca2facb05,https://gt.linkedin.com/jobs/view/patient-advocate-level-i-biling-at-medrisk-4437072767,Patient Advocate Level I-Biling,MedRisk,posted,2026-07-08T19:15:03.560112,871
409e626c2b1f34f4,https://gt.linkedin.com/jobs/view/contador-a-at-boxful-latam-4438271827,Contador/a,,scraped,2026-07-08T19:15:12.155682,
67dd15a50a8c4a4a,https://gt.linkedin.com/jobs/view/encargado-de-valet-parking-portales-at-spectrum-4434595598,Encargado de Valet Parking (Portales),,scraped,2026-07-08T19:15:18.769043,
a0c099d3f4581de6,https://gt.linkedin.com/jobs/view/virtual-executive-assistant-remote-at-viva-talent-4438256259,Virtual Executive Assistant (Remote),Viva Talent,posted,2026-07-08T19:15:30.952301,349
428a0931336418cf,https://gt.linkedin.com/jobs/view/desarrollador-jr-at-calzado-roy-4438245862,Desarrollador JR.,,scraped,2026-07-08T19:15:47.598748,
3b44ba3ff62c0daa,https://gt.linkedin.com/jobs/view/digital-media-planner-at-grupo-wol-4438284033,Digital Media Planner,Grupo WOL,posted,2026-07-08T19:16:05.803977,873
1cf0ca04a63f2925,https://gt.linkedin.com/jobs/view/especialista-en-aduanas-at-asesoria-tr-4437858492,Especialista en aduanas,,scraped,2026-07-08T19:16:16.331524,
44422aa30cbfcf5e,https://gt.linkedin.com/jobs/view/core-vas-engineer-at-millicom-tigo-4438253837,Core & VAS Engineer,,scraped,2026-07-08T19:16:39.529324,
9b65bb88bbe579ea,https://gt.linkedin.com/jobs/view/t%C3%A9cnico-de-desarrollo-at-binario-4438267764,Técnico de Desarrollo,Binario,posted,2026-07-08T19:17:13.280588,875
fc869dbc3b5a362e,https://gt.linkedin.com/jobs/view/digital-marketing-specialist-at-vxi-global-solutions-4437082452,Digital Marketing Specialist,VXI Global Solutions,posted,2026-07-08T19:17:26.392019,877
f9819c92151e1ba1,https://gt.linkedin.com/jobs/view/business-operations-analyst-i-at-conduent-4418969924,Business Operations Analyst I,Conduent,posted,2026-07-08T19:17:38.196883,879
7961e63ec8d7fadd,https://gt.linkedin.com/jobs/view/finance-reporting-specialist-at-capgemini-4436163994,Finance Reporting Specialist,,scraped,2026-07-08T19:17:49.239181,
f516e6e28f7cfb6f,https://gt.linkedin.com/jobs/view/capacitador-at-plus-technologies-innovations-4437072492,Capacitador,Plus Ti,posted,2026-07-08T19:18:08.120138,881
c2ace75322ff6aaa,https://gt.linkedin.com/jobs/view/property-management-coordinator-at-telehunt-4438279528,Property Management Coordinator,Telehunt,posted,2026-07-08T19:18:16.982536,883
17e777e44aaa5bfb,https://gt.linkedin.com/jobs/view/spanish-bilingual-customer-service-specialist-at-talentpop-app-4434889410,Spanish Bilingual Customer Service Specialist,TalentPop App,posted,2026-07-08T19:18:37.970192,885
6a60a3c5de8f79fb,https://gt.linkedin.com/jobs/view/vendedor-de-tarjetas-de-cr%C3%A9dito-at-asesoria-limited-4436284333,Vendedor de Tarjetas de Crédito,ASESORIA LIMITED,posted,2026-07-08T19:19:00.193548,887
3d6a5c726b00602d,https://gt.linkedin.com/jobs/view/materials-engineering-specialist-at-telus-digital-ai-data-solutions-4437195906,Materials Engineering Specialist,TELUS Digital AI Data Solutions,posted,2026-07-08T19:19:12.322623,889
08676df9cc8d6be4,https://gt.linkedin.com/jobs/view/onboarding-project-manager-latam-at-cloudbeds-4419520419,Onboarding Project Manager - LATAM,Cloudbeds,posted,2026-07-08T19:19:26.594854,891
c3a2a49ef91c003a,https://gt.linkedin.com/jobs/view/supervisor-de-vallas-gran-formato-at-jcdecaux-4437874468,Supervisor de Vallas (Gran Formato),,scraped,2026-07-08T19:19:29.340165,
08e5b43ad121ac99,https://gt.linkedin.com/jobs/view/encargado-de-valet-parking-oakland-place-at-spectrum-4434865978,Encargado de Valet Parking (Oakland Place),,scraped,2026-07-08T19:19:40.352401,
119ee2303c2987c0,https://gt.linkedin.com/jobs/view/promotor-agropecuario-at-fundaci%C3%B3n-g%C3%A9nesis-empresarial-4437088507,Promotor Agropecuario,,scraped,2026-07-08T19:19:48.257775,
13b42b8bd1596ce2,https://gt.linkedin.com/jobs/view/contador-general-at-grupo-lafise-4437424299,Contador General,Grupo LAFISE,posted,2026-07-08T19:20:12.617166,893
1d5eeb2817563a78,https://gt.linkedin.com/jobs/view/spanish-bilingual-customer-service-specialist-at-talentpop-app-4434874656,Spanish Bilingual Customer Service Specialist,TalentPop App,scraped,2026-07-08T19:20:24.860017,
2b430c255857dc4a,https://gt.linkedin.com/jobs/view/spanish-bilingual-customer-service-specialist-at-talentpop-app-4434874582,Spanish Bilingual Customer Service Specialist,TalentPop App,scraped,2026-07-08T19:20:29.069757,
7039a920a4fa42fe,https://gt.linkedin.com/jobs/view/spanish-bilingual-customer-service-specialist-at-talentpop-app-4434883318,Spanish Bilingual Customer Service Specialist,TalentPop App,scraped,2026-07-08T19:20:33.259975,
8929e14e66455da2,https://gt.linkedin.com/jobs/view/spanish-bilingual-customer-service-specialist-at-talentpop-app-4434875699,Spanish Bilingual Customer Service Specialist,TalentPop App,posted,2026-07-08T19:20:54.598057,885
4ccae471124fde24,https://gt.linkedin.com/jobs/view/spanish-bilingual-customer-service-specialist-at-talentpop-app-4434874735,Spanish Bilingual Customer Service Specialist,TalentPop App,scraped,2026-07-08T19:20:59.104313,
219d0e8a13cbced8,https://gt.linkedin.com/jobs/view/spanish-bilingual-customer-service-specialist-at-talentpop-app-4434872739,Spanish Bilingual Customer Service Specialist,TalentPop App,scraped,2026-07-08T19:21:03.568986,
e3a1a7df2dc78744,https://gt.linkedin.com/jobs/view/spanish-bilingual-customer-service-specialist-at-talentpop-app-4434880417,Spanish Bilingual Customer Service Specialist,TalentPop App,scraped,2026-07-08T19:21:07.707311,
65c7622f28484208,https://gt.linkedin.com/jobs/view/spanish-bilingual-customer-service-specialist-at-talentpop-app-4434891182,Spanish Bilingual Customer Service Specialist,TalentPop App,scraped,2026-07-08T19:21:11.942269,
cc110dff76cc9089,https://gt.linkedin.com/jobs/view/spanish-bilingual-customer-service-specialist-at-talentpop-app-4434870708,Spanish Bilingual Customer Service Specialist,TalentPop App,scraped,2026-07-08T19:21:16.493251,
9e94aac48b3a4630,https://gt.linkedin.com/jobs/view/spanish-bilingual-customer-service-specialist-at-talentpop-app-4434875503,Spanish Bilingual Customer Service Specialist,TalentPop App,scraped,2026-07-08T19:21:20.822736,
668c71bbed8c06f8,https://gt.linkedin.com/jobs/view/ejecutivo-de-ventas-canal-digital-at-talent-match-guatemala-4438281344,Ejecutivo de ventas-Canal Digital,Talent Match Guatemala,posted,2026-07-08T19:21:34.609573,895
0ac2fd5970e34000,https://gt.linkedin.com/jobs/view/hiring-journey-analyst-remote-work-at-bairesdev-4436814472,Hiring Journey Analyst - Remote Work,BairesDev,posted,2026-07-08T19:21:46.929504,897
5f03d7537bfa4029,https://gt.linkedin.com/jobs/view/business-operations-analyst-i-at-conduent-4418986084,Business Operations Analyst I,Conduent,scraped,2026-07-08T19:21:59.202742,
8e907409cc67bc45,https://gt.linkedin.com/jobs/view/analista-de-datos-senior-at-empresa-confidencial-4434699320,ANALISTA DE DATOS SENIOR,Empresa Confidencial,posted,2026-07-08T19:22:14.545746,899
2a39b55876da0969,https://gt.linkedin.com/jobs/view/ejecutivo-a-de-televenta-multiproducto-tc-at-banco-gyt-continental-4438275801,EJECUTIVO (A) DE TELEVENTA MULTIPRODUCTO TC,,scraped,2026-07-08T19:22:17.224634,
389935c195557aec,https://gt.linkedin.com/jobs/view/crm-manager-remote-work-at-bairesdev-4436811596,CRM Manager - Remote Work,BairesDev,posted,2026-07-08T19:22:36.680757,901
edc085bdf4960897,https://gt.linkedin.com/jobs/view/consultor-t%C3%A9cnico-ms-d365-at-gyssa-4438256489,Consultor Técnico MS D365,,scraped,2026-07-08T19:22:43.375392,
fbf076f3d42ec198,https://gt.linkedin.com/jobs/view/ejecutivo-a-de-servicio-al-cliente-inplant-at-wtw-4428189417,Ejecutivo (a) de Servicio al Cliente Inplant,WTW,posted,2026-07-08T19:23:03.504320,903
dcba8f1ef73e4cf5,https://gt.linkedin.com/jobs/view/abogado-a-con-experiencia-en-juicios-at-empresa-confidencial-4437053379,Abogado/a con experiencia en juicios,Empresa Confidencial,posted,2026-07-08T19:23:15.620750,905
8be414955f5182f6,https://gt.linkedin.com/jobs/view/coordinador-de-agua-potable-y-dise%C3%B1o-hidrosanitario-at-happymondays-com-gt-4438255292,Coordinador de Agua Potable y Diseño Hidrosanitario,,scraped,2026-07-08T19:23:26.514557,
58180f517e91f42c,https://gt.linkedin.com/jobs/view/arquitecta-asistente-t%C3%A9cnica-administrativa-at-vielca-ingenieros-s-a-4437778755,Arquitecta - Asistente Técnica Administrativa,,scraped,2026-07-08T19:23:45.346271,
999e1862c828c2f0,https://gt.linkedin.com/jobs/view/asesora-comercial-de-ciberseguridad-at-scube-s-a-4437484683,Asesora Comercial de Ciberseguridad,,scraped,2026-07-08T19:23:58.672223,
48ad2dc3f0a7596f,https://gt.linkedin.com/jobs/view/t%C3%A9cnico-de-soporte-inform%C3%A1tico-at-biteseit-4438262142,Técnico de Soporte Informático,BITESEIT,posted,2026-07-08T19:24:18.262278,907
c93359d3478c436c,https://gt.linkedin.com/jobs/view/m%C3%A9dico-veterinario-zootecnista-asesor-t%C3%A9cnico-at-granjazul-4438267372,Médico Veterinario Zootecnista Asesor Técnico,,scraped,2026-07-08T19:24:35.015019,
2c1e037dc9a1314e,https://gt.linkedin.com/jobs/view/analista-de-seguridad-de-aplicaciones-code-review-trabajo-remoto-ref%23296123-at-bairesdev-4432467681,Analista de Seguridad de Aplicaciones (Code Review) - Trabajo Remoto | REF#296123,BairesDev,posted,2026-07-08T19:24:47.397532,909
97008fac6115a0f5,https://gt.linkedin.com/jobs/view/customer-experience-associate-ii-at-conduent-4438166150,Customer Experience Associate II,Conduent,posted,2026-07-08T19:24:53.043092,751
0a46a122c287bb9b,https://gt.linkedin.com/jobs/view/ejecutivo-de-ventas-sr-naranjo-at-grupo-ficohsa-gt-4436822806,Ejecutivo de Ventas SR: Naranjo,Grupo Ficohsa GT,posted,2026-07-08T19:25:08.051922,911
5600d1f660303d83,https://gt.linkedin.com/jobs/view/l%C3%ADder-t%C3%A9cnico-de-desarrollo-tech-lead-at-binario-4438276124,Líder Técnico de Desarrollo (Tech Lead),Binario,posted,2026-07-08T19:25:21.237362,913
f63b87b5b779057c,https://gt.linkedin.com/jobs/view/representante-de-ventas-4438228944,Representante de Ventas,"Grupo Kamil,S.A",posted,2026-07-08T19:25:28.774151,915
dd9ff91e9ea0eed2,https://gt.linkedin.com/jobs/view/appsec-engineer-id71671-at-agileengine-4437450467,AppSec Engineer ID71671,AgileEngine,posted,2026-07-08T19:25:43.598391,917
174c22b4eb3451e5,https://gt.linkedin.com/jobs/view/monitor-de-seguridad-industrial-at-constructora-bekasi-s-a-4437829512,Monitor de Seguridad Industrial,Constructora Bekasi S.A.,posted,2026-07-08T19:25:56.906770,919
073a29a06bdbf955,https://gt.linkedin.com/jobs/view/contador-general-at-soluciones-en-acero-s-a-4438249995,CONTADOR GENERAL,,scraped,2026-07-08T19:25:59.612471,
f4e3a82c4d3c0123,https://gt.linkedin.com/jobs/view/sub-administrador-planilla-variable-teculut%C3%A1n-at-walmart-centroam%C3%A9rica-4436124027,SUB ADMINISTRADOR PLANILLA VARIABLE TECULUTÁN,,scraped,2026-07-08T19:26:06.314519,
60682fbe7275bc07,https://gt.linkedin.com/jobs/view/asistente-comercial-at-walmart-centroam%C3%A9rica-4438502834,Asistente comercial,,scraped,2026-07-08T23:48:16.241121,
ac7478d719cf5056,https://gt.linkedin.com/jobs/view/gestor-de-pedidos-at-corporaci%C3%B3n-multi-inversiones-4434820295,Gestor de Pedidos,,scraped,2026-07-08T23:48:28.636402,
b212bc6a053080e7,https://gt.linkedin.com/jobs/view/encargado-de-bodega-2-at-corporaci%C3%B3n-multi-inversiones-4434812481,Encargado de Bodega 2,,scraped,2026-07-08T23:48:42.188808,
c2b305bebf05ea86,https://gt.linkedin.com/jobs/view/bodeguero-de-repuestos-carcha-at-canella-s-a-4438532296,BODEGUERO DE REPUESTOS - CARCHA,,scraped,2026-07-08T23:48:53.122987,
f7cb8f927899578a,https://gt.linkedin.com/jobs/view/legal-case-manager-%E2%80%93-personal-injury-at-solvo-global-4434576800,Legal Case Manager – Personal Injury,Solvo Global,posted,2026-07-08T23:49:35.167445,921
ed8f35485b1a407d,https://gt.linkedin.com/jobs/view/comprador-de-medios-atl-at-empresa-confidencial-4438295921,Comprador  de Medios  ATL,Empresa Confidencial,posted,2026-07-08T23:49:51.433436,923
2d3a8b7c129a4c2c,https://gt.linkedin.com/jobs/view/dibujante-calculista-at-terceriza2-4437858700,Dibujante Calculista,Terceriza2,posted,2026-07-08T23:50:04.725150,925
17740e4b529c297f,https://gt.linkedin.com/jobs/view/comprador-at-interacero-4438287263,Comprador,,scraped,2026-07-08T23:50:35.099042,
d8f8aa9c012ef6ee,https://gt.linkedin.com/jobs/view/t%C3%A9cnico-de-soporte-electrom%C3%A9dico-at-innovaciones-m%C3%A9dicas-4437082631,Técnico de Soporte Electromédico,Innovaciones Médicas,posted,2026-07-08T23:51:18.526381,927
888c9da8564bf000,https://gt.linkedin.com/jobs/view/graphic-design-executive-at-koin-limited-4438243920,Graphic Design Executive,,scraped,2026-07-08T23:51:23.098030,
90df081ba16b23a7,https://gt.linkedin.com/jobs/view/analista-de-microbiolog%C3%ADa-at-eurofarma-4437806506,Analista de Microbiología,,scraped,2026-07-08T23:51:31.617949,
9934e6824d57df7a,https://gt.linkedin.com/jobs/view/asietente-de-ventas-administrativo-at-ghc-talent-4438521750,Asietente de ventas administrativo,GHC Talent,posted,2026-07-08T23:51:54.615847,929
1f178594cb4e225a,https://gt.linkedin.com/jobs/view/piloto-de-transporte-pesado-at-corporaci%C3%B3n-multi-inversiones-4432744370,Piloto de Transporte Pesado,,scraped,2026-07-08T23:52:01.245384,
596957cbd8276e0e,https://gt.linkedin.com/jobs/view/cocineros-atenci%C3%B3n-al-cliente-at-identity-guatemala-4433190337,Cocineros / Atención al cliente,,scraped,2026-07-08T23:52:08.690941,
1b5a64becb76f678,https://gt.linkedin.com/jobs/view/auxiliar-contable-zona-11-at-identity-guatemala-4433751378,Auxiliar  Contable Zona 11,,scraped,2026-07-08T23:52:30.845050,
113372771045c403,https://gt.linkedin.com/jobs/view/record-your-daily-routine-get-paid-ai-training-remote-at-toloka-annotators-4437751056,Record Your Daily Routine & Get Paid - AI Training (Remote),Toloka Annotators,posted,2026-07-08T23:52:51.182963,325
8ca1a81808019ff4,https://gt.linkedin.com/jobs/view/auxiliar-de-mantenimiento-at-identity-guatemala-4432716942,Auxiliar de Mantenimiento,,scraped,2026-07-08T23:52:53.781761,
73fd36d9aea216e4,https://gt.linkedin.com/jobs/view/encargado-de-mantenimiento-las-margaritas-at-spectrum-4435611202,Encargado de Mantenimiento (Las Margaritas),,scraped,2026-07-08T23:53:13.827873,
e768bacdb49b0b54,https://gt.linkedin.com/jobs/view/legal-operations-billing-clerk-at-telus-digital-4417478727,Legal Operations Billing Clerk,,scraped,2026-07-08T23:53:21.021873,
6af8f5c61748efa0,https://gt.linkedin.com/jobs/view/operario-de-despacho-at-corporaci%C3%B3n-multi-inversiones-4434899338,Operario de Despacho,,scraped,2026-07-08T23:53:31.719287,
6c99b3bf44253ab0,https://gt.linkedin.com/jobs/view/operario-de-despacho-at-corporaci%C3%B3n-multi-inversiones-4435605171,Operario de Despacho,,scraped,2026-07-08T23:53:38.587546,
8205318d707cc325,https://gt.linkedin.com/jobs/view/auxiliar-de-reparto-at-corporaci%C3%B3n-multi-inversiones-4435607136,Auxiliar de Reparto,,scraped,2026-07-08T23:53:45.377100,
36e612ff791d3b87,https://gt.linkedin.com/jobs/view/ai-data-annotation-specialist-trilingual-french-guatemala-el-salvador-at-telus-digital-4428007381,"AI, Data Annotation Specialist - Trilingual (French) | Guatemala - El Salvador",,scraped,2026-07-08T23:53:54.231407,
82171501caa0a4d9,https://gt.linkedin.com/jobs/view/asesor-de-ventas-de-insumos-alimenticios-at-identity-guatemala-4434850403,Asesor de Ventas de Insumos Alimenticios,,scraped,2026-07-08T23:54:06.616140,
c63375b74be19cf8,https://gt.linkedin.com/jobs/view/project-manager-inmobiliario-grandes-proyectos-at-macro-recursos-humanos-4438530432,Project Manager Inmobiliario - Grandes Proyectos,,scraped,2026-07-08T23:54:18.913320,
36ea92ad86213544,https://gt.linkedin.com/jobs/view/spanish-content-editing-expert-remote-at-yo-it-consulting-4436015653,Spanish Content Editing Expert - Remote,,scraped,2026-07-08T23:54:31.170055,
7b54763973fb048a,https://gt.linkedin.com/jobs/view/asesor-comercial-b2b-junior-tecnolog%C3%ADa-at-sintegradas-s-a-4436916405,Asesor Comercial B2B Junior - Tecnología,,scraped,2026-07-08T23:54:39.554536,
3770f33e9ebcbcbd,https://gt.linkedin.com/jobs/view/oficial-de-caja-y-servicio-al-cliente-zona-10-at-porsalud-guatemala-4436867116,Oficial de Caja y Servicio al Cliente: Zona 10,,scraped,2026-07-08T23:54:50.702908,
84628538340277c6,https://gt.linkedin.com/jobs/view/lbl-print-arts-dise%C3%B1ador-gr%C3%A1fico-con-experiencia-en-dise%C3%B1o-digital-at-ac-talentos-4435708191,[LBL PRINT & ARTS] Diseñador Gráfico con Experiencia en Diseño Digital,AC Talentos,posted,2026-07-08T23:55:30.135795,931
3d24a9eaa72a56b4,https://gt.linkedin.com/jobs/view/tecnico-en-equipo-de-generacion-de-agua-at-human-solutions-4436170026,TECNICO EN EQUIPO DE GENERACION DE AGUA,Human Solutions,posted,2026-07-08T23:55:45.991500,933
9d8ffbf51c850b17,https://gt.linkedin.com/jobs/view/cajero-a-la-ruidosa-izabal-at-grupo-tomza-4436832655,Cajero (a) La Ruidosa Izabal,,scraped,2026-07-08T23:55:50.475583,
1df1c047f7097a48,https://gt.linkedin.com/jobs/view/supervisor-conservaci%C3%B3n-industrial-at-corporaci%C3%B3n-multi-inversiones-4434807663,Supervisor Conservación Industrial,,scraped,2026-07-08T23:55:56.536253,
9c34cecf55b50e22,https://gt.linkedin.com/jobs/view/innovation-project-manager-at-capgemini-4437766835,Innovation Project Manager,,scraped,2026-07-08T23:56:05.347528,
93cfffda5e30f277,https://gt.linkedin.com/jobs/view/creador-a-de-contenido-pov-para-ia-remoto-at-toloka-annotators-4437757841,Creador(a) de Contenido POV para IA - Remoto,Toloka Annotators,posted,2026-07-08T23:56:21.529281,935
cc8c1175d24ac4f2,https://gt.linkedin.com/jobs/view/vendedor-mayorista-at-identity-guatemala-4434515012,Vendedor mayorista,,scraped,2026-07-08T23:56:26.172147,
56579643a6005d3f,https://gt.linkedin.com/jobs/view/jefe-de-compras-at-people-gt-4436282348,jefe de compras,,scraped,2026-07-08T23:56:42.208322,
411b9d0817e3ac08,https://gt.linkedin.com/jobs/view/operador-a-de-montacarga-escuintla-at-cargill-4434566769,Operador(a) de Montacarga - Escuintla,Cargill,posted,2026-07-08T23:57:03.296590,937
b0530d330aecae51,https://gt.linkedin.com/jobs/view/mesero-para-resturante-premium-zona-14-ciudad-at-cb-center-guatemala-4436001529,Mesero para Resturante Premium - Zona 14 Ciudad,,scraped,2026-07-08T23:57:13.844944,
956a8b96e3570956,https://gt.linkedin.com/jobs/view/visitador-medico-at-mercafarma-4436285325,Visitador Medico,,scraped,2026-07-08T23:57:24.482192,
ef39e0ae7451aee2,https://gt.linkedin.com/jobs/view/especialista-en-construcci%C3%B3n-de-soluciones-con-ia-at-stactory-4438505482,Especialista en construcción de soluciones con IA,Stactory,posted,2026-07-08T23:57:46.197222,939
e1a0e90dd92bd5eb,https://gt.linkedin.com/jobs/view/data-base-administrator-engineer-at-millicom-tigo-4438254824,Data Base Administrator Engineer,,scraped,2026-07-08T23:57:48.873315,
1b280a65da0d45c9,https://gt.linkedin.com/jobs/view/tester-remoto-at-blanco-silva-consultor%C3%ADa-inform%C3%A1tica-bsci-4437092339,Tester Remoto,,scraped,2026-07-08T23:57:57.950216,
99c03a20b714b76c,https://gt.linkedin.com/jobs/view/encargado-de-bodega-at-packsys-4285047631,Encargado de Bodega,,scraped,2026-07-08T23:58:14.435361,
ccfb8c5503e227aa,https://gt.linkedin.com/jobs/view/analista-cadena-de-suministros-at-paggo-4438512246,Analista Cadena de Suministros,,scraped,2026-07-08T23:58:20.730075,
b16aa8f4f04ad261,https://gt.linkedin.com/jobs/view/t%C3%A9cnico-de-revisi%C3%B3n-t%C3%A9cnica-topogr%C3%A1fica-at-sba-communications-4437091786,Técnico de Revisión Técnica Topográfica,SBA Communications,posted,2026-07-08T23:58:42.487413,941
79ed0c7084a18c23,https://gt.linkedin.com/jobs/view/coordinador-de-mercadeo-at-universidad-del-valle-de-guatemala-4438531223,Coordinador de Mercadeo,Universidad del Valle de Guatemala,posted,2026-07-08T23:58:59.275467,943
409cb31b67addedc,https://gt.linkedin.com/jobs/view/cluster-director-central-america-mexico-and-dominican-republic-4438521136,"Cluster Director Central America, Mexico and Dominican Republic",Plan Internacional,posted,2026-07-08T23:59:12.365093,945
3834e75dbddccf87,https://gt.linkedin.com/jobs/view/ibe-social-deployment-at-colgate-palmolive-4434857849,IBE Social Deployment,Colgate-Palmolive,posted,2026-07-08T23:59:25.157834,523
3f9b7aeee2ca47db,https://gt.linkedin.com/jobs/view/ingeniero-de-servicio-t%C3%A9cnico-at-jack-technology-4438129588,Ingeniero de Servicio Técnico,,scraped,2026-07-08T23:59:35.776299,
b4b9d7832636625d,https://gt.linkedin.com/jobs/view/tech-lead-sanity-cms-remote-latin-america-at-fullstack-4427109588,Tech Lead (Sanity CMS) - Remote - Latin America,FullStack,posted,2026-07-08T23:59:48.239685,305
a67bea88b3339f9d,https://gt.linkedin.com/jobs/view/tech-lead-sanity-cms-remote-latin-america-at-fullstack-4427092832,Tech Lead (Sanity CMS) - Remote - Latin America,FullStack,posted,2026-07-08T23:59:53.186947,305
f2aee014c0190487,https://gt.linkedin.com/jobs/view/marketing-specialist-at-sync-4438285895,Marketing Specialist,SYNC,posted,2026-07-09T00:00:09.591228,339
4b423eb080c5d845,https://gt.linkedin.com/jobs/view/ai-machine-learning-engineer-remote-latin-america-at-fullstack-4371012937,AI Machine Learning Engineer - Remote - Latin America,FullStack,posted,2026-07-09T00:00:42.093689,505
f861c385e9920a26,https://gt.linkedin.com/jobs/view/responsable-de-higiene-seguridad-y-medio-ambiente-hse-at-alpla-group-4437490246,"Responsable de Higiene, Seguridad y Medio Ambiente (HSE)",,scraped,2026-07-09T00:01:00.779360,
f753c9ede57d9724,https://gt.linkedin.com/jobs/view/analista-de-datos-jr-at-miscorp-s-a-4425673185,Analista de datos Jr,,scraped,2026-07-09T00:01:09.749985,
94f832701e9dbbae,https://gt.linkedin.com/jobs/view/alba%C3%B1il-de-acabados-at-identity-guatemala-4434866051,Albañil de Acabados,,scraped,2026-07-09T00:02:19.827223,
4836414e7fe22bbd,https://gt.linkedin.com/jobs/view/managing-director-americas-at-rainforest-alliance-4437893435,"Managing Director, Americas",Rainforest Alliance,posted,2026-07-09T00:02:41.793635,947
dc05b5abc3a9f189,https://gt.linkedin.com/jobs/view/auxiliar-contable-at-its-4438516735,Auxiliar contable,,scraped,2026-07-09T00:02:48.388279,
783ae3919fa76b67,https://gt.linkedin.com/jobs/view/asistente-legal-at-megaprocesos-central-america-and-caribbean-4437880421,Asistente legal,,scraped,2026-07-09T00:04:17.975844,
921a20be2227bc66,https://gt.linkedin.com/jobs/view/especialista-en-propuestas-de-inversi%C3%B3n-at-impulsa-gt-4436214374,Especialista en propuestas de inversión,Impulsa gt,posted,2026-07-09T00:05:37.189507,949
da9f32fcaf0d0fc9,https://gt.linkedin.com/jobs/view/ejecutiva-senior-de-desarrollo-de-negocios-at-grupo-itsa-4438105385,Ejecutiva Senior de Desarrollo de Negocios,,scraped,2026-07-09T00:05:39.842190,
976856fe44f784b8,https://gt.linkedin.com/jobs/view/t%C3%A9cnico-de-dise%C3%B1o-gr%C3%A1fico-y-producci%C3%B3n-at-tod-ok-4438518747,Técnico de Diseño Gráfico y Producción,,scraped,2026-07-09T00:06:06.318104,
47f6118c6b9dd829,https://gt.linkedin.com/jobs/view/especialista-de-transformacion-10058-49004-at-grupo-ficohsa-hn-4438106598,ESPECIALISTA DE TRANSFORMACION (10058) - 49004,Grupo Ficohsa HN,posted,2026-07-09T00:07:29.731757,951
c07510f5fa571ef1,https://gt.linkedin.com/jobs/view/lider-de-servicio-i-en-agencia-jutiapa-at-bam-4438522082,LIDER DE SERVICIO I EN AGENCIA JUTIAPA,,scraped,2026-07-09T00:07:36.368003,
d7c03ec7c000e5f3,https://gt.linkedin.com/jobs/view/asesor-a-de-servicio-en-agencia-roosevelt-at-bam-4437888401,ASESOR/A DE SERVICIO EN AGENCIA ROOSEVELT,,scraped,2026-07-09T00:07:44.787449,
69cb10d201c535ea,https://gt.linkedin.com/jobs/view/devops-engineer-ai-model-evaluator-at-mercor-4435032006,DevOps Engineer - AI Model Evaluator,Mercor,posted,2026-07-09T00:08:02.463270,953
729215408efcd67b,https://gt.linkedin.com/jobs/view/especialista-de-soporte-t%C3%A9cnico-at-uno-centroam%C3%A9rica-4437323238,ESPECIALISTA DE SOPORTE TÉCNICO,,scraped,2026-07-09T00:08:09.109533,
f4d12a3d9d424fa3,https://gt.linkedin.com/jobs/view/accounting-services-associate-iii-at-conduent-4429934368,Accounting Services Associate III,Conduent,posted,2026-07-09T00:08:18.915457,249
c0bcb9f585e8196d,https://gt.linkedin.com/jobs/view/asesor-de-cobro-judicial-call-center-at-gestionadora-de-cr%C3%A9ditos-4438529460,Asesor de Cobro Judicial - Call Center,,scraped,2026-07-09T00:08:21.559827,
dd35d07ad16d68ad,https://gt.linkedin.com/jobs/view/consultor-preventa-sector-tecnolog%C3%ADa-at-nexsys-centroam%C3%A9rica-y-caribe-4438282784,Consultor Preventa - Sector Tecnología,,scraped,2026-07-09T00:09:50.879359,
71524987999e23a8,https://gt.linkedin.com/jobs/view/jefe-de-mercadeo-at-grupo-lubrisol-4438519770,Jefe de Mercadeo,,scraped,2026-07-09T00:09:59.352325,
cb5e5b84877cc14e,https://gt.linkedin.com/jobs/view/qa-automation-engineer-node-js-distributed-systems-at-applaudo-4436128702,QA Automation Engineer (Node.js & Distributed Systems),,scraped,2026-07-09T00:10:08.806850,
ac8be1f28c940adc,https://gt.linkedin.com/jobs/view/ingeniero-de-preventa-at-its-4436267642,Ingeniero de preventa,,scraped,2026-07-09T00:10:15.465651,
aaeaa3acdc5403f1,https://gt.linkedin.com/jobs/view/jr-sourcing-specialist-at-cargill-4426851664,Jr. Sourcing Specialist,Cargill,posted,2026-07-09T00:11:37.912107,955
4c8c2cfd0b197ea5,https://gt.linkedin.com/jobs/view/associate-business-advisor-at-capgemini-4438101413,Associate Business Advisor,,scraped,2026-07-09T00:11:42.613227,
ff21c59336e712f2,https://gt.linkedin.com/jobs/view/desarrollador-junior-outsourcing-at-das-global-corporation-4438243918,Desarrollador Junior (Outsourcing),,scraped,2026-07-09T00:12:52.699695,
c42edb19ca21aa96,https://gt.linkedin.com/jobs/view/principal-data-engineer-remote-latin-america-at-fullstack-4436427465,Principal Data Engineer - Remote - Latin America,FullStack,posted,2026-07-09T00:13:08.745258,257
530d3fdf35661014,https://gt.linkedin.com/jobs/view/full-stack-engineer-react-%2B-kotlin-remote-latin-america-at-fullstack-4438525345,Full Stack Engineer (React + Kotlin) - Remote - Latin America,FullStack,posted,2026-07-09T00:13:18.466642,957
0ecd26af5de3a494,https://gt.linkedin.com/jobs/view/tecnico-electricista-instalador-at-identity-guatemala-4434550047,Tecnico Electricista Instalador,,scraped,2026-07-09T00:13:21.069160,
09154c2d3665889d,https://gt.linkedin.com/jobs/view/spanish-bilingual-customer-service-specialist-at-talentpop-app-4434874802,Spanish Bilingual Customer Service Specialist,TalentPop App,posted,2026-07-09T00:13:37.525489,885
bd17a6a2da64e984,https://gt.linkedin.com/jobs/view/spanish-bilingual-customer-service-specialist-at-talentpop-app-4434872650,Spanish Bilingual Customer Service Specialist,TalentPop App,scraped,2026-07-09T00:13:41.663527,
12ecb14be11066fd,https://gt.linkedin.com/jobs/view/spanish-bilingual-customer-service-specialist-at-talentpop-app-4434890426,Spanish Bilingual Customer Service Specialist,TalentPop App,scraped,2026-07-09T00:13:45.814165,
7113236331594819,https://gt.linkedin.com/jobs/view/analista-i-de-operaciones-en-seccion-de-operaciones-pasivas-at-bam-4437893133,ANALISTA I DE OPERACIONES EN SECCION DE OPERACIONES PASIVAS,,scraped,2026-07-09T00:13:52.767936,
98e43208c76892a0,https://gt.linkedin.com/jobs/view/ejecutivo-de-ventas-de-cr%C3%A9ditos-de-consumo-at-banco-promerica-guatemala-4438264450,Ejecutivo de Ventas de Créditos de Consumo,,scraped,2026-07-09T00:15:18.839305,
4ce76b3aefa2c53a,https://gt.linkedin.com/jobs/view/asistente-de-departamento-de-ingenier%C3%ADa-4438290470,Asistente de departamento de Ingeniería,"INTEGRATEL, Sociedad Anónima",posted,2026-07-09T00:15:31.505964,959
035b68ac5d68f96b,https://gt.linkedin.com/jobs/view/t%C3%A9cnico-en-refrigeraci%C3%B3n-y-aire-acondicionado-at-excelencia-en-capital-humano-4438222824,Técnico en Refrigeración y Aire acondicionado,Excelencia en Capital Humano,posted,2026-07-09T00:15:43.374509,961
9415e8ef68c56e87,https://gt.linkedin.com/jobs/view/spanish-bilingual-customer-service-specialist-at-talentpop-app-4434878638,Spanish Bilingual Customer Service Specialist,TalentPop App,posted,2026-07-09T00:16:04.470881,885
e0a60dd44ed04677,https://gt.linkedin.com/jobs/view/spanish-bilingual-customer-service-specialist-at-talentpop-app-4434876643,Spanish Bilingual Customer Service Specialist,TalentPop App,scraped,2026-07-09T00:16:08.605331,
edfdbf7e64b435f9,https://gt.linkedin.com/jobs/view/senior-security-consultant-at-scale-up-recruiting-partners-4436532288,Senior Security Consultant,Scale Up Recruiting Partners,posted,2026-07-09T00:16:16.627538,401
00a0db81f7c02179,https://gt.linkedin.com/jobs/view/ejecutivo-de-sala-de-ventas-y-facturaci%C3%B3n-at-stmedic-4438513802,Ejecutivo de sala de ventas y facturación,,scraped,2026-07-09T00:16:39.188162,
ab1ceadd99332eaf,https://gt.linkedin.com/jobs/view/senior-grc-consultant-at-scale-up-recruiting-partners-4436537137,Senior GRC Consultant,Scale Up Recruiting Partners,posted,2026-07-09T00:16:55.297872,405
74b4f1f633f76a65,https://gt.linkedin.com/jobs/view/qa-tester-middle-semi-senior-at-binario-4438263430,QA Tester Middle semi Senior,Binario,posted,2026-07-09T00:17:14.841087,963
e30c6d28f8e19ff0,https://gt.linkedin.com/jobs/view/asesor-comercial-de-tecnolog%C3%ADa-at-tas-tecnolog%C3%ADa-acceso-seguridad-4434548374,Asesor Comercial de Tecnología,,scraped,2026-07-09T00:17:17.420592,
da39d0403fceb4f9,https://gt.linkedin.com/jobs/view/referral-coordinator-bilingual-english-spanish-at-staffing-for-doctors-4435607257,Referral Coordinator (Bilingual English/Spanish),Staffing For Doctors,posted,2026-07-09T00:18:35.566405,965
700ebd49077ba05c,https://gt.linkedin.com/jobs/view/vendedora-institucional-at-caremed-4437075473,Vendedora institucional,,scraped,2026-07-09T00:18:42.155677,
ca8116e229305537,https://gt.linkedin.com/jobs/view/jefe-de-canal-mayorista-at-grupo-aje-4435602068,Jefe de Canal Mayorista,,scraped,2026-07-09T00:18:59.240632,
bd980844843edcae,https://gt.linkedin.com/jobs/view/servicio-profesional-de-consultor%C3%ADa-en-redacci%C3%B3n-de-contenido-web-at-universidad-del-valle-de-guatemala-4437886878,Servicio Profesional de Consultoría en Redacción de Contenido Web,Universidad del Valle de Guatemala,posted,2026-07-09T00:19:16.009784,967
b3991c99b6018495,https://gt.linkedin.com/jobs/view/capital-investments-sr-analyst-capex-opex-at-pepsico-4432718601,Capital Investments Sr Analyst (CAPEX/OPEX),PepsiCo,posted,2026-07-09T00:19:25.335687,969
4a7a86b9d6c8379b,https://gt.linkedin.com/jobs/view/senior-data-scientist-id71658-at-agileengine-4436920234,Senior Data Scientist ID71658,AgileEngine,posted,2026-07-09T00:19:34.310933,213
30bd304ce31578f9,https://gt.linkedin.com/jobs/view/t%C3%A9cnico-de-equipos-hp-y-asesor-de-ventas-tecnolog%C3%ADa-para-santalu-at-canella-s-a-4434586952,TÉCNICO DE EQUIPOS HP Y ASESOR DE VENTAS TECNOLOGÍA PARA SANTALU,,scraped,2026-07-09T00:19:37.024264,
c50e35aca766bfc0,https://gt.linkedin.com/jobs/view/sales-occupancy-tax-analyst-at-howard-4438294396,Sales & Occupancy Tax Analyst,Howard,posted,2026-07-09T00:19:55.148169,971
d71603c6f2bb4d17,https://gt.linkedin.com/jobs/view/executive-assistant-guatemala-at-athena-4435045992,Executive Assistant - Guatemala,,scraped,2026-07-09T00:19:57.850186,
d328319d5366dadc,https://gt.linkedin.com/jobs/view/ingeniero-de-planta-senior-at-tata-accesorios-globales-s-a-4438515538,Ingeniero de Planta Senior,"TATA-Accesorios Globales, S.A.",posted,2026-07-09T00:20:25.406969,973
efd21ce425a16076,https://gt.linkedin.com/jobs/view/profesor-fitness-1-2-tiempo-para-boulevard-san-cristobal-at-smart-fit-guatemala-4437086545,Profesor Fitness 1/2 Tiempo para Boulevard San Cristobal,,scraped,2026-07-09T00:20:27.993900,
8d8120792bc97865,https://gt.linkedin.com/jobs/view/jefe-legal-para-casa-de-cobranza-at-gestionadora-de-cr%C3%A9ditos-4438519769,Jefe Legal para Casa de Cobranza,,scraped,2026-07-09T00:20:34.425073,
a1eb29045e94fd8a,https://gt.linkedin.com/jobs/view/asesor-a-integral-en-agencia-zacapa-catedral-at-bam-4438148007,ASESOR/A INTEGRAL EN AGENCIA ZACAPA CATEDRAL,,scraped,2026-07-09T00:21:49.679793,
8fe7f5519d078202,https://gt.linkedin.com/jobs/view/trade-spend-commercial-finance-sr-analyst-at-pepsico-4433129643,Trade Spend & Commercial Finance Sr. Analyst,PepsiCo,posted,2026-07-09T00:22:05.319578,593
1c8c60c34e89ac8c,https://gt.linkedin.com/jobs/view/planner-digital-at-smartds-medialabs-4437472679,Planner Digital,,scraped,2026-07-09T00:22:21.929510,
f1a2ad928615b212,https://gt.linkedin.com/jobs/view/maestro-a-de-ingl%C3%A9s-at-instituto-guatemalteco-americano-iga-4438297871,Maestro (a) de Inglés,,scraped,2026-07-09T11:29:21.590382,
4b615679ef7293cf,https://gt.linkedin.com/jobs/view/conserje-para-hotel-zona-1-at-identity-guatemala-4432786557,Conserje para Hotel / Zona 1,,scraped,2026-07-09T11:29:33.877113,
8ad6d4c382c75cb6,https://gt.linkedin.com/jobs/view/operario-de-producci%C3%B3n-1-at-corporaci%C3%B3n-multi-inversiones-4435615003,Operario de Producción 1,,scraped,2026-07-09T11:29:50.042895,
88091ff2fc671610,https://gt.linkedin.com/jobs/view/operario-de-producci%C3%B3n-1-at-corporaci%C3%B3n-multi-inversiones-4435604215,Operario de Producción 1,,scraped,2026-07-09T11:29:59.651722,
da737bec15d20592,https://gt.linkedin.com/jobs/view/asistente-de-aseguramiento-de-calidad-y-direcci%C3%B3n-t%C3%A9cnica-at-estrategia-y-talento-4438140027,Asistente de Aseguramiento de Calidad y Dirección Técnica.,Estrategia y Talento,posted,2026-07-09T11:30:25.852526,975
8b16bcc279a0eb6e,https://gt.linkedin.com/jobs/view/encargado-de-compras-para-sistemas-de-energ%C3%ADa-solar-at-enertiva-4438140046,Encargado de compras - para sistemas de energía solar,Enertiva,posted,2026-07-09T11:31:14.777353,977
2feb546c9784bc19,https://gt.linkedin.com/jobs/view/gerencia-de-trade-marketing-at-cooperativa-de-productores-de-leche-r-l-dos-pinos-4438560469,Gerencia de trade marketing,,scraped,2026-07-09T11:31:31.490808,
afca310d07332822,https://gt.linkedin.com/jobs/view/cobrador-domiciliar-at-activa-group-4436842342,Cobrador Domiciliar,,scraped,2026-07-09T11:31:39.893158,
ca6c51b53dcfbe48,https://gt.linkedin.com/jobs/view/auxiliar-de-servicios-generales-zona-11-at-identity-guatemala-4432772973,Auxiliar de servicios generales / Zona 11,,scraped,2026-07-09T11:32:01.508157,
7fcf5ea2c9565ea2,https://gt.linkedin.com/jobs/view/asesor-a-comercial-canal-constructores-at-holcim-guatemala-4405393362,Asesor/a Comercial - Canal Constructores,Holcim Guatemala,posted,2026-07-09T11:32:26.622883,979
79ee5a6e664a2f49,https://gt.linkedin.com/jobs/view/lider-jr-bodega-turno-pm-delta-barcenas-villa-nueva-at-grupo-distelsa-4435636578,LIDER Jr BODEGA TURNO PM - DELTA BARCENAS VILLA NUEVA,Grupo Distelsa,posted,2026-07-09T11:32:50.260984,981
b0fdfbb8da7c7580,https://gt.linkedin.com/jobs/view/asistente-de-activos-fijos-zona-15-at-universidad-da-vinci-de-guatemala-4438133279,Asistente de Activos Fijos - zona 15,,scraped,2026-07-09T11:33:15.024256,
381dc56cdd77c6b3,https://gt.linkedin.com/jobs/view/t%C3%A9cnico-electricista-1-at-corporaci%C3%B3n-multi-inversiones-4434896433,Técnico Electricista 1,,scraped,2026-07-09T11:33:22.313425,
49b488b664b84a09,https://gt.linkedin.com/jobs/view/auxiliar-contable-zona-11-at-identity-guatemala-4434850405,Auxiliar Contable Zona 11,,scraped,2026-07-09T11:33:29.607859,
1585cca0656cb8f2,https://gt.linkedin.com/jobs/view/talent-intelligence-analyst-remote-work-at-bairesdev-4437082597,Talent Intelligence Analyst - Remote Work,BairesDev,posted,2026-07-09T11:34:03.874558,983
f874f0bb328d515b,https://gt.linkedin.com/jobs/view/encargado-de-mantenimiento-oakland-place-at-spectrum-4435601440,Encargado de Mantenimiento (Oakland Place),,scraped,2026-07-09T11:34:10.509834,
7e0fd13f7de927cb,https://gt.linkedin.com/jobs/view/application-security-engineer-checkmarx-sast-remote-work-at-bairesdev-4436824261,Application Security Engineer (Checkmarx / SAST) - Remote Work,BairesDev,posted,2026-07-09T11:34:42.682952,465
fabe9a3719f21462,https://gt.linkedin.com/jobs/view/auxiliar-de-exportaci%C3%B3n-biling%C3%BCe-at-central-agr%C3%ADcola-4438556600,Auxiliar de Exportación Bilingüe,,scraped,2026-07-09T11:34:51.250099,
24932662cb6fabd6,https://gt.linkedin.com/jobs/view/ayudante-de-bodega-bandas-y-servicios-at-llamasa-4438549787,AYUDANTE DE BODEGA BANDAS Y SERVICIOS,,scraped,2026-07-09T11:35:08.087173,
0c437ab573e8c497,https://gt.linkedin.com/jobs/view/tech-lead-sanity-cms-remote-latin-america-at-fullstack-4427106615,Tech Lead (Sanity CMS) - Remote - Latin America,FullStack,posted,2026-07-09T11:35:26.974958,305
f9f992e0ef415b20,https://gt.linkedin.com/jobs/view/secretaria-de-proyectos-synergy-at-spectrum-4434895611,Secretaria de proyectos (Synergy),,scraped,2026-07-09T11:35:31.578389,
1082d48e9c438202,https://gt.linkedin.com/jobs/view/analista-de-planogramas-y-categor%C3%ADas-at-uno-centroam%C3%A9rica-4437310487,ANALISTA DE PLANOGRAMAS Y CATEGORÍAS,,scraped,2026-07-09T11:36:13.660169,
08a0269e55cbda58,https://gt.linkedin.com/jobs/view/addette-i-specializzati-in-macelleria-eurospin-genova-fillak-at-arimondo-srl-4435619017,ADDETTE/I SPECIALIZZATI IN MACELLERIA EUROSPIN GENOVA FILLAK,,scraped,2026-07-09T11:36:21.165784,
fbaf1f818a32b2ab,https://gt.linkedin.com/jobs/view/chemistry-laboratory-teacher-at-colegio-interamericano-guatemala-4438264346,Chemistry Laboratory Teacher,"Colegio Interamericano, Guatemala",posted,2026-07-09T11:36:43.820216,985
10d3b4f915eefa55,https://gt.linkedin.com/jobs/view/project-manager-at-slvex-4438505541,Project Manager,SLVEX,posted,2026-07-09T11:36:52.432298,987
debc65f6156aa608,https://gt.linkedin.com/jobs/view/monitor-de-salud-y-seguridad-ocupacional-at-grupo-duwest-4437057997,Monitor de Salud y Seguridad Ocupacional,,scraped,2026-07-09T11:36:58.986691,
c82155557fc54572,https://gt.linkedin.com/jobs/view/learning-solutions-specialist-guatemala-at-topdog-law-4407640166,Learning Solutions Specialist (Guatemala),TopDog Law,posted,2026-07-09T11:37:13.355384,989
72506fa2485a9f8b,https://gt.linkedin.com/jobs/view/senior-information-security-analyst-at-goto-4414654832,Senior Information Security Analyst,GoTo,posted,2026-07-09T11:37:23.403257,991
787e8d9ca07a80d9,https://gt.linkedin.com/jobs/view/representante-de-servicio-en-campo-nalco-at-nalco-water-an-ecolab-company-4408569403,Representante de Servicio en Campo - Nalco,"Nalco Water, An Ecolab Company",posted,2026-07-09T11:37:32.880034,993
8362d955f5276cf6,https://gt.linkedin.com/jobs/view/auxiliar-de-instalaciones-torre-pradera-at-telus-digital-4417481679,Auxiliar de Instalaciones - Torre Pradera,,scraped,2026-07-09T11:37:37.515160,
09f074d8506ab749,https://gt.linkedin.com/jobs/view/analista-jr-de-planificaci%C3%B3n-de-demanda-at-confidential-4437095266,Analista Jr de planificación de demanda,Confidential,posted,2026-07-09T11:37:53.381038,995
a1a71c154a2d804b,https://gt.linkedin.com/jobs/view/profesores-de-biolog%C3%ADa-petapa-at-liceo-canadiense-4438135198,Profesores de Biología  (Petapa),,scraped,2026-07-09T11:37:56.114949,
048ed255042964fd,https://gt.linkedin.com/jobs/view/asistente-de-compras-y-activos-fijos-para-fraijanes-at-eshop-group-4435608084,Asistente de Compras y Activos Fijos - Para Fraijanes,,scraped,2026-07-09T11:38:03.595745,
79252c7b1fe808bc,https://gt.linkedin.com/jobs/view/copy-of-copy-of-q-eqchi-audio-transcription-specialist-any-dialect-at-upwork-4433710087,Copy of Copy of  Q'eqchi Audio Transcription Specialist(Any Dialect),Upwork,posted,2026-07-09T11:38:44.509684,997
a92f7ced5745d4d0,https://gt.linkedin.com/jobs/view/el-taier-estratega-digital-at-the-darwinzone-4433729097,el taier - Estratega Digital,,scraped,2026-07-09T11:39:11.256607,
30ea6fd164129c3a,https://gt.linkedin.com/jobs/view/ejecutivo-cta-pyme-at-universia-m%C3%A9xico-4437367606,Ejecutivo Cta. Pyme,,scraped,2026-07-09T11:39:26.279770,
38c712f33663f8aa,https://gt.linkedin.com/jobs/view/ingeniero-de-procesos-at-empresa-confidencial-4435604052,Ingeniero de procesos,Empresa Confidencial,posted,2026-07-09T11:39:51.016339,999
3441b6c2ba62116b,https://gt.linkedin.com/jobs/view/asesor-de-cr%C3%A9ditos-en-entrenamiento-at-fundaci%C3%B3n-g%C3%A9nesis-empresarial-4437085618,Asesor de créditos en Entrenamiento,,scraped,2026-07-09T11:40:35.753867,
f96ff907b60b0b10,https://gt.linkedin.com/jobs/view/encargado-de-emisi%C3%B3n-de-polizas-aseguradora-at-istaff-guatemala-4438246911,Encargado de emisión de polizas/aseguradora,,scraped,2026-07-09T11:40:44.106837,
a7760dcf3ebb0dc2,https://gt.linkedin.com/jobs/view/trade-marketing-intern-at-henkel-4419135057,Trade Marketing Intern,,scraped,2026-07-09T11:41:04.512135,
4d4e950608004a3a,https://gt.linkedin.com/jobs/view/reporting-analyst-at-telus-digital-4437892569,Reporting Analyst,,scraped,2026-07-09T11:41:28.294051,
f371a3fe1831da2d,https://gt.linkedin.com/jobs/view/asistente-de-cr%C3%A9ditos-y-cobros-at-comelasa-4438292318,Asistente de Créditos y Cobros,,scraped,2026-07-09T11:41:49.039621,
452534ef50a3e39d,https://gt.linkedin.com/jobs/view/asesor-de-ventas-max-los-celajes-de-quiche-at-grupo-distelsa-4435609252,ASESOR DE VENTAS - MAX LOS CELAJES DE QUICHE,Grupo Distelsa,posted,2026-07-09T11:42:14.174038,1001
89063fc84bff510c,https://gt.linkedin.com/jobs/view/perito-en-electronica-tecnico-industrial-at-reclutamiento-global-4438129448,Perito en electronica/tecnico industrial,RECLUTAMIENTO GLOBAL,posted,2026-07-09T11:42:23.797600,1003
9d632a3609516775,https://gt.linkedin.com/jobs/view/senior-security-data-scientist-python-remote-work-at-bairesdev-4437309399,Senior Security Data Scientist (Python) - Remote Work,BairesDev,posted,2026-07-09T11:42:36.027123,1005
fa4c78a6b98ad833,https://gt.linkedin.com/jobs/view/auxiliar-t%C3%A9cnico-at-soluciones-inteligentes-de-talento-humano-4438575591,Auxiliar técnico,SOLUCIONES INTELIGENTES DE TALENTO HUMANO,posted,2026-07-09T11:42:55.279391,1007
7c345f40ea459443,https://gt.linkedin.com/jobs/view/analista-de-tiempo-real-zona-12-at-asys-4436432790,Analista de Tiempo Real Zona 12,,scraped,2026-07-09T11:42:57.982941,
81a64e149473c278,https://gt.linkedin.com/jobs/view/servicio-de-atenci%C3%B3n-al-cliente-at-tiendas-carrion-4438297776,Servicio de atención al cliente,Tiendas Carrion,posted,2026-07-09T11:43:14.870430,1009
4d95ad858b63b9c3,https://gt.linkedin.com/jobs/view/bartender-por-turnos-at-antigua-cerveza-4438565109,Bartender por turnos,,scraped,2026-07-09T11:43:17.468675,
7811159bc1381ad7,https://gt.linkedin.com/jobs/view/lead-construction-management-engineer-at-unops-4434878804,Lead Construction Management Engineer,,scraped,2026-07-09T11:43:38.164091,
2d82362790381513,https://gt.linkedin.com/jobs/view/especialista-de-onboarding-e-implementaciones-ho-at-the-andres-talent-4436463386,Especialista de Onboarding e Implementaciones - HO,The Andres Talent,posted,2026-07-09T11:44:17.509192,1011
ec31c4d64d902a5b,https://gt.linkedin.com/jobs/view/sub-gerente-walmart-quetzaltenango-por-apertura-at-walmart-centroam%C3%A9rica-4438114541,Sub Gerente  Walmart Quetzaltenango por Apertura,,scraped,2026-07-09T11:44:22.105936,
661b4d86f25ce023,https://gt.linkedin.com/jobs/view/finance-senior-finance-analyst-general-finance-analyst-at-telus-digital-4429120766,"Finance, Senior Finance Analyst (General Finance Analyst)",,scraped,2026-07-09T11:44:31.126851,
26fb8cd6d1ab033e,https://gt.linkedin.com/jobs/view/desarrollador-de-aplicaciones-m%C3%B3viles-at-cibus-holdings-4438297903,Desarrollador de Aplicaciones Móviles,CIBUS Holdings,posted,2026-07-09T11:44:50.592944,1013
ac378cf2511f67f5,https://gt.linkedin.com/jobs/view/spanish-bilingual-customer-service-specialist-at-talentpop-app-4434879483,Spanish Bilingual Customer Service Specialist,TalentPop App,posted,2026-07-09T11:45:05.963050,885
24bfdac96e554d06,https://gt.linkedin.com/jobs/view/spanish-bilingual-customer-service-specialist-at-talentpop-app-4434880425,Spanish Bilingual Customer Service Specialist,TalentPop App,scraped,2026-07-09T11:45:10.154215,
953c5c0a01574713,https://gt.linkedin.com/jobs/view/spanish-bilingual-customer-service-specialist-at-talentpop-app-4434891149,Spanish Bilingual Customer Service Specialist,TalentPop App,scraped,2026-07-09T11:45:14.443254,
2ef95e93f6813fd3,https://gt.linkedin.com/jobs/view/spanish-bilingual-customer-service-specialist-at-talentpop-app-4434889333,Spanish Bilingual Customer Service Specialist,TalentPop App,scraped,2026-07-09T11:45:18.770601,
4ea670f1d2059d8f,https://gt.linkedin.com/jobs/view/atenci%C3%B3n-al-cliente-alimentos-at-identity-guatemala-4434867026,Atención al cliente / Alimentos,,scraped,2026-07-09T11:45:21.409169,
ec0af071ac8e7945,https://gt.linkedin.com/jobs/view/soporte-de-ventas-bilingue-at-grupo-globalflex-oficial-4436875137,Soporte de Ventas Bilingue,Grupo Globalflex Oficial,posted,2026-07-09T11:46:03.955577,1015
eac356e30de23dfa,https://gt.linkedin.com/jobs/view/gerente-de-contabilidad-de-empresa-at-happymondays-com-gt-4438255397,Gerente de contabilidad de empresa,,scraped,2026-07-09T11:46:06.826085,
49ddadedd4199679,https://gt.linkedin.com/jobs/view/apoderado-a-externo-a-palencia-at-grupo-sertyf-4437346873,Apoderado/a Externo/a. Palencia,,scraped,2026-07-09T11:46:15.857729,
939e1fc49c643ab8,https://gt.linkedin.com/jobs/view/jefe-de-log%C3%ADstica-de-almac%C3%A9n-at-happymondays-com-gt-4438259323,Jefe de logística de almacén,,scraped,2026-07-09T11:46:25.893845,
f0b448d1e5aa198e,https://gt.linkedin.com/jobs/view/analista-de-log%C3%ADstica-y-planeaci%C3%B3n-zona-10-at-reclutadora-de-personal-latam-4438524661,Analista de Logística y Planeación-zona 10,Reclutadora de Personal Latam,posted,2026-07-09T11:46:40.971283,1017
ef6e4acb244ff22d,https://gt.linkedin.com/jobs/view/t%C3%A9cnico-de-campo-at-improvement-progress-s-a-4437815231,Técnico de Campo,,scraped,2026-07-09T11:46:47.604423,
b4dc9116368c25ee,https://gt.linkedin.com/jobs/view/agente-administrativo-at-concentrix-4435623811,Agente Administrativo,Concentrix,posted,2026-07-09T11:47:02.581745,1019
8e5ed563b9036e53,https://gt.linkedin.com/jobs/view/gerente-de-mercadeo-at-vinculate-group-4438545961,Gerente de Mercadeo,,scraped,2026-07-09T11:47:11.247990,
6d5dcf083ca443c8,https://gt.linkedin.com/jobs/view/accountant-at-baker-tilly-guatemala-4438146215,Accountant,,scraped,2026-07-09T11:47:20.149919,
7b34a5c25b6453df,https://gt.linkedin.com/jobs/view/customer-service-agent-at-five-star-solutions-4437099226,Customer Service Agent,Five Star Solutions,posted,2026-07-09T11:47:34.510616,1021
ca23f1f6bf023c0d,https://gt.linkedin.com/jobs/view/supervisor-hospitales-privados-at-corporaci%C3%B3n-amicelco-s-a-4437309626,Supervisor Hospitales Privados,,scraped,2026-07-09T11:47:37.111820,
a31206cc5ed44144,https://gt.linkedin.com/jobs/view/asesor-a-de-servicio-en-agencia-roosevelt-at-bam-4438525006,ASESOR/A DE SERVICIO EN AGENCIA ROOSEVELT,,scraped,2026-07-09T11:47:44.937346,
caa32793e1f8c368,https://gt.linkedin.com/jobs/view/contador-general-cpa-at-talentum-retail-gt-4437098116,Contador General / CPA,Talentum Retail GT,posted,2026-07-09T11:48:04.534168,1023
9537c73083544ab2,https://gt.linkedin.com/jobs/view/coordinador-de-innovaci%C3%B3n-y-tecnolog%C3%ADa-ia-sistemas-at-iq-consulting-4438557341,Coordinador de Innovación y Tecnología (IA & Sistemas),IQ Consulting,posted,2026-07-09T11:48:21.667182,1025
141b5166d1ac994b,https://gt.linkedin.com/jobs/view/monday-com-solutions-architect-automation-consultant-at-tdeos-the-digital-enterprise-operating-system-4436818715,monday.com Solutions Architect & Automation Consultant,TDEOS - The Digital Enterprise Operating System,posted,2026-07-09T11:48:59.251110,1027
dc789ee14a3ae970,https://gt.linkedin.com/jobs/view/ingeniero-de-campo-jr-para-empresa-equipamiento-industrial-at-reclutadora-de-personal-latam-4438519042,Ingeniero de Campo Jr. Para empresa equipamiento Industrial,Reclutadora de Personal Latam,posted,2026-07-09T11:49:08.496175,1029
946831a6dcafcca7,https://gt.linkedin.com/jobs/view/tecnico-de-salud-y-seguridad-ocupacional-at-concentrix-4438514116,Tecnico de Salud y Seguridad Ocupacional,Concentrix,posted,2026-07-09T11:49:18.330889,1031
5bb4437edd89ea6f,https://gt.linkedin.com/jobs/view/ejecutivo-comercial-consultoria-b2b-at-roi-studio-4438573510,Ejecutivo comercial consultoria B2B,,scraped,2026-07-09T11:49:28.985475,
cf82676c657dbaf2,https://gt.linkedin.com/jobs/view/senior-php-developer-id75883-at-agileengine-4438135099,Senior PHP Developer ID75883,AgileEngine,posted,2026-07-09T11:49:50.515422,599
5f6e7e3f91eb91c5,https://gt.linkedin.com/jobs/view/cocinero-practicante-at-distribuidora-del-caribe-4437813621,Cocinero Practicante,,scraped,2026-07-09T11:49:59.127114,
e48723f8d95b8a5f,https://gt.linkedin.com/jobs/view/safety-systems-specialist-ii-pss-at-fortrea-4427666076,"Safety Systems Specialist II, PSS",Fortrea,posted,2026-07-09T11:50:21.048376,1033
f072713f30a331e4,https://gt.linkedin.com/jobs/view/t%C3%A9cnico-a-de-revisi%C3%B3n-t%C3%A9cnica-topogr%C3%A1fica-at-sba-communications-4427749538,Técnico(a) de Revisión Técnica Topográfica,SBA Communications,posted,2026-07-09T11:50:30.838079,1035
d43afd4bb71d4bdc,https://gt.linkedin.com/jobs/view/representante-de-ventas-at-persotemp%C2%AE-4437866949,Representante de ventas,,scraped,2026-07-09T11:50:35.428720,
05078240def065d7,https://gt.linkedin.com/jobs/view/arquitecto-bpm-at-grupo-financiero-banrural-4436260598,Arquitecto BPM,,scraped,2026-07-09T11:50:42.329928,
c526781f72fb7629,https://gt.linkedin.com/jobs/view/representante-de-servicio-en-campo-nalco-at-nalco-water-an-ecolab-company-4408557629,Representante de Servicio en Campo - Nalco,"Nalco Water, An Ecolab Company",scraped,2026-07-09T11:50:54.410725,
25045d26ea854527,https://gt.linkedin.com/jobs/view/lead-full-stack-engineer-id71009-at-agileengine-4435455900,Lead Full Stack Engineer ID71009,AgileEngine,posted,2026-07-09T11:51:03.849811,1037
72dd52ea7f0e0704,https://gt.linkedin.com/jobs/view/agentic-product-designer-remote-latin-america-at-fullstack-4417330672,Agentic Product Designer - Remote - Latin America,FullStack,posted,2026-07-09T11:51:09.086716,225
800454b0efe9ae23,https://gt.linkedin.com/jobs/view/residente-de-obra-at-intense-group-gt-4436761944,Residente de Obra,Intense Group GT,posted,2026-07-09T11:51:25.645833,1039
559f018aa757d244,https://gt.linkedin.com/jobs/view/pricing-para-servicios-de-transporte-terrestre-at-sercogua-group-latam-4438648940,Pricing para servicios de transporte terrestre,,scraped,2026-07-09T18:33:39.964255,
62d7a7d77d4359d6,https://gt.linkedin.com/jobs/view/conserje-at-sinco-4437578764,Conserje,,scraped,2026-07-09T18:33:50.710287,
c32d0d2a94301492,https://gt.linkedin.com/jobs/view/colocador-at-identity-guatemala-4435674471,Colocador,,scraped,2026-07-09T18:34:00.296769,
9eaeeee79dd667be,https://gt.linkedin.com/jobs/view/presupuestador-at-urba-502-4438685227,Presupuestador,,scraped,2026-07-09T18:34:14.505154,
16db977fa15399ff,https://gt.linkedin.com/jobs/view/t%C3%A9cnico-de-soporte-ti-at-corporaci%C3%B3n-multi-inversiones-4435609104,Técnico de Soporte TI,CMI-Corporación Multi Inversiones,posted,2026-07-09T18:34:38.191507,1041
f7af19ac769ce30a,https://gt.linkedin.com/jobs/view/atenci%C3%B3n-al-cliente-preparador-de-alimentos-at-identity-guatemala-4434862106,Atención al cliente / Preparador de alimentos,,scraped,2026-07-09T18:34:58.767484,
78f99bb40231d591,https://gt.linkedin.com/jobs/view/auxiliar-de-bodega-y-despacho-at-identity-guatemala-4435686256,Auxiliar de Bodega y Despacho,,scraped,2026-07-09T18:35:23.517680,
f25bdddcbd942bf0,https://gt.linkedin.com/jobs/view/supply-planner-guatemala-at-telus-digital-4438676729,Supply Planner - Guatemala,,scraped,2026-07-09T18:35:40.734280,
0ba6d70f6d096e64,https://gt.linkedin.com/jobs/view/promotor-agropecuario-escuintla-at-central-agr%C3%ADcola-4437091379,Promotor Agropecuario - Escuintla,,scraped,2026-07-09T18:35:49.762090,
c3b9f79d1336afd5,https://gt.linkedin.com/jobs/view/data-engineer-remote-latin-america-at-fullstack-4430150032,Data Engineer - Remote - Latin America,FullStack,posted,2026-07-09T18:36:13.986315,1043
bc6ac6b6d91ad513,https://gt.linkedin.com/jobs/view/supervisor-de-cobros-at-banco-gyt-continental-4437897534,Supervisor de cobros,,scraped,2026-07-09T18:36:20.739346,
ca6bac8cac919781,https://gt.linkedin.com/jobs/view/operario-de-producci%C3%B3n-1-at-corporaci%C3%B3n-multi-inversiones-4434897404,Operario de Producción 1,CMI-Corporación Multi Inversiones,posted,2026-07-09T18:36:51.752355,1045
cd68050737d08e4d,https://gt.linkedin.com/jobs/view/dise%C3%B1ador-grafico-jr-at-grupo-suca-4433994912,Diseñador Grafico Jr,,scraped,2026-07-09T18:36:56.370491,
c44163d1af747cf6,https://gt.linkedin.com/jobs/view/recepcionista-zona-4-at-reclutadora-de-personal-latam-4438671333,Recepcionista zona 4,Reclutadora de Personal Latam,posted,2026-07-09T18:37:11.597732,587
00f2df7eccd8e631,https://gt.linkedin.com/jobs/view/auxiliar-de-bodega-motocicleta-indispensable-at-identity-guatemala-4435665950,"Auxiliar de Bodega, Motocicleta Indispensable",,scraped,2026-07-09T18:37:30.230629,
309da7953105e6d7,https://gt.linkedin.com/jobs/view/t%C3%A9cnico-instalador-automotriz-sin-experiencia-at-identity-guatemala-4434546452,Técnico Instalador Automotriz Sin Experiencia,,scraped,2026-07-09T18:37:43.905893,
2e6831f85f2f254d,https://gt.linkedin.com/jobs/view/customer-service-and-support-soporte-it-at-yalutec-4436834591,Customer service and support-Soporte IT,Yalutec,posted,2026-07-09T18:38:15.893944,1047
fb36cb920a8318ba,https://gt.linkedin.com/jobs/view/auxiliar-de-exportaciones-biling%C3%BCe-at-central-agr%C3%ADcola-4437078765,Auxiliar de Exportaciones Bilingüe,,scraped,2026-07-09T18:38:18.501708,
93cc2f850410c1ef,https://gt.linkedin.com/jobs/view/operario-de-incubaci%C3%B3n-at-corporaci%C3%B3n-multi-inversiones-4435605169,Operario de Incubación,CMI-Corporación Multi Inversiones,posted,2026-07-09T18:39:08.272914,1049
21d6cd9a0342de8a,https://gt.linkedin.com/jobs/view/administrative-assistant-guatemala-at-core-code-io-4437055200,Administrative Assistant Guatemala,Core Code io,posted,2026-07-09T18:39:50.694918,1051
8025a8e295c314fa,https://gt.linkedin.com/jobs/view/data-engineer-remote-latin-america-at-fullstack-4430151019,Data Engineer - Remote - Latin America,FullStack,posted,2026-07-09T18:40:15.493432,1043
b17b92ab3c2a1b6f,https://gt.linkedin.com/jobs/view/data-engineer-remote-latin-america-at-fullstack-4430135583,Data Engineer - Remote - Latin America,FullStack,posted,2026-07-09T18:40:30.890879,1043
53cc93c34388f9c3,https://gt.linkedin.com/jobs/view/data-engineer-remote-latin-america-at-fullstack-4430143080,Data Engineer - Remote - Latin America,FullStack,posted,2026-07-09T18:40:39.095775,1043
c0c163e752d50474,https://gt.linkedin.com/jobs/view/innovation-project-manager-at-capgemini-4438530392,Innovation Project Manager,,scraped,2026-07-09T18:40:41.756024,
bfee646871cc9145,https://gt.linkedin.com/jobs/view/virtual-executive-assistant-remote-at-viva-talent-4438668834,Virtual Executive Assistant (Remote),Viva Talent,posted,2026-07-09T18:40:53.939995,349
336ddc0b99365b53,https://gt.linkedin.com/jobs/view/gestor-de-cobros-at-identity-guatemala-4433748517,Gestor de Cobros,,scraped,2026-07-09T18:40:56.559998,
4da8a26f7e62dce3,https://gt.linkedin.com/jobs/view/virtual-assistant-to-ceo-remote-at-viva-talent-4438666849,Virtual Assistant to CEO (Remote),Viva Talent,posted,2026-07-09T18:41:23.093282,1053
df05a2cb569d9045,https://gt.linkedin.com/jobs/view/handyman-mantenimiento-at-grupo-rolsa-4438558407,Handyman (Mantenimiento),Grupo Rolsa,posted,2026-07-09T18:41:38.201468,1055
cec452f2074eef9e,https://gt.linkedin.com/jobs/view/renewals-supervisor-cca-at-td-synnex-multi-country-area-english-4425352541,Renewals Supervisor - CCA,TD SYNNEX Multi-Country Area (English),posted,2026-07-09T18:41:58.878185,1057
619cecfd3236363c,https://gt.linkedin.com/jobs/view/operations-manager-at-cs-outsource-4437583335,Operations Manager,CS Outsource,posted,2026-07-09T18:42:22.272672,1059
d521222f8c635364,https://gt.linkedin.com/jobs/view/brand-designer-b2b-saas-at-scale-up-recruiting-partners-4435778508,Brand Designer (B2B SaaS),Scale Up Recruiting Partners,posted,2026-07-09T18:43:14.145955,1061
9c00f47615593238,https://gt.linkedin.com/jobs/view/administrative-assistant-gt-2-at-core-code-io-4437058020,Administrative Assistant GT 2,Core Code io,posted,2026-07-09T18:43:46.813840,1063
5d37a8af9d3b5c09,https://gt.linkedin.com/jobs/view/ejecutivo-de-ventas-btl-y-producci%C3%B3n-publicitaria-at-ac-talentos-4437524617,Ejecutivo de Ventas BTL y Producción Publicitaria,AC Talentos,posted,2026-07-09T18:44:02.003861,1065
9f751ba2392b3584,https://gt.linkedin.com/jobs/view/auxiliar-de-tesorer%C3%ADa-at-triada-consultores-4437322258,Auxiliar de Tesorería,Triada Consultores,posted,2026-07-09T18:44:16.637109,1067
00462b58a28cf7c5,https://gt.linkedin.com/jobs/view/bilingual-sales-representative-morning-shift-at-gentelabora-4414714390,Bilingual Sales Representative (Morning Shift),,scraped,2026-07-09T18:44:23.360513,
5561af9bb139575e,https://gt.linkedin.com/jobs/view/ai-data-annotator-at-telus-digital-ai-data-solutions-4437400719,AI Data Annotator,TELUS Digital AI Data Solutions,posted,2026-07-09T18:44:42.994185,1069
1612b5c0d064a841,https://gt.linkedin.com/jobs/view/especialista-en-bases-de-datos-at-savtec-4438239531,Especialista en bases de datos,SAVTEC,posted,2026-07-09T18:44:57.865388,1071
a8584015b2e261b7,https://gt.linkedin.com/jobs/view/analista-de-redes-at-ideastalento-4438673128,Analista de redes,,scraped,2026-07-09T18:45:00.468474,
de15c0393f27dacd,https://gt.linkedin.com/jobs/view/supervisor-de-trade-marketing-at-grupo-bimbo-4430647408,Supervisor de Trade Marketing,Grupo Bimbo,posted,2026-07-09T18:45:24.111097,1073
5df3ca2bef1024b7,https://gt.linkedin.com/jobs/view/encargado-de-mantenimiento-e-infraestructura-at-integra-psicologia-4438661282,Encargado de mantenimiento e infraestructura,Integra Psicologia,posted,2026-07-09T18:45:56.641442,1075
46d72dea84687283,https://gt.linkedin.com/jobs/view/piloto-de-cami%C3%B3n-at-identity-guatemala-4435686257,Piloto de Camión,,scraped,2026-07-09T18:45:59.273182,
3f7916e810fa6bfa,https://gt.linkedin.com/jobs/view/abogado-corporativo-at-grupo-ag-4437074130,Abogado Corporativo,,scraped,2026-07-09T18:46:13.317859,
d3df726796846471,https://gt.linkedin.com/jobs/view/brand-designer-b2b-saas-at-scale-up-recruiting-partners-4435770915,Brand Designer (B2B SaaS),Scale Up Recruiting Partners,posted,2026-07-09T18:46:30.388750,1061
a899a026d40483a8,https://gt.linkedin.com/jobs/view/junior-recruiter-at-mayatax-4437806689,Junior Recruiter,Mayatax,posted,2026-07-09T18:46:48.482632,1077
a5ca020fa81a598f,https://gt.linkedin.com/jobs/view/asistente-de-proyecto-4438574897,Asistente de proyecto,The Mrktng Corp. / Experiential Marketing Agency -B2B-B2C-H2H-,posted,2026-07-09T18:47:06.132333,1079
d60cb921bc68e409,https://gt.linkedin.com/jobs/view/gestor-de-cobro-domiciliar-ciudad-de-guatemala-at-gestionadora-de-cr%C3%A9ditos-4438531464,Gestor de Cobro Domiciliar - Ciudad de Guatemala,,scraped,2026-07-09T18:47:14.715749,
480cfa565edcc8a3,https://gt.linkedin.com/jobs/view/full-stack-developer-java-%2B-kotlin-%2B-react-remote-latin-america-at-fullstack-4438680058,Full Stack Developer (Java + Kotlin + React) - Remote - Latin America,FullStack,posted,2026-07-09T18:47:38.270999,1081
70a626f434f16546,https://gt.linkedin.com/jobs/view/senior-security-scrum-master-remote-work-at-bairesdev-4437099785,Senior Security Scrum Master - Remote Work,BairesDev,posted,2026-07-09T18:47:54.134359,1083
64f180baa7a0bcc1,https://gt.linkedin.com/jobs/view/especialista-de-seguridad-inform%C3%A1tica-at-cbc-4433133139,Especialista de Seguridad Informática,cbc,posted,2026-07-09T18:48:09.076648,1085
2016eec50c21000f,https://gt.linkedin.com/jobs/view/ai-machine-learning-engineer-remote-latin-america-at-fullstack-4371017533,AI Machine Learning Engineer - Remote - Latin America,FullStack,posted,2026-07-09T18:48:14.353616,505
2d012f590c4c3130,https://gt.linkedin.com/jobs/view/ai-machine-learning-engineer-remote-latin-america-at-fullstack-4371035030,AI Machine Learning Engineer - Remote - Latin America,FullStack,posted,2026-07-09T18:48:22.443832,505
cc6764faf0858514,https://gt.linkedin.com/jobs/view/full-stack-developer-java-%2B-kotlin-%2B-react-remote-latin-america-at-fullstack-4438671486,Full Stack Developer (Java + Kotlin + React) - Remote - Latin America,FullStack,posted,2026-07-09T18:48:29.358383,1081
bc9c785447ad9d16,https://gt.linkedin.com/jobs/view/asesor-t%C3%A9cnico-ventas-at-grupoacisa-4437588526,Asesor técnico ventas,,scraped,2026-07-09T18:48:32.046719,
2c8e94e9d3649154,https://gt.linkedin.com/jobs/view/facilitador-de-desarrollo-at-fundaci%C3%B3n-g%C3%A9nesis-empresarial-4437092334,Facilitador de Desarrollo,,scraped,2026-07-09T18:48:40.888263,
8a1484b6c93d3b63,https://gt.linkedin.com/jobs/view/ingeniero-electricista-junior-at-jaguar-energy-guatemala-llc-4437886485,Ingeniero Electricista Junior,Jaguar Energy Guatemala LLC,posted,2026-07-09T18:48:54.979298,1087
0967fa5388211afb,https://gt.linkedin.com/jobs/view/residente-at-intense-group-gt-4438677028,Residente,Intense Group GT,posted,2026-07-09T18:49:20.979971,1089
b0db2cfd3bc5d832,https://gt.linkedin.com/jobs/view/asesor-a-de-servicio-en-agencia-plaza-magdalena-t2-at-bam-4438136646,ASESOR/A DE SERVICIO EN AGENCIA PLAZA MAGDALENA (T2),,scraped,2026-07-09T18:49:25.717666,
0dc3fd982f87c81a,https://gt.linkedin.com/jobs/view/analista-de-facturaci%C3%B3n-at-innova-group-4386931530,Analista de Facturación,,scraped,2026-07-09T18:49:40.555771,
54421b2d7b250598,https://gt.linkedin.com/jobs/view/french-bilingual-customer-service-specialist-at-talentpop-app-4434891209,French Bilingual Customer Service Specialist,TalentPop App,posted,2026-07-09T18:49:53.352664,861
e82364500ccb1f31,https://gt.linkedin.com/jobs/view/rf-plannning-engineer-at-guanetsf-4438527616,RF Plannning Engineer,,scraped,2026-07-09T18:49:57.952332,
f8a3700f41937e29,https://gt.linkedin.com/jobs/view/telemarketing-agent-remote-at-valatam-4438646417,Telemarketing Agent (Remote),Valatam,posted,2026-07-09T18:50:13.074465,1091
d1cb11af6c3c5ffd,https://gt.linkedin.com/jobs/view/agente-de-telemarketing-at-asys-4433128577,Agente de Telemarketing,,scraped,2026-07-09T18:50:17.860961,
2b287e2a1e8ba14a,https://gt.linkedin.com/jobs/view/senior-devsecops-engineer-remote-work-at-bairesdev-4437309111,Senior DevSecOps Engineer - Remote Work,BairesDev,posted,2026-07-09T18:50:31.114759,1093
9d6ebdc7559b033b,https://gt.linkedin.com/jobs/view/senior-executive-assistant-at-remote-raven-4436819089,Senior Executive Assistant,Remote Raven,posted,2026-07-09T18:50:49.115398,1095
ae82c625bd928513,https://gt.linkedin.com/jobs/view/asistente-legal-at-arias-4438664815,Asistente Legal,Arias,posted,2026-07-09T18:51:24.949867,193
d56fd7ad563f12a0,https://gt.linkedin.com/jobs/view/gerente-de-contralor%C3%ADa-corporativa-at-confidential-4438295491,Gerente de Contraloría Corporativa,Confidential,posted,2026-07-09T18:51:41.872098,1097
848415a9e82d99fc,https://gt.linkedin.com/jobs/view/gerente-agr%C3%ADcola-at-vinculate-group-4438547849,Gerente Agrícola,,scraped,2026-07-09T18:51:44.417357,
965f4a4dc6bccdd7,https://gt.linkedin.com/jobs/view/internship-gente-gesti%C3%B3n-at-beliv-company-4438512576,Internship Gente & Gestión,Beliv Company,posted,2026-07-09T18:52:17.539346,1099
6f80bed53d647dc6,https://gt.linkedin.com/jobs/view/asesor-comercial-digital-at-talent-match-guatemala-4438281344,Asesor Comercial Digital,,scraped,2026-07-09T18:52:20.176419,
41fb6098a87e1957,https://gt.linkedin.com/jobs/view/asesor-corporativo-de-leasing-at-servinova-guatemala-4437796917,ASESOR CORPORATIVO DE LEASING,SERVINOVA GUATEMALA,posted,2026-07-09T18:52:42.698976,1101
ac4cdb4979e9184c,https://gt.linkedin.com/jobs/view/monitor-de-operaciones-at-sysdegsa-outsourcing-4438271711,Monitor de Operaciones,SYSDEGSA Outsourcing,posted,2026-07-09T18:53:44.979601,1103
e1184d602087cf54,https://gt.linkedin.com/jobs/view/asesor-de-ventas-con-veh%C3%ADculo-at-identity-guatemala-4433749424,Asesor de Ventas con Vehículo,,scraped,2026-07-09T18:53:47.699052,
32f5bc35bef73a1b,https://gt.linkedin.com/jobs/view/especialista-en-n%C3%B3minas-y-compensaciones-at-empresa-confidencial-4438299863,Especialista en nóminas y compensaciones,Empresa Confidencial,posted,2026-07-09T18:54:36.374613,1105
02aac8ee8b7e7b06,https://gt.linkedin.com/jobs/view/ejecutivo-comercial-b2b-at-empresa-confidencial-4437593285,Ejecutivo comercial B2B,Empresa Confidencial,posted,2026-07-09T18:55:02.730939,1107
64ce877f46ea3c53,https://gt.linkedin.com/jobs/view/auxiliar-t%C3%A9cnico-temporal-horario-rotativo-con-moto-at-soluciones-inteligentes-de-talento-humano-4438575591,Auxiliar técnico temporal horario rotativo con Moto,SOLUCIONES INTELIGENTES DE TALENTO HUMANO,posted,2026-07-09T18:55:16.622912,1109
3c1684976cbc2e07,https://gt.linkedin.com/jobs/view/ejecutiva-de-televentas-b2b-at-empresa-condifencial-4438511769,Ejecutiva de Televentas B2B,Empresa condifencial,posted,2026-07-09T18:55:30.590977,1111
fc9ecf2597dfefc5,https://gt.linkedin.com/jobs/view/video-recording-expert-%246-hr-remote-at-crossing-hurdles-4437527958,Video Recording Expert | $6/hr Remote,Crossing Hurdles,posted,2026-07-09T18:55:46.015235,1113
ea61cc9fb480d953,https://gt.linkedin.com/jobs/view/jefe-de-recuperaci%C3%B3n-legal-at-gestionadora-de-cr%C3%A9ditos-de-guatemala-4436002234,Jefe de Recuperación Legal,,scraped,2026-07-09T18:55:48.683964,
97a56c1923dd0bd3,https://gt.linkedin.com/jobs/view/contador-at-decaterra-4438504608,CONTADOR,,scraped,2026-07-09T18:56:05.461705,
2e95259ac8099d28,https://gt.linkedin.com/jobs/view/arquitecto-dise%C3%B1ador-at-empresa-confidencial-4436906339,Arquitecto diseñador,Empresa Confidencial,posted,2026-07-09T18:56:24.392832,1115
9a24e785701b7e1f,https://gt.linkedin.com/jobs/view/business-analyst-training-transformation-at-telus-digital-4428075327,"Business Analyst, Training Transformation",,scraped,2026-07-09T18:56:35.126277,
be18ff7256cf1ed4,https://gt.linkedin.com/jobs/view/smartphone-task-expert-%246-hr-remote-at-crossing-hurdles-4437534661,Smartphone Task Expert | $6/hr Remote,Crossing Hurdles,posted,2026-07-09T18:57:04.492435,1117
18e1db5ef2f5fe2c,https://gt.linkedin.com/jobs/view/dise%C3%B1ador-plantas-de-tratamiento-at-bioproyectos-de-ingenier%C3%ADa-s-a-4438801407,Diseñador Plantas de Tratamiento,,scraped,2026-07-09T18:57:07.283993,
909540bb3674d3b8,https://gt.linkedin.com/jobs/view/saas-operations-manager-id71004-at-agileengine-4438121534,SaaS Operations Manager ID71004,AgileEngine,posted,2026-07-09T18:57:25.348516,591
527d6a5780b965b9,https://gt.linkedin.com/jobs/view/encargado-de-sala-de-ventas-at-ganorsa-4438509253,Encargado de Sala de Ventas,GANORSA,posted,2026-07-09T18:57:42.654396,1119
47ba9518dc91fd24,https://gt.linkedin.com/jobs/view/vendedor-at-hr-business-advisor-4433387100,Vendedor,HR & Business Advisor,posted,2026-07-09T18:57:50.955081,583
3e643bbd124efcb8,https://gt.linkedin.com/jobs/view/csm-service-delivery-specialist-at-grupo-sega-4437563966,CSM & Service Delivery Specialist,,scraped,2026-07-09T18:57:53.670056,
50dbc025715f8a30,https://gt.linkedin.com/jobs/view/ejecutivo-de-ventas-at-gaia-business-school-4438679606,Ejecutivo de ventas,GAIA Business School,posted,2026-07-09T18:58:31.643874,201
45914a4b9da8be1c,https://gt.linkedin.com/jobs/view/coordinador-de-contabilidad-y-finanzas-at-grupo-imd-4438676257,Coordinador de Contabilidad y Finanzas,Grupo Imd.,posted,2026-07-09T18:58:54.215666,1121
d8dee4d8b0e087e5,https://gt.linkedin.com/jobs/view/dise%C3%B1ador-grafico-jr-ux-ui-at-deloitte-4438673440,Diseñador grafico Jr UX/UI,Deloitte,posted,2026-07-09T18:59:09.566269,1123
57a558b63cb76d33,https://gt.linkedin.com/jobs/view/desarrollador-de-apps-m%C3%B3viles-at-corporaci%C3%B3n-de-confianza-4438270377,Desarrollador de apps móviles,,scraped,2026-07-09T18:59:12.188988,
81cc8b691cf1786e,https://gt.linkedin.com/jobs/view/ejecutivo-de-negocios-sector-ti-at-manpowergroup-4438667451,Ejecutivo de Negocios - Sector TI,ManpowerGroup,posted,2026-07-09T18:59:31.075815,1125
451d4f3ca0e0228d,https://gt.linkedin.com/jobs/view/ejecutivo-comercial-agencias-at-banco-gyt-continental-4437825512,Ejecutivo comercial (Agencias),,scraped,2026-07-09T18:59:37.729385,
4a932278040f0266,https://gt.linkedin.com/jobs/view/coordinadora-operaciones-agencia-comunicaci%C3%B3n-at-talentu-recursos-humanos-4438681897,Coordinadora Operaciones - Agencia Comunicación,Talentu Recursos Humanos,posted,2026-07-09T18:59:59.779502,1127
785a1c5822d1f513,https://gt.linkedin.com/jobs/view/customer-experience-associate-i-at-conduent-4438627912,Customer Experience Associate I,Conduent,posted,2026-07-09T19:00:11.050998,609
4b8b7c36e2ea3d7f,https://gt.linkedin.com/jobs/view/customer-experience-associate-i-at-conduent-4438642071,Customer Experience Associate I,Conduent,scraped,2026-07-09T19:00:15.239319,
22bea77597077e1e,https://gt.linkedin.com/jobs/view/customer-experience-associate-i-at-conduent-4438627902,Customer Experience Associate I,Conduent,scraped,2026-07-09T19:00:19.318202,
b0f65f710d1e1abf,https://gt.linkedin.com/jobs/view/associate-budget-and-programming-at-world-food-programme-4438685131,Associate Budget and Programming,,scraped,2026-07-09T19:00:26.042977,
806553fc67659604,https://gt.linkedin.com/jobs/view/ing-mec%C3%A1nicos-el%C3%A9ctricos-electr%C3%B3nicos-o-mecatr%C3%B3nicos-at-grupoacisa-4437590410,Ing. mecánicos eléctricos electrónicos o mecatrónicos,,scraped,2026-07-09T19:00:40.142591,
81956fe61522cb78,https://gt.linkedin.com/jobs/view/analista-de-soporte-t%C3%A9cnico-avanzado-at-seguridad-integral-en-tecnolog%C3%ADa-4438657925,Analista de Soporte Técnico Avanzado,Seguridad Integral en Tecnología,posted,2026-07-09T19:01:03.515215,1129
a41061bddffbcf20,https://gt.linkedin.com/jobs/view/l4-full-stack-developer-at-telus-digital-4428718708,L4 Full Stack Developer,,scraped,2026-07-09T19:01:08.127457,
dde6172ca1d0eee1,https://gt.linkedin.com/jobs/view/ai-training-data-intern-%246-hr-remote-at-crossing-hurdles-4437541502,AI Training Data Intern | $6/hr Remote,Crossing Hurdles,posted,2026-07-09T19:01:36.531260,1131
b05301db0d4b9ce0,https://gt.linkedin.com/jobs/view/auxiliar-de-log%C3%ADstica-primaria-1-at-corporaci%C3%B3n-multi-inversiones-4434804754,Auxiliar de Logística Primaria 1,,scraped,2026-07-10T00:06:36.833495,
8f322d9e07874243,https://gt.linkedin.com/jobs/view/gerente-administrativa-at-people-evolution-4436887358,Gerente Administrativa,,scraped,2026-07-10T00:06:43.867243,
95a854463b10ec9c,https://gt.linkedin.com/jobs/view/recepcionista-masculino-at-sinco-4437596311,Recepcionista (Masculino),,scraped,2026-07-10T00:06:50.655231,
6ed637ca2b9e991e,https://gt.linkedin.com/jobs/view/auxiliar-de-bodega-at-identity-guatemala-4433737773,Auxiliar de bodega,,scraped,2026-07-10T00:08:01.191131,
2039af740dbac0aa,https://gt.linkedin.com/jobs/view/cajero-atenci%C3%B3n-al-cliente-at-identity-guatemala-4433143122,Cajero / Atención al cliente,,scraped,2026-07-10T00:08:13.770679,
2972dcceafd6c65e,https://gt.linkedin.com/jobs/view/atenci%C3%B3n-al-cliente-at-identity-guatemala-4433126954,Atención al cliente,,scraped,2026-07-10T00:08:46.530957,
6dcf5d0aa632c79c,https://gt.linkedin.com/jobs/view/auxiliar-de-empaque-el-tejar-30400299-at-mission-foods-4435611324,AUXILIAR DE EMPAQUE EL TEJAR (30400299),Mission Foods,posted,2026-07-10T00:10:13.683423,1133
ca8e48bd931f0bf9,https://gt.linkedin.com/jobs/view/encargado-de-manejo-y-estacionamiento-centros-comerciales-at-spectrum-4436701111,Encargado de Manejo y Estacionamiento (Centros Comerciales),,scraped,2026-07-10T00:10:18.362475,
a29e812d07324b92,https://gt.linkedin.com/jobs/view/monitor-de-calidad-sc-at-corporaci%C3%B3n-multi-inversiones-4435918148,Monitor de Calidad SC,,scraped,2026-07-10T00:10:31.440062,
bb1a516a812053ab,https://gt.linkedin.com/jobs/view/analista-de-inventarios-at-identity-guatemala-4433179948,Analista de inventarios,,scraped,2026-07-10T00:10:42.349097,
389951f603b7ebff,https://gt.linkedin.com/jobs/view/cajero-a-max-escala-carretera-a-el-salvador-at-grupo-distelsa-4434897531,CAJERO (A)  - MAX ESCALA CARRETERA A EL SALVADOR,Grupo Distelsa,posted,2026-07-10T00:11:03.732057,1135
b7ef6576e6866445,https://gt.linkedin.com/jobs/view/coordinador-de-proyectos-inmobiliarios-at-sapiens-guatemala-4437927421,Coordinador de Proyectos Inmobiliarios,,scraped,2026-07-10T00:11:06.290837,
68012f8b00caf874,https://gt.linkedin.com/jobs/view/coordinador-e2e-planificacion-at-coca-cola-femsa-4435603272,COORDINADOR E2E PLANIFICACION,Coca-Cola FEMSA,posted,2026-07-10T00:12:27.545367,1137
68b75f9589668195,https://gt.linkedin.com/jobs/view/operario-de-producci%C3%B3n-1-at-corporaci%C3%B3n-multi-inversiones-4435694230,Operario de Producción 1,,scraped,2026-07-10T00:12:44.138320,
6f1d0d7769ee1b23,https://gt.linkedin.com/jobs/view/agente-telemarketing-at-corporaci%C3%B3n-victoria-4437333061,Agente Telemarketing,Corporación Victoria,posted,2026-07-10T00:13:03.928520,1139
91229b0d7ab1451b,https://gt.linkedin.com/jobs/view/carrier-sales-at-lean-solutions-group-4438846206,Carrier Sales,Lean Solutions Group,posted,2026-07-10T00:13:13.355872,1141
36f96bba0de69e91,https://gt.linkedin.com/jobs/view/supervisor-junior-at-tas-tecnolog%C3%ADa-acceso-seguridad-4435675460,Supervisor Junior,,scraped,2026-07-10T00:13:15.998996,
07bd7e18d8d38101,https://gt.linkedin.com/jobs/view/tecnico-manutenzione-carrelli-elevatori-zona-genova-savona-at-still-4438653325,TECNICO MANUTENZIONE CARRELLI ELEVATORI _ ZONA GENOVA SAVONA,,scraped,2026-07-10T00:13:25.931551,
a27c356b88c028f9,https://gt.linkedin.com/jobs/view/administrador-de-control-de-calidad-de-c%C3%B3digo-at-banco-industrial-guatemala-4435900753,Administrador de Control de Calidad de Código,,scraped,2026-07-10T00:13:35.548427,
a30c5950bc7059b6,https://gt.linkedin.com/jobs/view/executive-recruiter-remote-work-at-bairesdev-4437059409,Executive Recruiter - Remote Work,BairesDev,posted,2026-07-10T00:15:12.730398,1143
b91fa352eabb797e,https://gt.linkedin.com/jobs/view/career-framework-specialist-remote-work-at-bairesdev-4437088108,Career Framework Specialist - Remote Work,BairesDev,posted,2026-07-10T00:15:21.614541,1145
1fd0e470640d1e67,https://gt.linkedin.com/jobs/view/jefe-de-marketing-at-empresa-confidencial-4437562845,Jefe de marketing,Empresa Confidencial,posted,2026-07-10T00:15:48.299487,1147
099a46c1be2e4d4d,https://gt.linkedin.com/jobs/view/junior-architect-bim-modeler-at-atla-4438125663,Junior Architect/BIM Modeler,ATLA,posted,2026-07-10T00:16:22.535380,1149
093d96f0ed4f4505,https://gt.linkedin.com/jobs/view/spanish-content-writer-remote-at-yo-it-consulting-4437333499,Spanish Content Writer - Remote,,scraped,2026-07-10T00:16:33.191849,
7182a1419e64a000,https://gt.linkedin.com/jobs/view/facturaci%C3%B3n-y-servicio-al-cliente-at-istaff-guatemala-4438523653,Facturación y servicio al cliente,,scraped,2026-07-10T00:16:47.536716,
8c90fdb29c79c828,https://gt.linkedin.com/jobs/view/data-engineer-remote-latin-america-at-fullstack-4430143078,Data Engineer - Remote - Latin America,FullStack,posted,2026-07-10T00:18:03.565715,1043
c6e83bf1ab7f9e2a,https://gt.linkedin.com/jobs/view/jefe-facilities-at-foragro-company-4438651937,Jefe Facilities,,scraped,2026-07-10T00:18:09.954907,
a80657b9133c2b2c,https://gt.linkedin.com/jobs/view/auxiliar-de-bodega-at-corporaci%C3%B3n-multi-inversiones-4435911852,Auxiliar de Bodega,,scraped,2026-07-10T00:18:16.769027,
d63b61a231b6f5c5,https://gt.linkedin.com/jobs/view/auditor-de-calidad-at-sba-communications-4419078022,Auditor de Calidad,SBA Communications,posted,2026-07-10T00:19:34.882541,1151
8133c7360214e0a6,https://gt.linkedin.com/jobs/view/analista-de-soporte-recursos-humanos-at-claro-guatemala-4438834547,Analista de Soporte Recursos Humanos,,scraped,2026-07-10T00:19:55.551680,
e5712c73ed27eafa,https://gt.linkedin.com/jobs/view/repartidor-at-corporaci%C3%B3n-multi-inversiones-4435900077,Repartidor,,scraped,2026-07-10T00:21:17.758769,
64c33fa04fe53c55,https://gt.linkedin.com/jobs/view/ejecutivo-de-ventas-horeca-at-identity-guatemala-4434899599,Ejecutivo de Ventas Horeca,,scraped,2026-07-10T00:22:28.254379,
177efd728be37c9f,https://gt.linkedin.com/jobs/view/dependiente-de-tienda-boca-del-monte-at-megapaca-4437593322,Dependiente de tienda Boca del monte.,,scraped,2026-07-10T00:22:37.723509,
b6efd7262a9dfa77,https://gt.linkedin.com/jobs/view/supervisor-de-producci%C3%B3n-at-grupo-polytec-flexible-4436368359,Supervisor De Producción,,scraped,2026-07-10T00:22:46.596426,
10ee7fcafc4327db,https://gt.linkedin.com/jobs/view/administrador-a-de-cartera-fianzas-at-mapfre-4438811141,ADMINISTRADOR/A DE CARTERA (Fianzas),,scraped,2026-07-10T00:23:56.500092,
e9dc1d9321644e8e,https://gt.linkedin.com/jobs/view/auxiliar-de-bodega-at-jg-consulting-latam-4438828371,Auxiliar de Bodega.,JG Consulting Latam,posted,2026-07-10T00:24:09.827265,313
97df07c9532ab9b8,https://gt.linkedin.com/jobs/view/contador-junior-at-desarrollos-sobre-la-roca-4438698116,Contador Junior,Desarrollos Sobre la Roca,posted,2026-07-10T00:24:31.254156,1153
313e39fae65edc47,https://gt.linkedin.com/jobs/view/marketing-team-leader-at-sync-4438831259,Marketing Team Leader,SYNC,posted,2026-07-10T00:24:44.514083,1155
51eaaba831632a66,https://gt.linkedin.com/jobs/view/tecnico-en-refrigeraci%C3%B3n-c-guatemala-at-cargill-4410726318,Tecnico en Refrigeración - C. Guatemala,Cargill,posted,2026-07-10T00:25:00.598073,1157
69f896dce5a2f115,https://gt.linkedin.com/jobs/view/planner-digital-at-grupo-wol-4437478336,Planner Digital,Grupo WOL,posted,2026-07-10T00:25:11.391572,1159
22eefd50358244f9,https://gt.linkedin.com/jobs/view/innovation-project-lead-at-capgemini-4437777236,Innovation Project Lead,,scraped,2026-07-10T00:25:22.233290,
40dc392fc64e57c5,https://gt.linkedin.com/jobs/view/piloto-4-at-corporaci%C3%B3n-multi-inversiones-4434898450,Piloto 4,,scraped,2026-07-10T00:25:32.754336,
738c95d4a0aa0fa1,https://gt.linkedin.com/jobs/view/auxiliar-de-bodega-licencia-tipo-m-at-identity-guatemala-4435688176,"Auxiliar de Bodega, Licencia Tipo M",,scraped,2026-07-10T00:27:09.530901,
c7a478f93d136680,https://gt.linkedin.com/jobs/view/full-stack-developer-java-%2B-kotlin-%2B-react-remote-latin-america-at-fullstack-4438664696,Full Stack Developer (Java + Kotlin + React) - Remote - Latin America,FullStack,posted,2026-07-10T00:28:38.189923,1081
4700e168aa9cb3a5,https://gt.linkedin.com/jobs/view/atenci%C3%B3n-de-servicios-t%C3%A9cnicos-at-empresa-confidencial-4435692977,Atención de servicios técnicos,Empresa Confidencial,posted,2026-07-10T00:28:59.410504,1161
a56fe0114fe77d6c,https://gt.linkedin.com/jobs/view/ai-machine-learning-engineer-remote-latin-america-at-fullstack-4371032352,AI Machine Learning Engineer - Remote - Latin America,FullStack,posted,2026-07-10T00:29:10.192944,505
0abf4be8cfb1aad3,https://gt.linkedin.com/jobs/view/full-stack-developer-java-%2B-kotlin-%2B-react-remote-latin-america-at-fullstack-4438666611,Full Stack Developer (Java + Kotlin + React) - Remote - Latin America,FullStack,posted,2026-07-10T00:29:17.159480,1081
108f710c8569d7ed,https://gt.linkedin.com/jobs/view/planificador-de-producci%C3%B3n-zona-18-at-identity-guatemala-4435675457,Planificador de Producción / Zona 18,,scraped,2026-07-10T00:29:19.845130,
e92003a97702ac57,https://gt.linkedin.com/jobs/view/full-stack-developer-java-%2B-kotlin-%2B-react-remote-latin-america-at-fullstack-4438665678,Full Stack Developer (Java + Kotlin + React) - Remote - Latin America,FullStack,posted,2026-07-10T00:29:33.575602,1081
19f7fbef334ad116,https://gt.linkedin.com/jobs/view/full-stack-developer-java-%2B-kotlin-%2B-react-remote-latin-america-at-fullstack-4438669542,Full Stack Developer (Java + Kotlin + React) - Remote - Latin America,FullStack,scraped,2026-07-10T00:29:37.673260,
cd32bdef38f7a11e,https://gt.linkedin.com/jobs/view/full-stack-developer-java-%2B-kotlin-%2B-react-remote-latin-america-at-fullstack-4438675439,Full Stack Developer (Java + Kotlin + React) - Remote - Latin America,FullStack,posted,2026-07-10T00:29:44.386858,1081
cace346ae70d297d,https://gt.linkedin.com/jobs/view/asistente-de-atracci%C3%B3n-at-empresa-confidencial-4437579717,Asistente de Atracción,Empresa Confidencial,posted,2026-07-10T00:29:55.775320,1163
4a44fb20c266f361,https://gt.linkedin.com/jobs/view/supervisor-de-cobros-4438651922,Supervisor de cobros,SEC Guatemala,posted,2026-07-10T00:30:21.639407,1165
cb7662f2e41f6410,https://gt.linkedin.com/jobs/view/jefe-de-control-de-calidad-at-productos-b-b-4438830922,JEFE DE CONTROL DE CALIDAD,Productos B&amp;B,posted,2026-07-10T00:30:32.643674,1167
db4be0f0300ab310,https://gt.linkedin.com/jobs/view/jefe-m%C3%A9dico-ocupacional-at-ingrup-latam-4438847098,Jefe Médico Ocupacional,,scraped,2026-07-10T00:30:39.359619,
5a35830065edc65e,https://gt.linkedin.com/jobs/view/customer-care-representative-at-idt-corporation-4438698862,Customer Care Representative,IDT Corporation,posted,2026-07-10T00:32:07.077581,1169
8a943e33290d1741,https://gt.linkedin.com/jobs/view/vendedor-de-vehiculos-at-cofi%C3%B1o-4438832673,Vendedor de Vehiculos,,scraped,2026-07-10T00:32:11.656517,
80468599b7ec5978,https://gt.linkedin.com/jobs/view/ejecutivo-de-servicio-al-cliente-agencia-petapa-experiencia-en-banca-at-interbanco-guatemala-4438660637,"Ejecutivo de Servicio al cliente, Agencia Petapa (Experiencia en banca)",InterBanco Guatemala,posted,2026-07-10T00:33:42.104199,1171
311e40e08a526d7c,https://gt.linkedin.com/jobs/view/manager-customer-experience-at-conduent-4438622978,"Manager, Customer Experience",Conduent,posted,2026-07-10T00:33:51.404613,1173
649ba92a566a647d,https://gt.linkedin.com/jobs/view/l%C3%ADder-de-territorio-petfood-kam-at-cargill-4437909673,Líder de Territorio petfood (KAM),Cargill,posted,2026-07-10T00:34:12.920918,1175
276ba5a776e3e14d,https://gt.linkedin.com/jobs/view/field-support-b%C3%A1sico-at-grupo-sega-4438692350,Field Support  Básico,,scraped,2026-07-10T00:34:25.717239,
a42e7332a747f898,https://gt.linkedin.com/jobs/view/project-manager-para-proyecto-importante-en-el-pa%C3%ADs-at-factor-4438247800,Project Manager para proyecto importante en el país,,scraped,2026-07-10T00:34:33.973333,
5fb3b17aa78a7a5d,https://gt.linkedin.com/jobs/view/key-account-manager-synergy-at-spectrum-4435928070,Key Account Manager (Synergy),,scraped,2026-07-10T00:34:56.155190,
c26b4c8bfbb16ac2,https://gt.linkedin.com/jobs/view/sales-relationship-manager-at-pdg-media-4438607372,Sales & Relationship Manager,,scraped,2026-07-10T00:35:05.185953,
42c5ea9207ba16b8,https://gt.linkedin.com/jobs/view/prepaid-sales-channels-experience-specialist-at-millicom-tigo-4438849131,Prepaid Sales Channels & Experience Specialist,,scraped,2026-07-10T00:35:21.497485,
2ac201477e17b1d2,https://gt.linkedin.com/jobs/view/asesor-especialista-ksm08-kiosco-samsung-puerto-barrios-ksm08-at-grupo-distelsa-4435928073,ASESOR ESPECIALISTA (KSM08) - KIOSCO SAMSUNG PUERTO BARRIOS (KSM08),Grupo Distelsa,posted,2026-07-10T00:36:52.149993,1177
cb0cd909b45f1f87,https://gt.linkedin.com/jobs/view/supervisor-de-producci%C3%B3n-2-amatitl%C3%A1n-at-corporaci%C3%B3n-multi-inversiones-4434800847,Supervisor de Producción 2 Amatitlán,,scraped,2026-07-10T00:37:35.126099,
937d7a76d7760f28,https://gt.linkedin.com/jobs/view/supervisor-de-supervisor-de-bodega-y-distribuci%C3%B3n-at-empresa-confidencial-4437915786,Supervisor de Supervisor de Bodega y Distribución,Empresa Confidencial,posted,2026-07-10T00:37:53.336627,1179
3a8a971080df34e6,https://gt.linkedin.com/jobs/view/accounting-and-finance-at-concentrix-4435924123,Accounting and Finance,Concentrix,posted,2026-07-10T00:38:10.658938,1181
50e46ef1ba104159,https://gt.linkedin.com/jobs/view/t%C3%A9cnico-electricista-energ%C3%ADa-solar-fotovoltaica-paneles-solares-at-netwire-4438688644,Técnico Electricista - Energía Solar Fotovoltaica - Paneles Solares,,scraped,2026-07-10T00:38:13.267153,
0b80a7d88d92082e,https://gt.linkedin.com/jobs/view/piloto-chofer-at-semiagro-4438842586,Piloto/Chofer,,scraped,2026-07-10T00:38:21.216200,
aced8d02b8fba894,https://gt.linkedin.com/jobs/view/financial-controller-at-persotemp%C2%AE-4438828621,Financial Controller,,scraped,2026-07-10T00:38:58.031615,
39e8c653d18f608c,https://gt.linkedin.com/jobs/view/pi%C3%B9me-addetto-a-alle-vendite-punto-vendita-di-genova-at-general-gruppo-4437583325,PIÙME ADDETTO/A ALLE VENDITE PUNTO VENDITA DI GENOVA,,scraped,2026-07-10T00:39:04.200378,
b7a8d84a0424a59d,https://gt.linkedin.com/jobs/view/french-bilingual-customer-service-specialist-at-talentpop-app-4434888325,French Bilingual Customer Service Specialist,TalentPop App,posted,2026-07-10T00:39:19.660007,861
526af3f0e79d76c8,https://gt.linkedin.com/jobs/view/oficial-vigilancia-at-grupo-ficohsa-hn-4438544148,OFICIAL VIGILANCIA,Grupo Ficohsa HN,posted,2026-07-10T00:39:42.578173,1183
3909ac7aa3ab1172,https://gt.linkedin.com/jobs/view/junior-electrical-technician-at-apm-terminals-4436932220,Junior Electrical Technician,,scraped,2026-07-10T00:40:07.213704,
2b2e6513ea791aab,https://gt.linkedin.com/jobs/view/digital-media-buyer-campaign-implementation-at-cheil-worldwide-4438229781,Digital Media Buyer (Campaign Implementation),,scraped,2026-07-10T00:40:17.900142,
1627842f24da645e,https://gt.linkedin.com/jobs/view/hubspot-revenue-operations-manager-systems-builder-at-savvital-4435674535,HubSpot Revenue Operations Manager (Systems Builder),Savvital,posted,2026-07-10T00:40:30.428400,1185
f6cbcbc325e7d202,https://gt.linkedin.com/jobs/view/t%C3%A9cnico-meal-proyecto-compass-at-save-the-children-international-4438830690,Técnico MEAL Proyecto COMPASS,Save the Children International,posted,2026-07-10T00:40:48.778495,1187
2b5b46cd67d1272e,https://gt.linkedin.com/jobs/view/practicante-dise%C3%B1o-gr%C3%A1fico-y-audiovisual-at-bia-honduras-4438816105,Practicante Diseño Gráfico y Audiovisual,bia Honduras,posted,2026-07-10T00:41:07.517246,1189
a63854f03bacc669,https://gt.linkedin.com/jobs/view/senior-full-stack-engineer-react-%2B-kotlin-remote-latin-america-at-fullstack-4438527257,Senior Full Stack Engineer (React + Kotlin) - Remote - Latin America,FullStack,posted,2026-07-10T00:41:29.215672,1191
a1679a0f9d1007d7,https://gt.linkedin.com/jobs/view/senior-full-stack-engineer-react-%2B-kotlin-remote-latin-america-at-fullstack-4438515647,Senior Full Stack Engineer (React + Kotlin) - Remote - Latin America,FullStack,posted,2026-07-10T00:41:33.881790,1191
bd47bf2cd2615a5f,https://gt.linkedin.com/jobs/view/senior-full-stack-engineer-react-%2B-kotlin-remote-latin-america-at-fullstack-4438526301,Senior Full Stack Engineer (React + Kotlin) - Remote - Latin America,FullStack,posted,2026-07-10T00:41:38.730533,1191
35bd847407c6bcd4,https://gt.linkedin.com/jobs/view/senior-full-stack-engineer-react-%2B-kotlin-remote-latin-america-at-fullstack-4438529168,Senior Full Stack Engineer (React + Kotlin) - Remote - Latin America,FullStack,scraped,2026-07-10T00:41:42.781395,
15ff58a4aab3c020,https://gt.linkedin.com/jobs/view/senior-full-stack-engineer-react-%2B-kotlin-remote-latin-america-at-fullstack-4438525345,Senior Full Stack Engineer (React + Kotlin) - Remote - Latin America,FullStack,posted,2026-07-10T00:41:49.538296,1191
3dbc1d9fa1aba8a3,https://gt.linkedin.com/jobs/view/application-security-engineer-senior-id71672-at-agileengine-4437714504,Application Security Engineer (Senior) ID71672,AgileEngine,posted,2026-07-10T00:42:14.750761,1193
3b580049c00b39e0,https://gt.linkedin.com/jobs/view/senior-software-engineer-id74262-at-agileengine-4438133149,Senior Software Engineer ID74262,AgileEngine,posted,2026-07-10T00:42:21.932225,757
67e98d4d31ae3adc,https://gt.linkedin.com/jobs/view/application-security-engineer-senior-id71668-at-agileengine-4437441890,Application Security Engineer (Senior) ID71668,AgileEngine,posted,2026-07-10T00:42:26.792862,755
6f87ef5282ff0ef8,https://gt.linkedin.com/jobs/view/gerente-de-operaciones-at-grupo-distelsa-4435923175,GERENTE DE OPERACIONES,Grupo Distelsa,posted,2026-07-10T11:26:58.192911,1195
414200ec7e9267d1,https://gt.linkedin.com/jobs/view/auxiliar-de-c%C3%A1maras-at-corporaci%C3%B3n-multi-inversiones-4435604214,Auxiliar de Cámaras,,scraped,2026-07-10T11:27:20.837741,
8bf55e574aaae188,https://gt.linkedin.com/jobs/view/talent-acquisition-specialist-at-toptal-4438669295,Talent Acquisition Specialist,Toptal,posted,2026-07-10T11:27:51.757734,1197
e1497055ae0a03f1,https://gt.linkedin.com/jobs/view/encargado-de-documentaci%C3%B3n-de-exportaci%C3%B3n-at-guatemala-exporters-association-agexport-4437368813,Encargado de Documentación de Exportación,,scraped,2026-07-10T11:27:58.434879,
772d4d1210c8155e,https://gt.linkedin.com/jobs/view/analista-de-reclutamiento-y-selecci%C3%B3n-zona-7-at-didelasa-4438865643,Analista de Reclutamiento y Selección - zona 7,DIDELASA,posted,2026-07-10T11:28:30.370763,1199
d3ea0fd5a732aa2d,https://gt.linkedin.com/jobs/view/asistente-de-log%C3%ADstica-y-operaciones-at-reclutadora-de-personal-latam-4438854072,Asistente de Logística y Operaciones,Reclutadora de Personal Latam,posted,2026-07-10T11:28:58.656378,1201
bdf0091b53346382,https://gt.linkedin.com/jobs/view/head-of-inbound-logistics-rubro-granel-granos-b%C3%A1sicos-at-ac-talentos-4437925513,Head of Inbound Logistics (Rubro Granel / Granos Básicos),AC Talentos,posted,2026-07-10T11:29:22.884718,1203
f8904fb8ae49a75a,https://gt.linkedin.com/jobs/view/auxiliar-de-bodega-aguilar-batres-alamos-at-identity-guatemala-4435920440,Auxiliar de Bodega / Aguilar Batres/ Alamos,,scraped,2026-07-10T11:29:27.431902,
07f3e6f40498426f,https://gt.linkedin.com/jobs/view/van-salesman-at-acado-distribution-4435979080,Van Salesman,,scraped,2026-07-10T11:29:54.695490,
977de3c05ed23f1f,https://gt.linkedin.com/jobs/view/asistente-de-importaciones-at-identity-guatemala-4433749418,Asistente de Importaciones,,scraped,2026-07-10T11:30:19.123362,
8166c8920f0f7a06,https://gt.linkedin.com/jobs/view/operario-de-producci%C3%B3n-1-at-corporaci%C3%B3n-multi-inversiones-4435914392,Operario de Producción 1,,scraped,2026-07-10T11:30:49.519617,
9a1255413881bdaf,https://gt.linkedin.com/jobs/view/supervisor-de-flotilla-veh%C3%ADculos-corporativos-at-corporaci%C3%B3n-de-taxi-y-turismo-confianza-s-a-c-4435936111,Supervisor de Flotilla vehículos corporativos,Corporación de Taxi y Turismo Confianza S.A.C.,posted,2026-07-10T11:31:20.074575,1205
4234b9961cdbadfc,https://gt.linkedin.com/jobs/view/auxiliar-de-inventarios-capital-escuintla-villa-nueva-at-identity-guatemala-4435935164,Auxiliar de Inventarios Capital / Escuintla/ Villa Nueva,,scraped,2026-07-10T11:31:40.979571,
5d0d673e04040a67,https://gt.linkedin.com/jobs/view/community-manager-junior-mixco-at-identity-guatemala-4435927265,Community Manager Junior /  Mixco,,scraped,2026-07-10T11:32:06.557825,
b1deb1318a268435,https://gt.linkedin.com/jobs/view/operador-de-despacho-at-corporaci%C3%B3n-multi-inversiones-4435924024,Operador de Despacho,,scraped,2026-07-10T11:32:23.975765,
f94adc76c8cf45e6,https://gt.linkedin.com/jobs/view/data-engineer-remote-latin-america-at-fullstack-4430129970,Data Engineer - Remote - Latin America,FullStack,posted,2026-07-10T11:32:35.551247,1043
ac00a3cd776ecde8,https://gt.linkedin.com/jobs/view/data-engineer-remote-latin-america-at-fullstack-4430138161,Data Engineer - Remote - Latin America,FullStack,posted,2026-07-10T11:32:42.506096,1043
797ad9caa5ca2f39,https://gt.linkedin.com/jobs/view/operario-de-producci%C3%B3n-2-at-corporaci%C3%B3n-multi-inversiones-4435925020,Operario de Producción 2,,scraped,2026-07-10T11:32:45.058787,
c46737e4bbc1d7ac,https://gt.linkedin.com/jobs/view/capacitador-interno-de-venta-de-repuestos-at-repuestos-la-recolecci%C3%B3n-4438850696,Capacitador interno de venta de repuestos,,scraped,2026-07-10T11:32:52.312032,
cd56a90af94fd26e,https://gt.linkedin.com/jobs/view/auxiliar-de-bodega-at-identity-guatemala-4435914689,Auxiliar de bodega,,scraped,2026-07-10T11:33:29.201619,
96c09ea00138bd0b,https://gt.linkedin.com/jobs/view/jefe-de-operaciones-de-log%C3%ADstica-at-happymondays-com-gt-4438245878,Jefe de operaciones de logística,,scraped,2026-07-10T11:33:39.657966,
f590c242fd748d07,https://gt.linkedin.com/jobs/view/administrative-assistant-gt-at-core-code-io-4437051445,Administrative Assistant GT,Core Code io,posted,2026-07-10T11:33:55.721916,1207
9dfd4d94f411f42b,https://gt.linkedin.com/jobs/view/jefe-de-recursos-humanos-mazatenango-at-people-evolution-4437012515,Jefe de Recursos Humanos (Mazatenango),,scraped,2026-07-10T11:33:58.319856,
3332532fb54a25a5,https://gt.linkedin.com/jobs/view/t%C3%A9cnico-de-mantenimiento-industrial-enfoque-mec%C3%A1nico-at-identity-guatemala-4434857179,Técnico de Mantenimiento Industrial (Enfoque Mecánico),,scraped,2026-07-10T11:34:04.702949,
c65bc85fe12e2976,https://gt.linkedin.com/jobs/view/administrative-assistant-gt-3-at-core-code-io-4437038941,Administrative Assistant GT 3,Core Code io,posted,2026-07-10T11:34:25.355860,1209
3c9bcce2de6ff370,https://gt.linkedin.com/jobs/view/analista-de-cuentas-por-cobrar-at-somar-supermercados-4438881027,Analista de cuentas por cobrar,Somar Supermercados,posted,2026-07-10T11:34:47.165114,1211
8b061f8dea453787,https://gt.linkedin.com/jobs/view/business-developer-ejecutivo-comercial-account-executive-at-core-code-io-4437935333,Business Developer / Ejecutivo Comercial / Account Executive,Core Code io,posted,2026-07-10T11:35:34.944037,1213
8033653e848efc3f,https://gt.linkedin.com/jobs/view/agente-de-atenci%C3%B3n-telef%C3%B3nica-at-grupo-ficohsa-hn-4437573496,Agente de atención telefónica,Grupo Ficohsa HN,posted,2026-07-10T11:35:49.921726,1215
1518388d9d0fd4d7,https://gt.linkedin.com/jobs/view/remote-property-manager-at-allview-real-estate-4439007543,Remote Property Manager,AllView Real Estate,posted,2026-07-10T11:36:10.252042,1217
bdd94fb688a0c340,https://gt.linkedin.com/jobs/view/asistente-de-compras-para-%C3%B3ptica-at-talento-humano-4438807018,Asistente de Compras para Óptica,Talento Humano,posted,2026-07-10T11:36:39.784980,1219
d0a60b38e8b6d829,https://gt.linkedin.com/jobs/view/dise%C3%B1ador-ux-ui-gt-4-at-core-code-io-4437934389,Diseñador UX/UI GT 4,Core Code io,posted,2026-07-10T11:36:54.313505,1221
013c1d23f16e2d66,https://gt.linkedin.com/jobs/view/asistente-administrativo-contable-at-imeqmo-s-a-4438670749,Asistente Administrativo Contable,,scraped,2026-07-10T11:36:56.983019,
518330a27311e421,https://gt.linkedin.com/jobs/view/repartidor-at-corporaci%C3%B3n-multi-inversiones-4434801770,Repartidor,,scraped,2026-07-10T11:37:03.828310,
9f5e5503640dc550,https://gt.linkedin.com/jobs/view/reclutador-de-campo-at-grupo-integral-4438661182,Reclutador de campo,,scraped,2026-07-10T11:37:32.096937,
ce2d79a406eefd9d,https://gt.linkedin.com/jobs/view/t%C3%A9cnico-de-dise%C3%B1o-gr%C3%A1fico-at-tod-ok-4438518747,Técnico de Diseño Gráfico,,scraped,2026-07-10T11:37:47.187487,
ec232820d39dfcdb,https://gt.linkedin.com/jobs/view/data-engineer-at-core-code-io-4437934390,Data Engineer,Core Code io,posted,2026-07-10T11:38:12.288115,297
d631d7301bb6605e,https://gt.linkedin.com/jobs/view/gerente-de-alimentos-y-bebidas-el-rancho-el-progreso-at-didelasa-4438879073,Gerente de alimentos y bebidas - El Rancho El Progreso,DIDELASA,posted,2026-07-10T11:38:45.354734,1223
277fcd5fbf702829,https://gt.linkedin.com/jobs/view/especialista-desarrollo-y-procesos-r-d-pastas-atoles-y-otros-at-corporaci%C3%B3n-multi-inversiones-4435907837,"Especialista Desarrollo y Procesos R&D Pastas, Atoles y otros",,scraped,2026-07-10T11:38:59.924569,
ada6575ab7ed1626,https://gt.linkedin.com/jobs/view/analista-i-de-activos-extraordinarios-at-bantrab-4438885742,Analista I de Activos Extraordinarios,Bantrab,posted,2026-07-10T11:39:31.239566,1225
556a46bfe73fa1ad,https://gt.linkedin.com/jobs/view/intake-training-supervisor-latam-at-ovation-law-firm-4437918861,Intake Training Supervisor (LATAM),Ovation Law Firm,posted,2026-07-10T11:39:46.020537,1227
618120108782debd,https://gt.linkedin.com/jobs/view/recepcionista-%E2%80%93-cayal%C3%A1-zona-16-at-bodex-4438818918,"Recepcionista – Cayalá, zona 16",BODEX,posted,2026-07-10T11:39:59.335647,1229
3f0f9856bdf8d455,https://gt.linkedin.com/jobs/view/part-time-remote-ai-project-%246-hr-remote-at-crossing-hurdles-4437972684,Part-Time Remote AI Project |  $6/hr Remote,Crossing Hurdles,posted,2026-07-10T11:40:14.839021,1231
46aaa6553466ad34,https://gt.linkedin.com/jobs/view/asesor-log%C3%ADstico-externo-serv-log%C3%ADstica-internacional-guatemala-at-c807-operador-log%C3%ADstico-4438539464,Asesor Logístico Externo (Serv. Logística Internacional) - Guatemala,,scraped,2026-07-10T11:40:29.936028,
dbaad7c243707027,https://gt.linkedin.com/jobs/view/frontend-developer-gt-4-at-core-code-io-4437946065,Frontend Developer GT 4,Core Code io,posted,2026-07-10T11:40:56.205214,1233
f4675d0c3797b6af,https://gt.linkedin.com/jobs/view/auxiliar-contable-at-aquatica-s-a-4438885541,Auxiliar contable,,scraped,2026-07-10T11:41:31.151952,
82a1af7b8e667ffa,https://gt.linkedin.com/jobs/view/coordinador-de-abastecimiento-compras-e-importaciones-at-aromazone-4437787160,"Coordinador de Abastecimiento, Compras e Importaciones",,scraped,2026-07-10T11:41:45.756587,
f8cef173ca34746f,https://gt.linkedin.com/jobs/view/talent-acquisition-specialist-at-solvo-global-careers-4435912762,Talent Acquisition Specialist,,scraped,2026-07-10T11:42:02.172046,
47cbe6a25b0555eb,https://gt.linkedin.com/jobs/view/fullstack-developer-gt-5-at-core-code-io-4437923954,Fullstack Developer GT 5,Core Code io,posted,2026-07-10T11:42:21.233830,1235
bc53ec6959817276,https://gt.linkedin.com/jobs/view/climate-change-and-circular-economy-experts-at-ntu-international-a-s-4437137437,Climate Change and Circular Economy Experts,,scraped,2026-07-10T11:42:24.009865,
a83e641a8839da1e,https://gt.linkedin.com/jobs/view/business-analyst-at-intouchcx-4437953212,Business Analyst,,scraped,2026-07-10T11:42:35.634781,
e5ea791551bd1204,https://gt.linkedin.com/jobs/view/associate-business-advisor-at-capgemini-4438898180,Associate Business Advisor,,scraped,2026-07-10T11:43:01.433921,
d13d82cebabb50b2,https://gt.linkedin.com/jobs/view/legal-manager-at-a-p-moller-maersk-4438897149,Legal Manager,,scraped,2026-07-10T11:43:11.823206,
a0c284b5d9fbe5b2,https://gt.linkedin.com/jobs/view/spanish-bilingual-customer-service-specialist-at-talentpop-app-4434889370,Spanish Bilingual Customer Service Specialist,TalentPop App,posted,2026-07-10T11:43:31.229032,885
5d805e156d949390,https://gt.linkedin.com/jobs/view/spanish-bilingual-customer-service-specialist-at-talentpop-app-4434876629,Spanish Bilingual Customer Service Specialist,TalentPop App,scraped,2026-07-10T11:43:35.311896,
9d5ea5b71b062f67,https://gt.linkedin.com/jobs/view/spanish-bilingual-customer-service-specialist-at-talentpop-app-4434877531,Spanish Bilingual Customer Service Specialist,TalentPop App,scraped,2026-07-10T11:43:39.505346,
f6d93652d6cbe980,https://gt.linkedin.com/jobs/view/spanish-bilingual-customer-service-specialist-at-talentpop-app-4434889282,Spanish Bilingual Customer Service Specialist,TalentPop App,scraped,2026-07-10T11:43:44.267032,
63c809f112617e01,https://gt.linkedin.com/jobs/view/spanish-bilingual-customer-service-specialist-at-talentpop-app-4434869807,Spanish Bilingual Customer Service Specialist,TalentPop App,scraped,2026-07-10T11:43:48.362200,
86a5c088b0cb66f8,https://gt.linkedin.com/jobs/view/software-development-engineer-in-test-sdet-remote-latam-at-ground-game-4438695361,Software Development Engineer in Test (SDET) | Remote | LATAM,Ground Game,posted,2026-07-10T11:44:14.529953,1237
d4e686c6b423146d,https://gt.linkedin.com/jobs/view/jefe-de-ventas-at-empresa-confidencial-4437915764,Jefe de ventas,Empresa Confidencial,posted,2026-07-10T11:44:28.749505,1239
3a0cab84470d07e3,https://gt.linkedin.com/jobs/view/learning-enablement-systems-specialist-trainer-at-goto-4438850497,Learning Enablement Systems Specialist (Trainer),GoTo,posted,2026-07-10T11:44:39.085765,1241
4af188e3bb581ed7,https://gt.linkedin.com/jobs/view/coordinador-de-proyectos-de-construcci%C3%B3n-at-canella-s-a-4438894399,COORDINADOR DE PROYECTOS DE CONSTRUCCIÓN,,scraped,2026-07-10T11:44:47.786833,
ea8da58553f014a7,https://gt.linkedin.com/jobs/view/devops-engineer-gt-at-core-code-io-4437936325,DevOps Engineer GT,Core Code io,posted,2026-07-10T11:45:08.328086,1243
0ac23a3378ee8423,https://gt.linkedin.com/jobs/view/operations-coordinator-at-cs-outsource-4437307645,Operations Coordinator,CS Outsource,posted,2026-07-10T11:45:21.706643,293
a19bdb113b072ce5,https://gt.linkedin.com/jobs/view/asesor-comercial-de-marcas-estrat%C3%A9gicas-at-imeqmo-s-a-4438674883,Asesor Comercial de Marcas Estratégicas,,scraped,2026-07-10T11:45:28.398389,
defc49c5c04da8b0,https://gt.linkedin.com/jobs/view/especialista-en-operaciones-aduaneras-at-dhl-global-forwarding-4438879251,Especialista en Operaciones Aduaneras,DHL Global Forwarding,posted,2026-07-10T11:46:13.376846,1245
764b0496c5ba0d14,https://gt.linkedin.com/jobs/view/ejecutiva-de-ventas-hoteler%C3%ADa-4438826795,Ejecutiva de ventas hotelería,People HG,posted,2026-07-10T11:46:30.838613,1247
9a80159ef654ecfe,https://gt.linkedin.com/jobs/view/lead-global-pricing-analyst-at-ezcorp-4437934280,LEAD GLOBAL PRICING ANALYST,EZCORP,posted,2026-07-10T11:47:01.063238,1249
d72e7c7257758088,https://gt.linkedin.com/jobs/view/customer-technical-support-engineer-at-mercor-4420272702,Customer Technical Support Engineer,Mercor,posted,2026-07-10T11:47:36.216870,1251
c1122242f687b3d0,https://gt.linkedin.com/jobs/view/sr-manager-centralized-monitoring-risk-based-monitoring-rbm-risk-based-quality-management-rbqm-at-fortrea-4438530279,"Sr. Manager, Centralized Monitoring, Risk-Based Monitoring (RBM) & Risk-Based Quality Management (RBQM)",Fortrea,posted,2026-07-10T11:47:53.510035,1253
2d218f6269dc4234,https://gt.linkedin.com/jobs/view/asesor-a-integral-en-agencia-mazatenango-terminal-at-bam-4439034256,ASESOR/A INTEGRAL EN AGENCIA MAZATENANGO TERMINAL,,scraped,2026-07-10T11:48:02.207727,
dfda9ce392dd4ada,https://gt.linkedin.com/jobs/view/senior-full-stack-engineer-react-%2B-kotlin-remote-latin-america-at-fullstack-4438519484,Senior Full Stack Engineer (React + Kotlin) - Remote - Latin America,FullStack,posted,2026-07-10T11:48:25.737215,1191
04bc4101e49afde8,https://gt.linkedin.com/jobs/view/senior-full-stack-engineer-react-%2B-kotlin-remote-latin-america-at-fullstack-4438525343,Senior Full Stack Engineer (React + Kotlin) - Remote - Latin America,FullStack,posted,2026-07-10T11:48:30.765424,1191
ec5afbe6d79bd473,https://gt.linkedin.com/jobs/view/senior-full-stack-engineer-react-%2B-kotlin-remote-latin-america-at-fullstack-4438515652,Senior Full Stack Engineer (React + Kotlin) - Remote - Latin America,FullStack,posted,2026-07-10T11:48:35.638218,1191
fc461075123e0a5b,https://gt.linkedin.com/jobs/view/senior-full-stack-engineer-react-%2B-kotlin-remote-latin-america-at-fullstack-4438511870,Senior Full Stack Engineer (React + Kotlin) - Remote - Latin America,FullStack,posted,2026-07-10T11:48:44.525238,1191
cd44b028d3a6e2c6,https://gt.linkedin.com/jobs/view/senior-full-stack-engineer-react-%2B-kotlin-remote-latin-america-at-fullstack-4438528226,Senior Full Stack Engineer (React + Kotlin) - Remote - Latin America,FullStack,posted,2026-07-10T11:48:49.411158,1191
25c0fbe03fb86556,https://gt.linkedin.com/jobs/view/senior-azure-cloud-engineer-at-applaudo-4438249507,Senior Azure Cloud Engineer,,scraped,2026-07-10T11:48:52.101897,
1299bf7b983429e3,https://gt.linkedin.com/jobs/view/coordinador-administrativo-de-campo-construcci%C3%B3n-at-grupo-corporativo-altamira-4439048417,Coordinador Administrativo de Campo (Construcción),,scraped,2026-07-10T18:12:03.623991,
489c290b7b649294,https://gt.linkedin.com/jobs/view/jefe-regional-financiero-at-omr-human-talent-4438854025,Jefe Regional Financiero,OMR HUMAN TALENT,posted,2026-07-10T18:12:47.376858,1255
70fed2d663e1d90f,https://gt.linkedin.com/jobs/view/asistente-administrativa-at-hotel-vista-quince-4437586538,Asistente Administrativa,,scraped,2026-07-10T18:12:57.987432,
4110be91798f1d1d,https://gt.linkedin.com/jobs/view/digitador-zona-15-at-didelasa-4438874388,Digitador - Zona 15,,scraped,2026-07-10T18:13:04.479667,
b27ecadc31ba574b,https://gt.linkedin.com/jobs/view/asistente-recepcionista-masculino-sector-m%C3%A9dico-at-identity-guatemala-4435994087,Asistente Recepcionista Masculino Sector Médico,,scraped,2026-07-10T18:13:18.689935,
76196d924ce188c2,https://gt.linkedin.com/jobs/view/asistente-de-alta-gerencia-zona-7-at-didelasa-4438879072,Asistente de Alta Gerencia -  Zona 7,,scraped,2026-07-10T18:13:31.894652,
464cfaf2cb2ff71e,https://gt.linkedin.com/jobs/view/t%C3%A9cnico-de-soporte-electrom%C3%A9dico-at-innovaciones-m%C3%A9dicas-4438107284,Técnico de Soporte Electromédico,,scraped,2026-07-10T18:14:14.027839,
161129a6c3bd71c0,https://gt.linkedin.com/jobs/view/empacador-de-snacks-at-identity-guatemala-4435916664,Empacador de Snacks,,scraped,2026-07-10T18:14:26.467663,
864a79a56cc84479,https://gt.linkedin.com/jobs/view/sales-development-representative-at-podium-4430754433,Sales Development Representative,Podium,posted,2026-07-10T18:15:07.594399,1257
f12ec09f29a41004,https://gt.linkedin.com/jobs/view/vendedor-a-comisionista-cob%C3%A1n-at-cargill-4439312517,Vendedor(a) Comisionista - Cobán,Cargill,posted,2026-07-10T18:15:25.049698,1259
f3e025d8dc41e23a,https://gt.linkedin.com/jobs/view/dise%C3%B1ador-ux-ui-guatemala-at-core-code-io-4437938309,Diseñador UX/UI Guatemala,Core Code io,posted,2026-07-10T18:16:15.223770,1261
3dbafbfab9c92cae,https://gt.linkedin.com/jobs/view/operario-de-producci%C3%B3n-preparados-1-at-corporaci%C3%B3n-multi-inversiones-4435911851,Operario de Producción Preparados 1,,scraped,2026-07-10T18:16:19.684439,
ddff15de431cc8ef,https://gt.linkedin.com/jobs/view/especialista-de-soporte-t%C3%A9cnico-at-core-code-io-4437925726,Especialista de Soporte Técnico,Core Code io,posted,2026-07-10T18:16:44.595238,1263
bb9d3d20d4825114,https://gt.linkedin.com/jobs/view/data-engineer-remote-latin-america-at-fullstack-4430147057,Data Engineer - Remote - Latin America,FullStack,posted,2026-07-10T18:17:11.210905,1043
2dea04892799324e,https://gt.linkedin.com/jobs/view/data-engineer-remote-latin-america-at-fullstack-4430152007,Data Engineer - Remote - Latin America,FullStack,posted,2026-07-10T18:17:27.448274,1043
4ff996990369b66d,https://gt.linkedin.com/jobs/view/recepcionista-zona-4-at-canella-s-a-4439305886,RECEPCIONISTA ZONA 4,,scraped,2026-07-10T18:17:32.119085,
678d9f598cbe9b73,https://gt.linkedin.com/jobs/view/analista-de-ventas-jr-at-cargill-4420454667,Analista de Ventas Jr.,Cargill,posted,2026-07-10T18:18:25.507293,1265
9141aca43aec650d,https://gt.linkedin.com/jobs/view/jefe-de-tienda-pisos-loza-grifer%C3%ADa-carretera-a-el-salvador-at-didelasa-4438861905,"Jefe de Tienda  (Pisos, Loza, Grifería) - Carretera a El Salvador",,scraped,2026-07-10T18:18:36.130603,
d4da75a07ab8f745,https://gt.linkedin.com/jobs/view/creador-a-de-contenido-pov-para-ia-remoto-at-toloka-annotators-4437750981,Creador(a) de Contenido POV para IA - Remoto,Toloka Annotators,posted,2026-07-10T18:19:05.987682,1267
b570a8c0d6fffa6f,https://gt.linkedin.com/jobs/view/supervisor-de-producci%C3%B3n-at-grupo-bimbo-4435697088,Supervisor de Producción,Grupo Bimbo,posted,2026-07-10T18:19:24.941829,1269
489fcbd1ba46908f,https://gt.linkedin.com/jobs/view/asesor-a-de-servicio-en-agencia-santa-cruz-del-quiche-t1-at-bam-4438877523,ASESOR/A DE SERVICIO EN AGENCIA SANTA CRUZ DEL QUICHE (T1),,scraped,2026-07-10T18:19:29.574341,
b42d26c3fda38988,https://gt.linkedin.com/jobs/view/business-developer-ejecutivo-comercial-account-executive-guatemala-at-core-code-io-4437942118,Business Developer / Ejecutivo Comercial / Account Executive Guatemala,Core Code io,posted,2026-07-10T18:20:27.155138,1271
f1b6b12e4891e11f,https://gt.linkedin.com/jobs/view/asistente-ejecutivo-at-ceiba-capital-house-4439313734,Asistente Ejecutivo,Ceiba Capital House,posted,2026-07-10T18:20:48.438351,1273
f9aee823a29228ef,https://gt.linkedin.com/jobs/view/especialista-de-soporte-t%C3%A9cnico-gt-at-core-code-io-4437943101,Especialista de Soporte Técnico GT,Core Code io,posted,2026-07-10T18:21:03.147787,1275
a39c304d7bf23d86,https://gt.linkedin.com/jobs/view/especialista-de-proyectos-de-mejora-continua-manufactura-at-multi-4437923324,Especialista de Proyectos de Mejora Continua - Manufactura,MULTI,posted,2026-07-10T18:21:50.926637,1277
c02d139b780df2dc,https://gt.linkedin.com/jobs/view/asesor-de-ventas-de-campo-at-identity-guatemala-4435979905,Asesor de Ventas de Campo,,scraped,2026-07-10T18:21:57.555867,
95180525c872af91,https://gt.linkedin.com/jobs/view/management-trainee-at-acado-distribution-4435967325,Management Trainee,,scraped,2026-07-10T18:22:13.871015,
06888a439b02e9f0,https://gt.linkedin.com/jobs/view/spanish-interpreter-at-kreato-global-bpo-and-language-solutions-4435985794,Spanish Interpreter,Kreato Global | BPO and Language Solutions,posted,2026-07-10T18:22:40.239051,1279
9272bd5cd3700c99,https://gt.linkedin.com/jobs/view/asesor-de-ventas-max-telares-antigua-at-grupo-distelsa-4435911058,ASESOR DE VENTAS  - MAX TELARES ANTIGUA,Grupo Distelsa,posted,2026-07-10T18:23:12.429790,1281
c732e986983e480a,https://gt.linkedin.com/jobs/view/contador-jr-zona-7-capital-at-didelasa-4438878074,Contador Jr. - Zona 7 Capital,,scraped,2026-07-10T18:23:21.027073,
2aa69cf7abcc6419,https://gt.linkedin.com/jobs/view/analista-de-operaciones-at-identity-guatemala-4435975965,Analista de operaciones,,scraped,2026-07-10T18:23:31.387255,
d84ca37462904d1f,https://gt.linkedin.com/jobs/view/especialista-de-investigaci%C3%B3n-y-desarrollo-at-identity-guatemala-4435981906,Especialista de Investigación y Desarrollo,,scraped,2026-07-10T18:23:51.473031,
f4285f11033b1cbb,https://gt.linkedin.com/jobs/view/ingeniero-el%C3%A9ctrico-at-eca-electricidad-4438808239,Ingeniero eléctrico,,scraped,2026-07-10T18:24:08.624321,
5e5d654a16a6da7c,https://gt.linkedin.com/jobs/view/gerente-de-proyectos-inmobiliarios-at-umana-rh-4439306532,Gerente de Proyectos Inmobiliarios,,scraped,2026-07-10T18:24:16.845500,
79bf834d8e61d93d,https://gt.linkedin.com/jobs/view/business-developer-ejecutivo-comercial-account-executive-gt-4-at-core-code-io-4437938313,Business Developer / Ejecutivo Comercial / Account Executive GT 4,Core Code io,posted,2026-07-10T18:24:34.692947,1283
9799f7ae5661fa33,https://gt.linkedin.com/jobs/view/redactor-publicitario-de-marketing-at-perinola-4439331210,Redactor publicitario de marketing,,scraped,2026-07-10T18:24:51.654202,
ba9e42d8f78feeed,https://gt.linkedin.com/jobs/view/tecnico-e-instalador-en-cctv-audio-y-video-at-audio-y-dise%C3%B1o-4437586540,Tecnico e instalador en CCTV AUDIO Y VIDEO,,scraped,2026-07-10T18:24:57.945832,
399bee42051c7b76,https://gt.linkedin.com/jobs/view/planificador-junior-at-olivero-bland-studio-4438328047,Planificador Junior,,scraped,2026-07-10T18:25:09.153795,
f464b5cfa2ba4302,https://gt.linkedin.com/jobs/view/qa-tester-analista-qa-gt-2-at-core-code-io-4437931391,QA / Tester (Analista QA) GT 2,Core Code io,posted,2026-07-10T18:25:28.120627,1285
256b3f865f7fa0aa,https://gt.linkedin.com/jobs/view/sdr-sales-development-representative-gtm-at-core-code-io-4437926760,SDR (Sales Development Representative) GTM,Core Code io,posted,2026-07-10T18:25:43.178677,1287
d4b23496c58a1ce1,https://gt.linkedin.com/jobs/view/performance-marketing-specialist-guatemala-at-vxi-global-solutions-4437922185,Performance Marketing Specialist - Guatemala,VXI Global Solutions,posted,2026-07-10T18:26:14.740355,1289
205a67a560b26c7b,https://gt.linkedin.com/jobs/view/bodeguero-de-repuestos-maquipos-escuintla-at-canella-s-a-4438534072,BODEGUERO DE REPUESTOS - MAQUIPOS ESCUINTLA,,scraped,2026-07-10T18:26:19.308925,
9ab8ef489d32f06f,https://gt.linkedin.com/jobs/view/qa-tester-analista-qa-gt-4-at-core-code-io-4437923957,QA / Tester (Analista QA) GT 4,Core Code io,posted,2026-07-10T18:26:34.592049,1291
609740957e51ffd8,https://gt.linkedin.com/jobs/view/sales-specialist-at-unox-s-p-a-4429395254,Sales Specialist,,scraped,2026-07-10T18:27:05.749438,
ac09c62bd386cbe5,https://gt.linkedin.com/jobs/view/gerente-de-direcci%C3%B3n-t%C3%A9cnica-at-farmamedica-4439094800,Gerente de Dirección Técnica,,scraped,2026-07-10T18:27:14.299902,
402a8c380c98365b,https://gt.linkedin.com/jobs/view/administrador-a-de-cartera-at-mapfre-4438805382,ADMINISTRADOR/A DE CARTERA,,scraped,2026-07-10T18:27:27.068235,
5a35a20dee39704a,https://gt.linkedin.com/jobs/view/asistente-administrativo-de-compras-y-log%C3%ADstica-at-jhpiego-4438545793,Asistente Administrativo de Compras y Logística,Jhpiego,posted,2026-07-10T18:27:45.877593,1293
8d76dae8a505d343,https://gt.linkedin.com/jobs/view/senior-agentic-product-designer-remote-latin-america-at-fullstack-4419972919,Senior Agentic Product Designer - Remote - Latin America,FullStack,posted,2026-07-10T18:27:56.050755,1295
e20fee45b52935ef,https://gt.linkedin.com/jobs/view/ejecutivo-de-centro-de-negocios-plaza-futeca-zona-14-at-interbanco-guatemala-4439332108,"Ejecutivo de Centro de Negocios, Plaza Futeca zona 14",InterBanco Guatemala,posted,2026-07-10T18:28:16.434760,1297
9ebc5ee10ed03753,https://gt.linkedin.com/jobs/view/auxiliar-contable-at-cbx-global-4438554676,Auxiliar Contable,CBX Global,posted,2026-07-10T18:28:23.251283,71
76aa8e20b9fc6fcb,https://gt.linkedin.com/jobs/view/assistant-chief-executive-at-atento-4436628018,Assistant Chief Executive,Atento,posted,2026-07-10T18:28:36.004910,1299
66e50302d09c3cc9,https://gt.linkedin.com/jobs/view/jefe-de-finanzas-at-bet502-com-4439322542,Jefe de finanzas,,scraped,2026-07-10T18:28:40.649254,
bf83631680c73cc4,https://gt.linkedin.com/jobs/view/ejecutivo-de-sac-at-identity-guatemala-4435612318,Ejecutivo de SAC,,scraped,2026-07-10T18:28:51.207954,
ecf294e44e38dc74,https://gt.linkedin.com/jobs/view/gerente-general-zona-12-at-identity-guatemala-4435919436,Gerente General / Zona 12,,scraped,2026-07-10T18:29:05.181789,
26c80a537ac7494a,https://gt.linkedin.com/jobs/view/oficial-t%C3%A9cnico-especialista-en-gesti%C3%B3n-integrada-de-cuencas-at-iucn-world-commission-on-environmental-law-4439060135,Oficial Técnico Especialista en Gestión Integrada de Cuencas,,scraped,2026-07-10T18:29:38.821755,
1bdf9208b64bc724,https://gt.linkedin.com/jobs/view/recruitment-specialist-at-athena-4430937316,Recruitment Specialist,,scraped,2026-07-10T18:29:45.881406,
7ebf0d5453e6f12e,https://gt.linkedin.com/jobs/view/asesor-de-ventas-y-servicio-al-cliente-at-prowork-group-guatemala-4439334131,Asesor de ventas y servicio al cliente,Prowork Group Guatemala,posted,2026-07-10T18:30:14.404482,1301
05e488475d458418,https://gt.linkedin.com/jobs/view/pricing-product-manager-at-ezcorp-4438326261,Pricing Product Manager,EZCORP,posted,2026-07-10T18:30:22.869796,1303
13b171c6b545fe58,https://gt.linkedin.com/jobs/view/maestra-de-preprimaria-temporal-at-grupo-helvetica-4438133272,Maestra de Preprimaria - Temporal,Grupo Helvetica,posted,2026-07-10T18:30:42.218528,1305
f6c67af16c190679,https://gt.linkedin.com/jobs/view/coordinador-de-transformaci%C3%B3n-financiera-at-corporaci%C3%B3n-solvere-4373864287,Coordinador de Transformación Financiera,Corporación Solvere,posted,2026-07-10T18:30:58.499784,1307
a8dd7d2eb07099f5,https://gt.linkedin.com/jobs/view/asesor-a-de-servicio-en-agencia-las-conchas-zona-14-t1-at-bam-4438887181,ASESOR/A DE SERVICIO EN AGENCIA LAS CONCHAS ZONA 14 (T1),,scraped,2026-07-10T18:31:01.135585,
34275cf856d1494d,https://gt.linkedin.com/jobs/view/team-leader-for-outbound-sales-at-vxi-global-solutions-4437064775,Team Leader for Outbound Sales,VXI Global Solutions,posted,2026-07-10T18:31:24.510728,1309
de756565c651ab88,https://gt.linkedin.com/jobs/view/ejecutivo-de-ventas-log%C3%ADsticos-km-16-5-carretera-a-el-salvador-guatemala-at-talento-latinoamerica-4438269168,"Ejecutivo de Ventas Logísticos - KM 16.5 Carretera a El Salvador, Guatemala",Talento Latinoamerica,posted,2026-07-10T18:31:35.801625,1311
2d21447b7b1686eb,https://gt.linkedin.com/jobs/view/supervisor-de-telemercadeo-at-grupodent-4438849385,Supervisor de Telemercadeo,,scraped,2026-07-10T18:31:40.512132,
89497c65582bc6ea,https://gt.linkedin.com/jobs/view/junior-database-administrator-aws-focus-at-happymondays-com-gt-4438698239,Junior Database Administrator (AWS Focus),,scraped,2026-07-10T18:32:06.997874,
5c26f5153271a15d,https://gt.linkedin.com/jobs/view/lider-de-territorio-petfood-canal-moderno-key-account-manager-at-cargill-4436618251,"Lider de Territorio Petfood, Canal Moderno (Key Account Manager)",Cargill,posted,2026-07-10T18:32:20.242426,1313
39da138957943899,https://gt.linkedin.com/jobs/view/t%C3%A9cnico-a-de-servicio-industria-de-alimentos-y-bebidas-quetzaltenango-guatemala-at-ecolab-4389414933,"Técnico/a de Servicio - Industria de Alimentos y Bebidas - Quetzaltenango, Guatemala",Ecolab,posted,2026-07-10T18:33:00.045665,1315
6d681969c448cd4b,https://gt.linkedin.com/jobs/view/captain-atr-at-dhl-express-4438569200,"Captain, ATR",DHL Express,posted,2026-07-10T18:33:41.350332,1317
b43ab9623a59079d,https://gt.linkedin.com/jobs/view/bpo-operations-supervisor-at-allied-global-technology-services-4438828038,BPO Operations Supervisor,,scraped,2026-07-10T18:33:48.031956,
32238090e35f357e,https://gt.linkedin.com/jobs/view/paid-search-specialist-at-vml-4438667906,Paid Search Specialist,VML,posted,2026-07-10T18:34:12.256388,1319
997d83ad35cb7e2a,https://gt.linkedin.com/jobs/view/asesor-a-de-servicio-en-agencia-santa-amelia-t2-at-bam-4438880438,ASESOR/A DE SERVICIO EN AGENCIA SANTA AMELIA (T2),,scraped,2026-07-10T18:34:18.895052,
4bcdd328f3eb320c,https://gt.linkedin.com/jobs/view/customer-experience-associate-i-at-conduent-4438640147,Customer Experience Associate I,Conduent,posted,2026-07-10T18:34:39.756194,609
70e3f4bf8fcfaea6,https://gt.linkedin.com/jobs/view/spanish-bilingual-customer-service-specialist-at-talentpop-app-4434881464,Spanish Bilingual Customer Service Specialist,TalentPop App,posted,2026-07-10T18:34:48.647455,885
1f79be775f10acda,https://gt.linkedin.com/jobs/view/conserje-masculino-at-universidad-da-vinci-de-guatemala-4438882022,Conserje Masculino,,scraped,2026-07-10T23:35:19.098241,
6c52cbceef5d98ca,https://gt.linkedin.com/jobs/view/promotor-at-gomezlee-marketing-4439378000,PROMOTOR,,scraped,2026-07-10T23:35:42.599294,
03f6be0e949154e3,https://gt.linkedin.com/jobs/view/encargado-de-pricing-at-gtlogistics-s-a-4439313185,Encargado de Pricing,,scraped,2026-07-10T23:35:49.565121,
9222ce44c1edbf6c,https://gt.linkedin.com/jobs/view/developer-sourcing-development-at-vf-corporation-4427242081,"Developer, Sourcing Development",VF Corporation,posted,2026-07-10T23:36:14.879828,1321
a39380867e8be3b3,https://gt.linkedin.com/jobs/view/mensajero-licencia-tipo-b-at-grupo-pb-4438333938,Mensajero Licencia Tipo B,Grupo PB,posted,2026-07-10T23:36:56.607849,1323
923904769b4670c4,https://gt.linkedin.com/jobs/view/analista-de-cuentas-por-cobrar-at-corpodesa-4438336849,Analista de cuentas por cobrar,,scraped,2026-07-10T23:37:13.562006,
5275234d13e8ad33,https://gt.linkedin.com/jobs/view/auxiliar-de-mantenimiento-y-limpieza-at-innovaciones-m%C3%A9dicas-4439372689,Auxiliar de Mantenimiento y Limpieza,,scraped,2026-07-10T23:37:24.986497,
377729e57fd069e1,https://gt.linkedin.com/jobs/view/customer-service-specialist-at-icn-guatemala-4437810368,Customer Service Specialist,,scraped,2026-07-10T23:37:43.251279,
d0eb489d32a4e3e9,https://gt.linkedin.com/jobs/view/coordinador-atenci%C3%B3n-bancos-y-fha-at-corporaci%C3%B3n-victoria-4438371476,Coordinador Atención Bancos y FHA,Corporación Victoria,posted,2026-07-10T23:38:39.788112,1325
04df12760279bd93,https://gt.linkedin.com/jobs/view/gerente-de-producto-de-software-at-intcomex-4439088911,Gerente de producto de software,Intcomex,posted,2026-07-10T23:38:58.424928,1327
e356626da14bc5ab,https://gt.linkedin.com/jobs/view/staffing-solution-architect-remote-work-at-bairesdev-4436844113,Staffing Solution Architect - Remote Work,BairesDev,posted,2026-07-10T23:39:32.866221,1329
fd961649f099034d,https://gt.linkedin.com/jobs/view/operario-de-granja-at-corporaci%C3%B3n-multi-inversiones-4436638069,Operario de Granja,,scraped,2026-07-10T23:39:37.690299,
feed1875201ba438,https://gt.linkedin.com/jobs/view/host-de-pi%C3%B1atas-air-square-oakland-place-at-spectrum-4436626895,Host de Piñatas (Air Square - Oakland Place),,scraped,2026-07-10T23:39:50.969310,
5dcd41cc70570a22,https://gt.linkedin.com/jobs/view/analista-de-cr%C3%A9ditos-para-desembolsos-de-vivienda-at-identity-guatemala-4433744556,Analista de Créditos para Desembolsos de Vivienda,,scraped,2026-07-10T23:40:08.277146,
0ecdc2e8a810b195,https://gt.linkedin.com/jobs/view/funded-traineeship-for-young-graduates-at-the-eu-delegation-to-guatemala-at-eubam-libya-4439062680,Funded traineeship for young graduates at the EU Delegation to Guatemala,,scraped,2026-07-10T23:40:24.224309,
3025d7763edfb21e,https://gt.linkedin.com/jobs/view/supervisor-de-obra-%E2%80%93-construcci%C3%B3n-vertical-zona-16-at-sapiens-guatemala-4437918896,Supervisor de Obra – Construcción Vertical | Zona 16,,scraped,2026-07-10T23:40:31.367222,
c9d33e24af15ee20,https://gt.linkedin.com/jobs/view/asesor-comercial-para-industria-de-pl%C3%A1stico-at-sapiens-guatemala-4436871532,ASESOR COMERCIAL PARA INDUSTRIA DE PLÁSTICO,,scraped,2026-07-10T23:40:40.000254,
a8c13b738256ea33,https://gt.linkedin.com/jobs/view/auxiliar-contable-zona-11-at-identity-guatemala-4435980901,Auxiliar Contable Zona 11,,scraped,2026-07-10T23:40:50.518542,
3e21588e40940e76,https://gt.linkedin.com/jobs/view/ejecutivo-de-ventas-digitales-y-contenido-publicidad-btl-at-ac-talentos-4437921826,Ejecutivo de Ventas Digitales y Contenido (Publicidad / BTL),AC Talentos,posted,2026-07-10T23:41:44.867358,1331
b3f83961377ff1d8,https://gt.linkedin.com/jobs/view/asistente-comercial-experiencia-guatecompras-at-identity-guatemala-4435982887,Asistente Comercial Experiencia Guatecompras,,scraped,2026-07-10T23:41:47.446431,
f4cce5ad9644c7ec,https://gt.linkedin.com/jobs/view/assistant-accountant-at-acado-distribution-4435969271,Assistant Accountant,,scraped,2026-07-10T23:42:08.004109,
bed23123b52fc726,https://gt.linkedin.com/jobs/view/tester-remoto-oustsourcing-at-blanco-silva-consultor%C3%ADa-inform%C3%A1tica-bsci-4438330945,Tester Remoto Oustsourcing,,scraped,2026-07-10T23:42:18.451150,
1074ce1598c0cb4b,https://gt.linkedin.com/jobs/view/idb-invest-economic-opportunities-advisory-consultant-at-idb-invest-4436623427,IDB Invest - Economic Opportunities Advisory Consultant,BID Invest,posted,2026-07-10T23:42:47.943519,1333
2bda67225339bbc1,https://gt.linkedin.com/jobs/view/trafficker-digital-at-conversion-4438833538,Trafficker Digital,,scraped,2026-07-10T23:42:58.683305,
71911d28e97a00bb,https://gt.linkedin.com/jobs/view/piloto-l%C3%ADder-at-grupo-continental-motores-4438881022,Piloto Líder,Grupo Continental Motores,posted,2026-07-10T23:43:37.335410,1335
ef860cae8e6fe229,https://gt.linkedin.com/jobs/view/director-de-ventas-at-ifx-networks-4439366035,Director de ventas,,scraped,2026-07-10T23:43:41.999346,
4bade8429f7740dc,https://gt.linkedin.com/jobs/view/dise%C3%B1ador-gr%C3%A1fico-jr-at-comelasa-4439343400,Diseñador Gráfico Jr.,,scraped,2026-07-10T23:44:16.802255,
b94246e6788b2600,https://gt.linkedin.com/jobs/view/asistente-de-talento-humano-at-wild-west-regional-4439379147,Asistente de Talento Humano,Wild West Regional,posted,2026-07-10T23:44:48.866878,1337
5798d1c42b10c3b7,https://gt.linkedin.com/jobs/view/runner-air-square-oakland-place-at-spectrum-4436645020,Runner (Air Square - Oakland Place),,scraped,2026-07-10T23:44:57.484137,
d1df252cf61db3c7,https://gt.linkedin.com/jobs/view/dise%C3%B1ador-ux-ui-gt-3-at-core-code-io-4437931389,Diseñador UX/UI GT 3,Core Code io,posted,2026-07-10T23:45:17.992808,1339
1c6f10cc90678e15,https://gt.linkedin.com/jobs/view/especialista-electromec%C3%A1nico-diagn%C3%B3stico-can-bus-at-ac-talentos-4437929213,Especialista Electromecánico / Diagnóstico CAN Bus,AC Talentos,posted,2026-07-10T23:45:31.513806,1341
41f15af6fc47422e,https://gt.linkedin.com/jobs/view/manual-qa-engineer-remote-latin-america-at-fullstack-4439376157,Manual QA Engineer - Remote - Latin America,FullStack,posted,2026-07-10T23:45:46.338381,1343
3fc7b173364705d5,https://gt.linkedin.com/jobs/view/digitador-carretera-a-el-salvador-at-didelasa-4438860884,Digitador - Carretera a El Salvador,,scraped,2026-07-10T23:45:50.984705,
4efb7d0762709b5a,https://gt.linkedin.com/jobs/view/manual-qa-engineer-remote-latin-america-at-fullstack-4439375158,Manual QA Engineer - Remote - Latin America,FullStack,posted,2026-07-10T23:46:05.652820,1343
a6ebf4de13c598d5,https://gt.linkedin.com/jobs/view/digitador-zona-7-at-didelasa-4438330941,Digitador - Zona 7,,scraped,2026-07-10T23:46:24.460840,
ae40fe015456014c,https://gt.linkedin.com/jobs/view/manual-qa-engineer-remote-latin-america-at-fullstack-4439357996,Manual QA Engineer - Remote - Latin America,FullStack,posted,2026-07-10T23:46:36.129086,1343
71efd579e001cf1a,https://gt.linkedin.com/jobs/view/manual-qa-engineer-remote-latin-america-at-fullstack-4439366413,Manual QA Engineer - Remote - Latin America,FullStack,posted,2026-07-10T23:46:42.662050,1343
32d3b1a5b101fd3c,https://gt.linkedin.com/jobs/view/manual-qa-engineer-remote-latin-america-at-fullstack-4439362880,Manual QA Engineer - Remote - Latin America,FullStack,posted,2026-07-10T23:46:49.749892,1343
2c6c3363f3fd8e74,https://gt.linkedin.com/jobs/view/especialista-de-generaci%C3%B3n-de-contenido-at-banco-gyt-continental-4439355664,Especialista de generación de contenido,,scraped,2026-07-10T23:47:04.279433,
78c3fccb636e904d,https://gt.linkedin.com/jobs/view/auxiliar-de-bodega-1-zona-17-at-dhl-global-forwarding-4439362144,Auxiliar de Bodega 1 - Zona 17,DHL Global Forwarding,posted,2026-07-10T23:48:00.553058,1345
cd430b28587544ed,https://gt.linkedin.com/jobs/view/servicenow-qe-quality-engineer-at-telus-digital-4439334667,ServiceNow QE (Quality Engineer),,scraped,2026-07-10T23:48:35.173589,
ec70cebe2f3f9768,https://gt.linkedin.com/jobs/view/auxiliar-contable-at-tutto-fashion-guatemala-4439092246,Auxiliar contable,,scraped,2026-07-10T23:48:41.710153,
5f85c905d530bc7d,https://gt.linkedin.com/jobs/view/t%C3%A9cnico-en-refrigeraci%C3%B3n-c-guatemala-at-cargill-4408440112,Técnico en Refrigeración - C.Guatemala,Cargill,posted,2026-07-10T23:48:57.857566,1347
b3afe5518d82468f,https://gt.linkedin.com/jobs/view/asesor-de-ventas-inmobiliario-xela-quetzaltenango-at-ea-inmobiliaria-4439341270,"Asesor de Ventas Inmobiliario XELA, QUETZALTENANGO",,scraped,2026-07-10T23:49:10.124017,
cbb27edda55a6e42,https://gt.linkedin.com/jobs/view/auditor-de-ti-at-disagro-4438844509,Auditor de TI,,scraped,2026-07-10T23:49:26.794277,
4ec00c668bb74781,https://gt.linkedin.com/jobs/view/t%C3%A9cnico-avanzo-de-prototipado-at-titon-ideas-4439312398,Técnico avanzo de prototipado,,scraped,2026-07-10T23:49:36.223830,
5db86e4aa0022922,https://gt.linkedin.com/jobs/view/virtual-assistant-to-ceo-remote-at-viva-talent-4439306568,Virtual Assistant to CEO (Remote),Viva Talent,posted,2026-07-10T23:49:49.254341,1053
82f419de3f0c0017,https://gt.linkedin.com/jobs/view/auxiliar-de-gesti%C3%B3n-de-proyectos-at-empresa-reclutadora-y-seleccion-confidencial-4439382041,Auxiliar de gestión de proyectos,EMPRESA RECLUTADORA Y SELECCION/ CONFIDENCIAL,posted,2026-07-10T23:50:14.303587,1349
8ed95b82414d8957,https://gt.linkedin.com/jobs/view/supervisor-de-televentas-at-vana-4438686056,Supervisor de televentas,,scraped,2026-07-10T23:50:16.946642,
2d92c1e9194540c9,https://gt.linkedin.com/jobs/view/especialista-en-comunicaci%C3%B3n-y-multimedia-at-guatemala-exporters-association-agexport-4437960889,Especialista en Comunicación y Multimedia,,scraped,2026-07-10T23:50:23.594837,
b345199a745f02a3,https://gt.linkedin.com/jobs/view/analista-de-datos-at-grupo-financiero-banrural-4438362701,Analista de Datos,,scraped,2026-07-10T23:50:40.651024,
cfe90ecc79ab8016,https://gt.linkedin.com/jobs/view/arquitecto-de-infraestructura-at-selectis-guatemala-4439350516,Arquitecto de infraestructura,,scraped,2026-07-10T23:50:49.287382,
563fa7bfb4796056,https://gt.linkedin.com/jobs/view/auxiliar-administrativo-at-equinox-world-latam-4436868068,Auxiliar administrativo,,scraped,2026-07-10T23:50:59.592191,
6374414cca755d55,https://gt.linkedin.com/jobs/view/operario-de-granja-at-corporaci%C3%B3n-multi-inversiones-4436632649,Operario de Granja,,scraped,2026-07-10T23:51:09.458439,
15918556f45a46d0,https://gt.linkedin.com/jobs/view/supervisor-de-cobros-y-atenci%C3%B3n-al-cliente-at-cibus-holdings-4436646013,Supervisor de Cobros y Atención al Cliente,CIBUS Holdings,posted,2026-07-10T23:51:31.176809,1351
9eaf591a0c22a747,https://gt.linkedin.com/jobs/view/agente-telemercadeo-at-grupo-ficohsa-hn-4437577219,Agente telemercadeo,Grupo Ficohsa HN,posted,2026-07-10T23:51:57.524368,1353
103470b66124d540,https://gt.linkedin.com/jobs/view/asesor-de-ventas-tf040-tecno-facil-la-libertad-tf040-at-grupo-distelsa-4435920265,ASESOR DE VENTAS (TF040) - TECNO FACIL LA LIBERTAD (TF040),Grupo Distelsa,posted,2026-07-10T23:52:12.631501,1355
b7d8bc359dc6a81b,https://gt.linkedin.com/jobs/view/jefe-de-tienda-pisos-loza-grifer%C3%ADa-at-didelasa-4438874387,"Jefe de Tienda  (Pisos, Loza, Grifería)",,scraped,2026-07-10T23:52:15.181085,
428240bbf3982181,https://gt.linkedin.com/jobs/view/supervisor-de-ventas-recuperaciones-at-grupo-bimbo-4436609948,Supervisor de Ventas Recuperaciones,Grupo Bimbo,posted,2026-07-10T23:52:35.248592,1357
57a29409dc51e402,https://gt.linkedin.com/jobs/view/asesor-a-integral-suplente-en-zona-norte-at-bam-4439347945,ASESOR/A INTEGRAL SUPLENTE EN ZONA NORTE,,scraped,2026-07-10T23:52:39.867243,
3f45bbf9c5230cfc,https://gt.linkedin.com/jobs/view/vendedor-canal-detalle-at-corporaci%C3%B3n-multi-inversiones-4436620880,Vendedor Canal Detalle,,scraped,2026-07-10T23:52:46.436732,
201dc434b69ad9ac,https://gt.linkedin.com/jobs/view/asesor-a-integral-en-agencia-la-torre-at-bam-4439367155,ASESOR/A INTEGRAL EN AGENCIA LA TORRE,,scraped,2026-07-10T23:52:53.616348,
47013e1a6275d567,https://gt.linkedin.com/jobs/view/supervisor-de-cobros-con-experencia-en-productos-financieros-at-allied-global-4438873276,Supervisor de Cobros con experencia en Productos Financieros,,scraped,2026-07-10T23:53:34.125937,
b8121e73de801945,https://gt.linkedin.com/jobs/view/marketing-specialist-at-cs-outsource-4438361615,Marketing Specialist,CS Outsource,posted,2026-07-10T23:53:54.009144,339
78b1ec0228cd64c7,https://gt.linkedin.com/jobs/view/asesor-de-ventas-freelance-at-epack-guatemala-4438339104,Asesor de ventas FREELANCE,Epack Guatemala,posted,2026-07-10T23:54:02.884049,1359
8ac35e1cf3d3aa85,https://gt.linkedin.com/jobs/view/analista-de-datos-junior-at-bac-4438268655,Analista de Datos Junior,,scraped,2026-07-10T23:54:11.529950,
2a39d4bea15a18c8,https://gt.linkedin.com/jobs/view/jefe-regional-de-finanzas-at-omr-human-talent-4438862813,Jefe Regional de Finanzas,OMR HUMAN TALENT,posted,2026-07-10T23:54:30.572675,1361
3380fa13d29eb73e,https://gt.linkedin.com/jobs/view/arquitecto-jr-at-calidad-inmobiliaria-4434501347,Arquitecto Jr.,,scraped,2026-07-10T23:54:35.197273,
37dbcf697de1e06a,https://gt.linkedin.com/jobs/view/especialista-en-anal%C3%ADtica-de-datos-ti-y-riesgos-tecnol%C3%B3gicos-at-magdalena-campo-para-crecer-4436630287,"Especialista en Analítica de Datos, TI y Riesgos Tecnológicos","Magdalena, Campo Para Crecer",posted,2026-07-10T23:54:55.799609,1363
13263110a01e932f,https://gt.linkedin.com/jobs/view/project-manager-de-ciberseguridad-at-sysesa-4439327872,Project Manager de Ciberseguridad,,scraped,2026-07-10T23:54:58.538319,
871cb1c55cfa105c,https://gt.linkedin.com/jobs/view/gerente-distrito-sector-farmac%C3%A9utico-at-msn-laboratories-4438808672,Gerente Distrito - Sector farmacéutico,,scraped,2026-07-10T23:55:10.537354,
07ce6b74f8b41988,https://gt.linkedin.com/jobs/view/senior-technical-program-manager-remote-work-at-bairesdev-4437313117,Senior Technical Program Manager - Remote Work,BairesDev,posted,2026-07-10T23:55:33.342947,1365
782c79370f1f0788,https://gt.linkedin.com/jobs/view/senior-agentic-product-designer-remote-latin-america-at-fullstack-4419989176,Senior Agentic Product Designer - Remote - Latin America,FullStack,posted,2026-07-10T23:55:42.345694,1295
9ca58834de4773f5,https://gt.linkedin.com/jobs/view/senior-agentic-product-designer-remote-latin-america-at-fullstack-4419985190,Senior Agentic Product Designer - Remote - Latin America,FullStack,posted,2026-07-10T23:55:49.384925,1295
e802f47aea9d8dcc,https://gt.linkedin.com/jobs/view/senior-agentic-product-designer-remote-latin-america-at-fullstack-4419971922,Senior Agentic Product Designer - Remote - Latin America,FullStack,posted,2026-07-10T23:55:54.589691,1295
a3cd773d6cd9d603,https://gt.linkedin.com/jobs/view/senior-agentic-product-designer-remote-latin-america-at-fullstack-4419988177,Senior Agentic Product Designer - Remote - Latin America,FullStack,posted,2026-07-10T23:55:59.650054,1295
378fb7f4c6cdc5f1,https://gt.linkedin.com/jobs/view/senior-agentic-product-designer-remote-latin-america-at-fullstack-4419971927,Senior Agentic Product Designer - Remote - Latin America,FullStack,posted,2026-07-10T23:56:04.715624,1295
5605a55a91f29181,https://gt.linkedin.com/jobs/view/senior-agentic-product-designer-remote-latin-america-at-fullstack-4419974600,Senior Agentic Product Designer - Remote - Latin America,FullStack,posted,2026-07-10T23:56:13.509563,1295
bbcf7871cab822b8,https://gt.linkedin.com/jobs/view/remote-gig-for-videographers-%246-hr-remote-at-crossing-hurdles-4437964933,Remote Gig for Videographers | $6/hr Remote,Crossing Hurdles,posted,2026-07-10T23:56:34.229727,1367
822a4cf25e9d98c4,https://gt.linkedin.com/jobs/view/senior-full-stack-engineer-react-%2B-kotlin-remote-latin-america-at-fullstack-4438514642,Senior Full Stack Engineer (React + Kotlin) - Remote - Latin America,FullStack,posted,2026-07-10T23:56:40.310655,1191
1ff53e01164f0880,https://gt.linkedin.com/jobs/view/auxiliar-de-bodega-1-at-corporaci%C3%B3n-multi-inversiones-4436633505,Auxiliar de Bodega 1,,scraped,2026-07-11T07:28:06.745074,
be9f354dde129f25,https://gt.linkedin.com/jobs/view/digitador-zona-15-at-didelasa-4438347542,Digitador - Zona 15,DIDELASA,posted,2026-07-11T07:28:38.956858,1369
543808a54613ea4f,https://gt.linkedin.com/jobs/view/superintendente-de-urbanizaci%C3%B3n-at-grupo-corporativo-altamira-4439048412,Superintendente de Urbanización,,scraped,2026-07-11T07:28:43.494702,
34824d5293b63b87,https://gt.linkedin.com/jobs/view/auxiliar-de-bodega-masculino-megapaca-san-miguel-petapa-at-megapaca-4439372688,Auxiliar de bodega - Masculino (Megapaca San Miguel Petapa),,scraped,2026-07-11T07:29:07.343667,
eae4c716d91913ea,https://gt.linkedin.com/jobs/view/auxiliar-de-bodega-masculino-megapaca-catalina-at-megapaca-4439376589,Auxiliar de bodega - Masculino (Megapaca Catalina),,scraped,2026-07-11T07:29:16.381805,
11dfbde7f6399769,https://gt.linkedin.com/jobs/view/remote-documentation-specialist-latam-at-meadow-memorials-4438566196,Remote Documentation Specialist (LATAM),Meadow Memorials,posted,2026-07-11T07:29:39.196841,1371
6fcf26e397a037be,https://gt.linkedin.com/jobs/view/preschool-english-teacher-at-colegios-apde-4438350865,Preschool English Teacher,,scraped,2026-07-11T07:29:43.861911,
14fe70164ccd7b85,https://gt.linkedin.com/jobs/view/auxiliar-de-limpieza-bodega-at-identity-guatemala-4436631994,Auxiliar de Limpieza / Bodega,,scraped,2026-07-11T07:30:03.648866,
6656ff15c6a0ffdb,https://gt.linkedin.com/jobs/view/auxiliar-de-contabilidad-at-didelasa-4439512084,Auxiliar de Contabilidad,DIDELASA,posted,2026-07-11T07:30:38.886662,1373
7b196d43cc92c1b3,https://gt.linkedin.com/jobs/view/freelance-grabaci%C3%B3n-de-tareas-cotidianas-para-proyecto-de-ia-at-toloka-annotators-4437755812,Freelance: grabación de tareas cotidianas para proyecto de IA,Toloka Annotators,posted,2026-07-11T07:31:08.816070,1375
fc0d9662ab50927c,https://gt.linkedin.com/jobs/view/director-global-sourcing-at-target-4437058347,Director Global Sourcing,Target,posted,2026-07-11T07:31:25.935636,1377
f340d34ce040bada,https://gt.linkedin.com/jobs/view/especialista-financiero-at-semilla-nueva-4438861913,Especialista Financiero,,scraped,2026-07-11T07:31:28.474415,
cff22a6e38f2890d,https://gt.linkedin.com/jobs/view/especialista-de-soporte-t%C3%A9cnico-guatemala-at-core-code-io-4437937302,Especialista de Soporte Técnico Guatemala,Core Code io,posted,2026-07-11T07:32:00.088347,1379
d3996c7ce317aa74,https://gt.linkedin.com/jobs/view/administrativo-at-empresa-confidencial-4438506954,Administrativo,Empresa Confidencial,posted,2026-07-11T07:32:17.937138,1381
b4739c5715abbaf3,https://gt.linkedin.com/jobs/view/data-engineer-remote-latin-america-at-fullstack-4430130960,Data Engineer - Remote - Latin America,FullStack,posted,2026-07-11T07:32:41.026959,1043
f923b713716fdcd1,https://gt.linkedin.com/jobs/view/auxiliar-de-bodega-megapaca-arkadia-zona-10-at-megapaca-4439505453,Auxiliar de bodega Megapaca Arkadia zona 10,,scraped,2026-07-11T07:32:53.578190,
a9cdab9289c62142,https://gt.linkedin.com/jobs/view/control-and-data-acquisition-supervisor-at-bayer-4439364630,Control and Data Acquisition Supervisor,Bayer,posted,2026-07-11T07:33:40.952078,1383
4225948a3f674ecb,https://gt.linkedin.com/jobs/view/ejecutiva-de-cuenta-at-apcl-a-p-group-limited-4439397642,Ejecutiva de Cuenta,,scraped,2026-07-11T07:34:03.627373,
8789c73aad685f50,https://gt.linkedin.com/jobs/view/agente-administrativo-at-concentrix-4436650727,Agente Administrativo,Concentrix,posted,2026-07-11T07:34:15.822254,1019
4ea329eccf665605,https://gt.linkedin.com/jobs/view/coordinador-de-control-de-calidad-obra-at-sur-desarrollos-4437076297,Coordinador de control de calidad - obra,SUR Desarrollos,posted,2026-07-11T07:34:54.546764,1385
010a062ee58c7e3f,https://gt.linkedin.com/jobs/view/lider-comercial-eticket-at-bac-4439377791,Lider comercial Eticket,,scraped,2026-07-11T07:35:01.160213,
11437c43a64e715c,https://gt.linkedin.com/jobs/view/asesor-especialista-kiosko-max-centra-norte-at-grupo-distelsa-4436627949,ASESOR ESPECIALISTA - KIOSKO MAX CENTRA NORTE,Grupo Distelsa,posted,2026-07-11T07:35:35.548412,1387
de67ce6cf095c3e0,https://gt.linkedin.com/jobs/view/dependiente-de-tienda-para-megapaca-el-encuentro-pinula-at-megapaca-4439399496,Dependiente de tienda para Megapaca El Encuentro Pinula,,scraped,2026-07-11T07:36:12.129433,
57056b5a0e5e7113,https://gt.linkedin.com/jobs/view/asistente-administrativo-de-recursos-humanos-at-canella-s-a-4438845504,Asistente Administrativo de Recursos Humanos,,scraped,2026-07-11T07:36:20.895296,
fe3e41d4378c52fd,https://gt.linkedin.com/jobs/view/agentic-elixir-engineer-remote-latin-america-at-fullstack-4387995637,Agentic Elixir Engineer - Remote - Latin America,FullStack,posted,2026-07-11T07:36:40.958348,109
fe2475acab8d8537,https://gt.linkedin.com/jobs/view/corporate-english-trainer-spanish-bilingual-at-gofluent-4437984092,Corporate English Trainer (Spanish Bilingual),,scraped,2026-07-11T07:36:55.806837,
d572b8b6cb666334,https://gt.linkedin.com/jobs/view/asesor-de-ventas-at-revna-4438860892,Asesor de Ventas,Revna,posted,2026-07-11T07:37:41.167093,1389
a0001e1b94bf1770,https://gt.linkedin.com/jobs/view/frontend-developer-gt-2-at-core-code-io-4438398276,Frontend Developer GT 2,Core Code io,posted,2026-07-11T07:37:59.398538,1391
1f3871f37bf877f1,https://gt.linkedin.com/jobs/view/accounting-assistant-at-acado-distribution-4435965515,Accounting Assistant,,scraped,2026-07-11T07:38:20.323728,
308036869631fe34,https://gt.linkedin.com/jobs/view/fullstack-developer-at-core-code-io-4438398277,Fullstack Developer,Core Code io,posted,2026-07-11T07:38:43.014969,1393
185f99f5ac287bcc,https://gt.linkedin.com/jobs/view/qa-tester-analista-qa-gtm-at-core-code-io-4438377898,QA / Tester (Analista QA) GTM,Core Code io,posted,2026-07-11T07:38:56.140413,1395
fb8a40460d9e75bd,https://gt.linkedin.com/jobs/view/qa-tester-analista-qa-gt-3-at-core-code-io-4437926758,QA / Tester (Analista QA) GT 3,Core Code io,posted,2026-07-11T07:39:09.627448,1397
1e1d981ecca591ab,https://gt.linkedin.com/jobs/view/senior-content-marketing-manager-at-scale-army-careers-4437325465,Senior Content Marketing Manager,Scale Army Careers,posted,2026-07-11T07:39:44.304333,1399
d24f4e9fe97652da,https://gt.linkedin.com/jobs/view/analista-de-riesgos-at-confidencial-4439535042,Analista de Riesgos,CONFIDENCIAL,posted,2026-07-11T07:40:18.436319,1401
ae5a9541ac9cc0ba,https://gt.linkedin.com/jobs/view/devops-engineer-at-core-code-io-4438391410,DevOps Engineer,Core Code io,posted,2026-07-11T07:40:28.757275,1403
dba6b44f4488fd86,https://gt.linkedin.com/jobs/view/spanish-bilingual-customer-service-specialist-at-talentpop-app-4434872760,Spanish Bilingual Customer Service Specialist,TalentPop App,posted,2026-07-11T07:40:33.677500,885
90f02c91582ee5d8,https://gt.linkedin.com/jobs/view/ingeniero-de-datos-at-blanco-silva-consultor%C3%ADa-inform%C3%A1tica-bsci-4439508188,Ingeniero de datos,,scraped,2026-07-11T07:40:48.346357,
fb96601bdaf6fd03,https://gt.linkedin.com/jobs/view/asesor-a-integral-en-agencia-retalhuleu-la-sirena-t1-at-bam-4439354861,ASESOR/A INTEGRAL EN AGENCIA RETALHULEU LA SIRENA (T1),,scraped,2026-07-11T07:40:56.916930,
244d401a4ea2c221,https://gt.linkedin.com/jobs/view/coordinador-de-n%C3%B3minas-at-confidencial-4437893210,Coordinador de nóminas,Confidencial,posted,2026-07-11T07:41:23.502540,1405
2b4b818956625d8d,https://gt.linkedin.com/jobs/view/asistente-del-director-financiero-at-proservices-502-4439364453,Asistente del director financiero,Proservices S. A.,posted,2026-07-11T07:41:59.764841,1407
4bd58cae462621f2,https://gt.linkedin.com/jobs/view/vacante-para-ingenieros-as-en-alimentos-en-guatemala-guatemala-puesto-t%C3%A9cnico-comercial-integrate-a-nuestro-equipo-%21-at-segman-s-a-de-c-v-4437900586,"Vacante para Ingenieros/as en alimentos , en Guatemala, Guatemala. Puesto técnico / Comercial, integrate a nuestro equipo !",,scraped,2026-07-11T07:42:02.311687,
58a4c8238db07d3d,https://gt.linkedin.com/jobs/view/legal-associate-at-confidential-4435999997,Legal Associate,Confidential,posted,2026-07-11T07:42:21.081498,1409
0bd6209f425b4c62,https://gt.linkedin.com/jobs/view/asesor-comercial-b2b-%E2%80%94-tecnolog%C3%ADa-quetzaltenango-at-grupo-360-pro-4438834559,Asesor Comercial B2B — Tecnología | Quetzaltenango,Grupo 360 Pro,posted,2026-07-11T07:42:44.421405,1411
85f53bee8615e762,https://gt.linkedin.com/jobs/view/auxiliar-back-office-5324-48898-at-grupo-ficohsa-hn-4430901475,AUXILIAR BACK OFFICE (5324) - 48898,Grupo Ficohsa HN,posted,2026-07-11T07:43:18.734676,1413
bbda0873801027cd,https://gt.linkedin.com/jobs/view/auxiliar-contable-y-administrativa-at-activa-group-4437807937,AUXILIAR CONTABLE Y ADMINISTRATIVA,Activa Group,posted,2026-07-11T07:43:35.844978,1415
fa17cd8152950410,https://gt.linkedin.com/jobs/view/ing-comercial-sector-construcci%C3%B3n-at-ideastalento-4439356325,ING. COMERCIAL SECTOR CONSTRUCCIÓN,,scraped,2026-07-11T07:43:40.443159,
2bf59afc3883bb6a,https://gt.linkedin.com/jobs/view/recepcionista-zona-4-at-reclutadora-de-personal-latam-4439338325,Recepcionista zona 4,Reclutadora de Personal Latam,posted,2026-07-11T07:44:08.844194,587
41cdb7dace63f334,https://gt.linkedin.com/jobs/view/contador-p%C3%BAblico-certificado-at-say-melgar-asociados-4439537235,Contador Público Certificado,,scraped,2026-07-11T07:44:11.579563,
d17abaac5293e958,https://gt.linkedin.com/jobs/view/contador-general-jr-at-rh-inmova-4439392890,Contador General Jr,RH INMOVA,posted,2026-07-11T07:44:27.410782,1417
cd55c80591a2e768,https://gt.linkedin.com/jobs/view/fullstack-developer-senior-python-django-%2B-react-remote-latin-america-at-bluelight-4437862597,"Fullstack Developer (Senior) - Python (Django) + React - Remote, Latin America",Bluelight,posted,2026-07-11T07:44:40.693609,539
a25dcfaa6cecc7e9,https://gt.linkedin.com/jobs/view/lead-data-engineer-azure-at-3pillar-4433583521,Lead Data Engineer (Azure),3Pillar,posted,2026-07-11T07:44:52.084834,1419
4960162e619d2a0e,https://gt.linkedin.com/jobs/view/gerente-de-levantamiento-de-capital-at-calidad-inmobiliaria-4436629882,Gerente de Levantamiento de Capital,,scraped,2026-07-11T07:45:14.794151,
610e5f58214f09b2,https://gt.linkedin.com/jobs/view/asesor-a-de-servicio-en-agencia-santa-amelia-t2-at-bam-4439515346,ASESOR/A DE SERVICIO EN AGENCIA SANTA AMELIA (T2),,scraped,2026-07-11T07:45:44.843817,
50527e190f76ce44,https://gt.linkedin.com/jobs/view/associate-c2c-cash-applications-process-expert-at-capgemini-4439368755,Associate C2C Cash Applications Process Expert,,scraped,2026-07-11T07:46:06.330341,
1e237d32e33b91f8,https://gt.linkedin.com/jobs/view/ingeniero-a-de-datos-ci-en-unidad-de-legaltech-metodologias-y-analitica-de-cumplimiento-at-bam-4439359673,INGENIERO/A DE DATOS (CI) EN UNIDAD DE LEGALTECH METODOLOGIAS Y ANALITICA DE CUMPLIMIENTO,,scraped,2026-07-11T07:46:31.846342,
5418a8107eed2789,https://gt.linkedin.com/jobs/view/mec%C3%A1nicos-at-grupo-continental-motores-4438865652,Mecánicos,Grupo Continental Motores,posted,2026-07-11T11:39:51.505420,1421
5d19d01d5770d390,https://gt.linkedin.com/jobs/view/auxiliar-de-bodega-megapaca-el-encuentro-pinula-at-megapaca-4439394731,Auxiliar de bodega Megapaca El Encuentro Pinula,,scraped,2026-07-11T11:39:56.111001,
8dbebe2dba202488,https://gt.linkedin.com/jobs/view/marketing-project-manager-at-slvex-4438505541,Marketing Project Manager,SLVEX,posted,2026-07-11T11:40:46.281437,1423
d46471e09d5a8df3,https://gt.linkedin.com/jobs/view/dise%C3%B1ador-ux-temporal-at-zigi-app-4438303437,Diseñador UX (Temporal),Zigi App,failed|wp_post_failed,2026-07-11T11:43:04.288755,
a4852ab12109e6fd,https://gt.linkedin.com/jobs/view/t%C3%A9cnico-de-ti-at-servicio-latam-4438530046,Técnico de TI,,scraped,2026-07-11T11:43:37.140021,
d5b17e36c5b36526,https://gt.linkedin.com/jobs/view/asesora-de-ventas-oakland-mall-cayala-miraflores-at-corpinto-4439394730,"ASESORA  DE VENTAS (oakland mall, cayala, miraflores)",,scraped,2026-07-11T11:43:51.721255,
7cc5ca1dae65bfed,https://gt.linkedin.com/jobs/view/negociador-estrat%C3%A9gico-de-compras-directos-at-cibus-holdings-4436639217,Negociador Estratégico de Compras Directos,CIBUS Holdings,failed|wp_post_failed,2026-07-11T11:44:13.015661,
bc37ce023b406b9b,https://gt.linkedin.com/jobs/view/brand-designer-multimedia-specialist-at-techbox-dt-4439037410,Brand Designer & Multimedia Specialist,TechBox DT,failed|wp_post_failed,2026-07-11T11:44:29.445894,
f6325661c2eaf128,https://gt.linkedin.com/jobs/view/especialista-de-soporte-t%C3%A9cnico-gt-3-at-core-code-io-4437939235,Especialista de Soporte Técnico GT 3,Core Code io,failed|wp_post_failed,2026-07-11T11:44:41.609930,
0d3da0df042df750,https://gt.linkedin.com/jobs/view/analista-de-rr-hh-at-empresa-confidencial-4439088560,Analista de RR. HH.,Empresa Confidencial,failed|wp_post_failed,2026-07-11T11:44:59.047245,
90ef4c680a63fa22,https://gt.linkedin.com/jobs/view/gerente-de-servicios-at-sonda-4439396761,Gerente de Servicios,,scraped,2026-07-11T11:45:01.740893,
cb4522ca03f6a6d3,https://gt.linkedin.com/jobs/view/coordinador-a-de-medios-digitales-y-e-commerce-at-dinegma-4439523151,Coordinador(a) de Medios Digitales y E-commerce,,scraped,2026-07-11T11:45:10.752764,
3cd0d41168f28dee,https://gt.linkedin.com/jobs/view/frontend-developer-gt-at-core-code-io-4438399175,Frontend Developer GT,Core Code io,posted,2026-07-11T11:45:41.869120,1425
f1a88bb3dd6ea131,https://gt.linkedin.com/jobs/view/dise%C3%B1ador-ux-ui-gtm-at-core-code-io-4438389477,Diseñador UX/UI GTM,Core Code io,failed|wp_post_failed,2026-07-11T11:47:04.076433,
f3ba74a721b23e9b,https://gt.linkedin.com/jobs/view/van-sales-assistant-at-acado-distribution-4435968298,Van Sales Assistant,,scraped,2026-07-11T11:47:14.897017,
d86fda215f31e1cb,https://gt.linkedin.com/jobs/view/especialista-de-mesa-de-servicio-y-soporte-de-plataforma-burs%C3%A1til-at-sapiens-guatemala-4437979968,Especialista de Mesa de Servicio y Soporte de Plataforma Bursátil,,scraped,2026-07-11T11:47:29.061415,
43be8de934322a49,https://gt.linkedin.com/jobs/view/office-based-call-center-agent-quetzaltenango-guatemala-at-srr-group-4436838280,"Office-based_Call Center Agent (Quetzaltenango, Guatemala)",SRR Group,failed|wp_post_failed,2026-07-11T11:47:46.951494,
94828d604449eeef,https://gt.linkedin.com/jobs/view/asistente-cuentas-claves-at-uniformes-de-guatemala-4438634968,Asistente Cuentas Claves,,scraped,2026-07-11T11:47:53.979618,
3099862a0a2532d7,https://gt.linkedin.com/jobs/view/asesor-t%C3%A9cnico-en-concreto-4438248241,Asesor Técnico en Concreto,Cemento Ultracem Guatemala,posted,2026-07-11T11:50:39.757444,1428
0db6d9d0a040cd94,https://gt.linkedin.com/jobs/view/coordinador-de-rh-at-televentur-4439510268,Coordinador de RH,,scraped,2026-07-11T11:50:42.345933,
085d6757656fb632,https://gt.linkedin.com/jobs/view/coordinador-de-soporte-comercial-at-empresa-confidencial-4439390789,Coordinador de Soporte Comercial,Empresa Confidencial,posted,2026-07-11T11:51:32.900453,1430
123083de3e37199e,https://gt.linkedin.com/jobs/view/social-media-and-community-manager-at-apex-performance-group-4438900048,Social Media and Community Manager,Apex Performance Group,posted,2026-07-11T11:52:07.647878,1432
04f78bdeadd72d98,https://gt.linkedin.com/jobs/view/coordinador-a-de-marketing-y-branding-at-tutto-fashion-guatemala-4439075798,Coordinador (a) de marketing y branding,,scraped,2026-07-11T11:53:04.993481,
8ed2be11603b0700,https://gt.linkedin.com/jobs/view/key-account-manager-at-givaudan-4420641227,Key Account Manager,,scraped,2026-07-11T11:53:13.363382,
8828dbf3e60a0ef3,https://gt.linkedin.com/jobs/view/asistente-de-post-venta-y-garant%C3%ADas-at-intepro-4438373075,Asistente de Post venta y Garantías,,scraped,2026-07-11T11:54:08.321615,
1a693c9ebb51259f,https://gt.linkedin.com/jobs/view/asesor-de-ventas-at-grupo-continental-motores-4439314933,Asesor de Ventas,Grupo Continental Motores,posted,2026-07-11T11:54:38.173184,1389
da608ae78bcd37e8,https://gt.linkedin.com/jobs/view/consultor-preventa-%C3%A1rea-de-tecnolog%C3%ADa-at-nexsys-centroam%C3%A9rica-y-caribe-4439347056,Consultor Preventa Área de Tecnología,,scraped,2026-07-11T11:54:44.850487,
1450cf7ca81b6f91,https://gt.linkedin.com/jobs/view/senior-ad-operations-specialist-adtech-at-idt-corporation-4439380570,Senior Ad Operations Specialist | AdTech,IDT Corporation,posted,2026-07-11T11:55:34.154420,1434
a9d3df1e5daa1ab0,https://gt.linkedin.com/jobs/view/study-delivery-manager-at-icon-strategic-solutions-4420678961,Study Delivery Manager,,scraped,2026-07-11T11:55:54.788684,
f7f7f712519d9d7c,https://gt.linkedin.com/jobs/view/t%C3%A9cnico-a-de-servicio-industria-de-alimentos-y-bebidas-quetzaltenango-guatemala-at-ecolab-4389422669,"Técnico/a de Servicio - Industria de Alimentos y Bebidas - Quetzaltenango, Guatemala",Ecolab,posted,2026-07-11T11:56:29.937590,1436
dbd719dddf1ef59d,https://gt.linkedin.com/jobs/view/monitor-de-campo-de-agricultura-regenerativa-especializado-en-cultivos-de-cobertura-at-catholic-relief-services-4438374714,Monitor de Campo de Agricultura Regenerativa especializado en cultivos de cobertura,Catholic Relief Services,posted,2026-07-11T11:56:48.272351,1438
7ef092a9b10ef5a2,https://gt.linkedin.com/jobs/view/cajero-a-max-los-alamos-at-grupo-distelsa-4436645021,CAJERO (A)  - MAX LOS ALAMOS,Grupo Distelsa,posted,2026-07-11T15:41:58.577588,1440
3713a104ad2d506d,https://gt.linkedin.com/jobs/view/auxiliar-de-reparto-at-corporaci%C3%B3n-multi-inversiones-4436626748,Auxiliar de Reparto,CMI-Corporación Multi Inversiones,posted,2026-07-11T15:43:59.616476,1442
59b5faaeef59b733,https://gt.linkedin.com/jobs/view/logistics-co-ordinator-at-acado-distribution-4435966417,Logistics Co-ordinator,,scraped,2026-07-11T15:44:26.238905,
978dde3edf8ceb53,https://gt.linkedin.com/jobs/view/virtual-executive-assistant-remote-at-viva-talent-4439572030,Virtual Executive Assistant (Remote),Viva Talent,posted,2026-07-11T15:44:51.524618,349
fb02b02b2627c1bc,https://gt.linkedin.com/jobs/view/contador-general-at-rh-inmova-4439507356,Contador General,RH INMOVA,posted,2026-07-11T15:45:01.548182,893
a1ce2109c5eca19b,https://gt.linkedin.com/jobs/view/especialista-de-soporte-t%C3%A9cnico-gt-2-at-core-code-io-4437924968,Especialista de Soporte Técnico GT 2,Core Code io,posted,2026-07-11T15:46:27.875090,1444
bb57c42645c760ff,https://gt.linkedin.com/jobs/view/coordinaci%C3%B3n-de-marca-y-portafolio-at-key-consulting-gt-4439554074,Coordinación de Marca y Portafolio,Key Consulting GT,posted,2026-07-11T15:46:48.902138,1446
9b54b2be8402e190,https://gt.linkedin.com/jobs/view/qa-tester-analista-qa-guatemala-at-core-code-io-4438378800,QA / Tester (Analista QA) Guatemala,Core Code io,posted,2026-07-11T15:47:03.263681,1448
48c06a2585318102,https://gt.linkedin.com/jobs/view/agentic-elixir-engineer-remote-latin-america-at-fullstack-4388209081,Agentic Elixir Engineer - Remote - Latin America,FullStack,posted,2026-07-11T15:47:33.257898,109
2ed2bdbe1cf51b8f,https://gt.linkedin.com/jobs/view/senior-site-reliability-engineer-sre-remote-work-at-bairesdev-4437540134,Senior Site Reliability Engineer (SRE) - Remote Work,BairesDev,posted,2026-07-11T15:47:42.976217,1450
85ba24fb46f90613,https://gt.linkedin.com/jobs/view/ejecutivo-de-facturaci%C3%B3n-y-costeo-at-identity-guatemala-4436679412,Ejecutivo de Facturación y Costeo,,scraped,2026-07-11T15:47:55.612282,
06d2ed388aac4b16,https://gt.linkedin.com/jobs/view/product-designer-figma-%2B-agentic-ai-remote-latin-america-at-fullstack-4421244551,Product Designer (Figma + Agentic AI) - Remote - Latin America,FullStack,posted,2026-07-11T15:48:23.204803,1452
97776f0ce805948b,https://gt.linkedin.com/jobs/view/encargado-programador-de-alarmas-y-cctv-at-identity-guatemala-4436645188,Encargado Programador de Alarmas y CCTV,,scraped,2026-07-11T15:48:25.816249,
fc93316188e67b50,https://gt.linkedin.com/jobs/view/manual-qa-engineer-remote-latin-america-at-fullstack-4439359952,Manual QA Engineer - Remote - Latin America,FullStack,posted,2026-07-11T15:48:44.676537,1343
d7dc0c9fc5bd7413,https://gt.linkedin.com/jobs/view/product-designer-figma-%2B-agentic-ai-remote-latin-america-at-fullstack-4421249487,Product Designer (Figma + Agentic AI) - Remote - Latin America,FullStack,posted,2026-07-11T15:48:50.296301,1452
37d07cfbad5309e9,https://gt.linkedin.com/jobs/view/python-engineer-remote-latin-america-at-fullstack-4421242562,Python Engineer - Remote - Latin America,FullStack,posted,2026-07-11T15:49:10.265071,1454
b2365d178beac575,https://gt.linkedin.com/jobs/view/product-designer-figma-%2B-agentic-ai-remote-latin-america-at-fullstack-4421254283,Product Designer (Figma + Agentic AI) - Remote - Latin America,FullStack,posted,2026-07-11T15:49:19.677195,1452
2288ce3906df3bf2,https://gt.linkedin.com/jobs/view/data-engineer-guatemala-at-core-code-io-4438395354,Data Engineer Guatemala,Core Code io,posted,2026-07-11T15:49:35.093023,1456
a5b83b3a3d2f9f77,https://gt.linkedin.com/jobs/view/tiktok-content-specialist-at-scale-up-recruiting-partners-4438922440,TikTok Content Specialist,Scale Up Recruiting Partners,posted,2026-07-11T15:50:21.628179,1458
5c2767c9064bcb17,https://gt.linkedin.com/jobs/view/especialista-de-estructuraci%C3%B3n-at-bam-4437564447,Especialista de estructuración,,scraped,2026-07-11T15:50:34.345076,
50673074352e9442,https://gt.linkedin.com/jobs/view/maestro-de-obra-quetzaltenango-at-desarrollos-y-condominios-s-a-deconsa-4439564387,Maestro de Obra - Quetzaltenango,,scraped,2026-07-11T15:51:16.926477,
ab0f1c0b3204d5f9,https://gt.linkedin.com/jobs/view/ai-content-marketing-specialist-saas-startup-at-scale-up-recruiting-partners-4438927107,AI Content Marketing Specialist - SaaS StartUp,Scale Up Recruiting Partners,posted,2026-07-11T15:51:52.165219,1460
ef619210a0ee939d,https://gt.linkedin.com/jobs/view/analista-ii-de-sox-en-unidad-de-control-interno-y-sox-at-bam-4438840101,ANALISTA II DE SOX EN UNIDAD DE CONTROL INTERNO Y SOX,,scraped,2026-07-11T15:51:56.817460,
74b330f33d008586,https://gt.linkedin.com/jobs/view/intake-qa-specialist-latam-at-ovation-law-firm-4437932132,Intake QA Specialist (LATAM),Ovation Law Firm,posted,2026-07-11T15:52:20.598498,1462
23005b0e4c6fcc79,https://gt.linkedin.com/jobs/view/analista-de-n%C3%B3minas-at-sisap-4438353464,Analista de nóminas,SISAP,posted,2026-07-11T15:52:35.758897,1464
29a23eee492b0612,https://gt.linkedin.com/jobs/view/lider-de-servicio-ii-en-agencia-rio-dulce-t2-at-bam-4439511699,LIDER DE SERVICIO II EN AGENCIA RIO DULCE (T2),,scraped,2026-07-11T15:52:44.479114,
9a17d675df2cbb9a,https://gt.linkedin.com/jobs/view/ai-content-marketing-specialist-saas-startup-at-scale-up-recruiting-partners-4438908867,AI Content Marketing Specialist - SaaS StartUp,Scale Up Recruiting Partners,posted,2026-07-11T15:53:10.535961,1460
3981db42c19dee6f,https://gt.linkedin.com/jobs/view/spanish-bilingual-customer-service-specialist-at-talentpop-app-4434872813,Spanish Bilingual Customer Service Specialist,TalentPop App,posted,2026-07-11T15:53:16.334391,885
f7edef3aba5ba04b,https://gt.linkedin.com/jobs/view/senior-order-to-cash-at-capgemini-4438517857,Senior Order to Cash,,scraped,2026-07-11T15:53:33.005921,
006f57fd38011bdd,https://gt.linkedin.com/jobs/view/intern-trade-marketing-at-henkel-4420672887,Intern Trade Marketing,,scraped,2026-07-11T15:53:47.423301,
553b4b4014de276a,https://gt.linkedin.com/jobs/view/fullstack-developer-gt-4-at-core-code-io-4437942125,Fullstack Developer GT 4,Core Code io,posted,2026-07-11T15:54:37.628204,1466
8750dc01d0223b56,https://gt.linkedin.com/jobs/view/subjefe-de-agencia-at-bac-4437898605,Subjefe de Agencia,,scraped,2026-07-11T15:54:42.206618,
6ba1d02ed5593dcb,https://gt.linkedin.com/jobs/view/asistente-de-log%C3%ADstica-y-operaciones-startup-tecnol%C3%B3gica-at-reclutadora-de-personal-latam-4439341082,Asistente de Logística y Operaciones | Startup Tecnológica,Reclutadora de Personal Latam,posted,2026-07-11T15:55:40.712802,1468
3222e2bf17c09f9f,https://gt.linkedin.com/jobs/view/asesor-de-ventas-max-chimaltenango-at-grupo-distelsa-4435692590,ASESOR DE VENTAS - MAX CHIMALTENANGO,Grupo Distelsa,posted,2026-07-11T15:56:04.332487,1470
20a2634c886e08fb,https://gt.linkedin.com/jobs/view/ejecutivo-de-ventas-at-pangea-logistics-4438355331,Ejecutivo de Ventas,,scraped,2026-07-11T15:56:14.979278,
c109930a5eff253f,https://gt.linkedin.com/jobs/view/devops-engineer-gt-4-at-core-code-io-4438379757,DevOps Engineer GT 4,Core Code io,posted,2026-07-11T15:57:17.126608,1472
a669382163e81616,https://gt.linkedin.com/jobs/view/ad-operations-specialist-programmatic-ctv-at-idt-corporation-4439370824,Ad Operations Specialist | Programmatic & CTV,IDT Corporation,posted,2026-07-11T15:57:42.230184,1474
d982db674cf3abe9,https://gt.linkedin.com/jobs/view/ejecutivo-de-ventas-en-ciberseguridad-at-sisap-4438353466,Ejecutivo de Ventas en Ciberseguridad,SISAP,posted,2026-07-11T15:58:03.335760,1476
3b7f4cf68e3d4982,https://gt.linkedin.com/jobs/view/corporate-travel-and-mobility-agent-remote-work-at-bairesdev-4437068974,Corporate Travel and Mobility Agent - Remote Work,BairesDev,posted,2026-07-11T15:58:19.132231,1478
c90a64ccbb47c41b,https://gt.linkedin.com/jobs/view/resource-planner-at-intouchcx-4437953213,Resource Planner,,scraped,2026-07-11T15:58:21.848700,
587e518367a77122,https://gt.linkedin.com/jobs/view/monitor-de-salud-y-seguridad-ocupacional-en-proyecto-at-o-m-el%C3%A9ctrica-matamoros-s-a-4439086599,Monitor de Salud y Seguridad Ocupacional en Proyecto,O&M Eléctrica Matamoros S.A,posted,2026-07-11T15:58:47.601131,1480
dd2ece0b781cbc52,https://gt.linkedin.com/jobs/view/asesor-a-integral-en-agencia-puerto-barrios-at-bam-4439544416,ASESOR/A INTEGRAL EN AGENCIA PUERTO BARRIOS,,scraped,2026-07-11T15:58:52.225436,
262b92ae5c66d94e,https://gt.linkedin.com/jobs/view/lider-de-territorio-petfood-canal-moderno-key-account-manager-at-cargill-4439300878,"Lider de Territorio Petfood, Canal Moderno (Key Account Manager)",Cargill,posted,2026-07-11T15:59:01.374046,1313
1a4d24d845045273,https://gt.linkedin.com/jobs/view/senior-agentic-product-designer-remote-latin-america-at-fullstack-4419987199,Senior Agentic Product Designer - Remote - Latin America,FullStack,posted,2026-07-11T15:59:37.774920,1295
1c3eee18316b57a8,https://gt.linkedin.com/jobs/view/senior-react-native-engineer-id74262-at-agileengine-4439341456,Senior React Native Engineer ID74262,AgileEngine,posted,2026-07-11T16:00:16.893505,1482
07881f896462c5d3,https://gt.linkedin.com/jobs/view/asesor-sala-de-ventas-quetzaltenango-monumento-tecun-at-mwm-transportes-4438554661,ASESOR SALA DE VENTAS QUETZALTENANGO -MONUMENTO TECUN-,MWM Transportes,posted,2026-07-11T16:00:32.918244,1484
207af01f5342bfc1,https://gt.linkedin.com/jobs/view/product-designer-figma-%2B-agentic-ai-remote-latin-america-at-fullstack-4421239600,Product Designer (Figma + Agentic AI) - Remote - Latin America,FullStack,posted,2026-07-11T16:00:40.160724,1452
cbbee036dabe1c03,https://gt.linkedin.com/jobs/view/python-engineer-remote-latin-america-at-fullstack-4421243540,Python Engineer - Remote - Latin America,FullStack,posted,2026-07-11T16:00:48.786900,1454
9ece2ce29b48fa5c,https://gt.linkedin.com/jobs/view/digitador-de-ducas-y-facturas-con-conocimiento-de-embarques-zona-at-istaff-guatemala-4438931764,Digitador de ducas y facturas con conocimiento de embarques-Zona,,scraped,2026-07-11T18:42:39.413357,
f1fe2937e6e96d52,https://gt.linkedin.com/jobs/view/analista-de-facturacion-y-cobros-i-at-topke-4439502498,ANALISTA DE FACTURACION Y COBROS I,,scraped,2026-07-11T18:43:25.717421,
26c44fd060b9f639,https://gt.linkedin.com/jobs/view/auxiliar-de-inventarios-at-people-gt-4436277576,Auxiliar de inventarios,,scraped,2026-07-11T18:43:58.510097,
0563af078fbb3472,https://gt.linkedin.com/jobs/view/high-school-teacher-at-colegios-apde-4438369181,High School Teacher,,scraped,2026-07-11T18:44:40.750556,
8880c2ccbe134c57,https://gt.linkedin.com/jobs/view/especialista-reclutamiento-y-selecci%C3%B3n-at-pacifiko-4439569614,ESPECIALISTA RECLUTAMIENTO Y SELECCIÓN,,scraped,2026-07-11T18:45:32.919574,
4a88b6f1757fb1a7,https://gt.linkedin.com/jobs/view/asistente-de-logistica-y-atenci%C3%B3n-al-cliente-at-nexa-talent-consulting-4439556915,Asistente de Logistica y Atención al Cliente,Nexa Talent Consulting,posted,2026-07-11T18:47:21.622082,1486
b85c1e3cb2ff6908,https://gt.linkedin.com/jobs/view/dependiente-de-tienda-para-megapaca-arkadia-zona-10-at-megapaca-4438943486,Dependiente de tienda para Megapaca Arkadia zona 10,,scraped,2026-07-11T18:47:44.187060,
989fc705236d7327,https://gt.linkedin.com/jobs/view/real-estate-administrative-specialist-at-sync-4439361666,Real Estate - Administrative Specialist,SYNC,posted,2026-07-11T18:48:00.155366,1488
59d753aa0389435c,https://gt.linkedin.com/jobs/view/digital-marketing-specialist-guatemala-at-vxi-global-solutions-4437082452,Digital Marketing Specialist - Guatemala,VXI Global Solutions,posted,2026-07-11T18:48:46.743318,1490
183c21982a8c1729,https://gt.linkedin.com/jobs/view/operario-de-producci%C3%B3n-2-at-corporaci%C3%B3n-multi-inversiones-4436656458,Operario de Producción 2,,scraped,2026-07-11T18:48:55.386128,
46fd76187552bbf5,https://gt.linkedin.com/jobs/view/ai-machine-learning-engineer-remote-latin-america-at-fullstack-4371035003,AI Machine Learning Engineer - Remote - Latin America,FullStack,posted,2026-07-11T18:49:11.109542,505
8104cc9b83940eb5,https://gt.linkedin.com/jobs/view/auxiliar-de-bodega-log%C3%ADstica-at-identity-guatemala-4436640251,Auxiliar de Bodega / Logística,,scraped,2026-07-11T18:49:13.685556,
6b0e74734cf44fe3,https://gt.linkedin.com/jobs/view/dependiente-de-tienda-para-megapaca-plaza-las-ca%C3%B1as-zona-10-at-megapaca-4438930801,Dependiente de tienda para Megapaca Plaza Las Cañas zona 10,,scraped,2026-07-11T18:49:27.190742,
9f83c243ef223fb9,https://gt.linkedin.com/jobs/view/python-engineer-remote-latin-america-at-fullstack-4421254286,Python Engineer - Remote - Latin America,FullStack,posted,2026-07-11T18:49:37.012887,1454
b5f3ad3d1e39fda4,https://gt.linkedin.com/jobs/view/product-designer-figma-%2B-agentic-ai-remote-latin-america-at-fullstack-4421246546,Product Designer (Figma + Agentic AI) - Remote - Latin America,FullStack,posted,2026-07-11T18:49:42.849757,1452
a0f6ec0905703dc8,https://gt.linkedin.com/jobs/view/product-designer-figma-%2B-agentic-ai-remote-latin-america-at-fullstack-4421241584,Product Designer (Figma + Agentic AI) - Remote - Latin America,FullStack,scraped,2026-07-11T18:49:46.986058,
30de4cab726ab6b4,https://gt.linkedin.com/jobs/view/python-engineer-remote-latin-america-at-fullstack-4421255093,Python Engineer - Remote - Latin America,FullStack,posted,2026-07-11T18:50:00.603608,1454
d06ca057bd9cd84a,https://gt.linkedin.com/jobs/view/gerente-de-desarrollo-inmobiliario-at-confidencial-4438343102,Gerente de Desarrollo Inmobiliario,Confidencial,posted,2026-07-11T18:50:42.220447,1492
6dfb8a21c35ef909,https://gt.linkedin.com/jobs/view/sdr-sales-development-representative-guatemala-at-core-code-io-4437930403,SDR (Sales Development Representative) Guatemala,Core Code io,posted,2026-07-11T18:51:18.024641,1494
ca72532a21d62721,https://gt.linkedin.com/jobs/view/analista-de-cr%C3%A9ditos-corporativos-at-empresa-confidencial-4437581743,Analista de créditos corporativos,Empresa Confidencial,posted,2026-07-11T18:51:37.152100,1496
f475f884172ae9b7,https://gt.linkedin.com/jobs/view/sdr-sales-development-representative-gt-4-at-core-code-io-4438386586,SDR (Sales Development Representative) GT 4,Core Code io,posted,2026-07-11T18:51:48.028622,1498
6954152edaa85351,https://gt.linkedin.com/jobs/view/analista-de-facturaci%C3%B3n-y-cobros-at-topke-4438950135,Analista de Facturación y cobros,,scraped,2026-07-11T18:51:56.565482,
da0b75e3e100827d,https://gt.linkedin.com/jobs/view/it-program-project-management-analyst-ii-at-conduent-4431323153,IT Program & Project Management Analyst II,Conduent,posted,2026-07-11T18:52:16.554883,1500
7b2e264a43ebd59c,https://gt.linkedin.com/jobs/view/ingeniero-especializado-en-ia-y-mejora-continua-at-universidad-del-valle-de-guatemala-4438675507,Ingeniero especializado en IA y mejora continua,Universidad del Valle de Guatemala,posted,2026-07-11T18:52:29.078534,1502
2c1c9f950135ae4c,https://gt.linkedin.com/jobs/view/asistente-de-it-at-american-school-of-management-4439383407,Asistente de IT,American School of Management,posted,2026-07-11T18:52:45.954140,1504
1296208d4d0a4087,https://gt.linkedin.com/jobs/view/accounting-and-finance-at-concentrix-4436658257,Accounting and Finance,Concentrix,posted,2026-07-11T18:52:54.037065,1181
54e6c6d84435a0f9,https://gt.linkedin.com/jobs/view/asesor-ventas-mayoreo-at-apymsa-4438373228,Asesor ventas Mayoreo,APYMSA,posted,2026-07-11T18:53:24.984241,1506
0512858debfe97e4,https://gt.linkedin.com/jobs/view/docente-hora-clase-fisioterapia-at-ecopower-efici%C3%AAncia-energ%C3%A9tica-4439397638,Docente hora clase- Fisioterapia,EcoPower - Eficiência Energética,posted,2026-07-11T18:53:39.708077,1508
b24ba23c745caced,https://gt.linkedin.com/jobs/view/analista-de-planeaci%C3%B3n-y-presupuesto-at-interconsumo-4439365464,Analista de Planeación y Presupuesto,,scraped,2026-07-11T18:53:44.373207,
d78acba463cacd84,https://gt.linkedin.com/jobs/view/senior-agentic-product-designer-remote-latin-america-at-fullstack-4419984235,Senior Agentic Product Designer - Remote - Latin America,FullStack,posted,2026-07-11T18:54:13.793235,1295
64ba2df933d5663d,https://gt.linkedin.com/jobs/view/accounting-services-associate-iii-at-conduent-4438636293,Accounting Services Associate III,Conduent,posted,2026-07-11T18:54:47.885097,249
8c5aa01cac534a71,https://gt.linkedin.com/jobs/view/key-account-manager-at-ifx-networks-4439361545,Key Account Manager,,scraped,2026-07-11T18:55:00.495323,
6883e7f31cfbc6b8,https://gt.linkedin.com/jobs/view/asesor-comercial-repuestos-y-accesorios-at-hr-connection-gt-4437069416,Asesor Comercial (repuestos y accesorios),HR Connection GT,posted,2026-07-11T18:55:42.384593,1510
d2e01bda5dc127db,https://gt.linkedin.com/jobs/view/devops-engineer-gt-2-at-core-code-io-4438398274,DevOps Engineer GT 2,Core Code io,posted,2026-07-11T18:55:57.167044,1512
955f0210166b929d,https://gt.linkedin.com/jobs/view/devops-engineer-gtm-at-core-code-io-4438382715,DevOps Engineer GTM,Core Code io,posted,2026-07-11T18:56:12.170455,1514
5a032d551274bdda,https://gt.linkedin.com/jobs/view/asesor-de-ventas-inmobiliario-zona-6-ciudad-capital-mixco-zona-21-at-ea-inmobiliaria-4439339384,Asesor de Ventas Inmobiliario Zona 6 Ciudad Capital / Mixco / Zona 21,,scraped,2026-07-11T18:56:58.727951,
b7d610a70d5ec0b7,https://gt.linkedin.com/jobs/view/asesor-a-t%C3%A9cnico-ventas-cubrir-periodo-de-maternidad-at-corporaci%C3%B3n-cek-centroamerica-4438260633,Asesor (a) Técnico Ventas (Cubrir periodo de maternidad),,scraped,2026-07-11T18:57:10.954497,
d9b6511ce1de7eef,https://gt.linkedin.com/jobs/view/ejecutivo-de-negocios-de-productos-bancarios-at-grupo-ficohsa-gt-4437924716,EJECUTIVO DE NEGOCIOS DE PRODUCTOS BANCARIOS,Grupo Ficohsa GT,posted,2026-07-11T18:57:35.558261,1516
5a0af22bd0ec7d87,https://gt.linkedin.com/jobs/view/senior-it-program-project-management-analyst-at-conduent-4431313285,Senior IT Program & Project Management Analyst,Conduent,posted,2026-07-11T18:58:07.335096,1518
3d8acbf66bd36896,https://gt.linkedin.com/jobs/view/auditor-a-integral-de-operaciones-y-rentabilidad-retail-at-tutto-fashion-guatemala-4439563529,Auditor(a) Integral de Operaciones y Rentabilidad Retail,,scraped,2026-07-11T18:58:26.127831,
bb8cd72a8dd630a5,https://gt.linkedin.com/jobs/view/piloto-at-topke-4438942461,Piloto,,scraped,2026-07-11T20:56:13.985306,
9deb8795d489e154,https://gt.linkedin.com/jobs/view/piloto-repartidor-c-guatemala-at-cargill-4436669880,Piloto Repartidor - C.Guatemala,Cargill,posted,2026-07-11T20:57:01.347027,1520
7cd08081140e8a09,https://gt.linkedin.com/jobs/view/coordinador-de-cobranza-administrativa-y-prejudicial-occidente-at-vana-4439352960,Coordinador de Cobranza Administrativa y Prejudicial (Occidente),,scraped,2026-07-11T20:57:07.931323,
238b1bf3e3d762fb,https://gt.linkedin.com/jobs/view/administrador-de-centro-comercial-mixco-at-istaff-guatemala-4438931768,Administrador de Centro Comercial-Mixco,,scraped,2026-07-11T20:57:35.258796,
4c8ca89a3bbdcef9,https://gt.linkedin.com/jobs/view/analista-comercial-at-sapiens-guatemala-4438361997,Analista comercial,,scraped,2026-07-11T20:58:11.454122,
194004e2861b6108,https://gt.linkedin.com/jobs/view/pasant%C3%ADa-laboral-an%C3%A1lisis-de-datos-jr-at-deinsa-global-4438931767,Pasantía Laboral / Análisis de Datos JR,DEINSA GLOBAL,posted,2026-07-11T20:59:30.180098,1522
b1f474e87ce27aa3,https://gt.linkedin.com/jobs/view/desarrollador-a-de-negocios-at-cargill-4431332772,Desarrollador(a) de Negocios,Cargill,posted,2026-07-11T21:00:18.287683,1524
557831657273065b,https://gt.linkedin.com/jobs/view/asesor-especialista-kiosco-samsung-mega-seis-at-grupo-distelsa-4436636365,ASESOR ESPECIALISTA  - KIOSCO SAMSUNG MEGA SEIS,Grupo Distelsa,posted,2026-07-11T21:01:19.640219,1526
8953339b7c399655,https://gt.linkedin.com/jobs/view/digitador-carretera-a-el-salvador-at-didelasa-4438339738,Digitador - Carretera a El Salvador,DIDELASA,posted,2026-07-11T21:01:44.965774,1528
dfd2aa1b93a6f29b,https://gt.linkedin.com/jobs/view/qa-tester-analista-qa-gt-at-core-code-io-4437938312,QA / Tester (Analista QA) GT,Core Code io,posted,2026-07-11T21:02:00.668584,1530
74e7708846267f29,https://gt.linkedin.com/jobs/view/asesor-sala-de-ventas-quetzaltenango-salcaj%C3%A1-at-mwm-transportes-4438566068,ASESOR SALA DE VENTAS  QUETZALTENANGO SALCAJÁ,MWM Transportes,posted,2026-07-11T21:02:31.713504,1532
c71a1e5162e9f368,https://gt.linkedin.com/jobs/view/dise%C3%B1ador-ux-ui-gt-at-core-code-io-4438397280,Diseñador UX/UI GT,Core Code io,posted,2026-07-11T21:03:02.718202,1534
42345e0a493c714b,https://gt.linkedin.com/jobs/view/repartidor-at-corporaci%C3%B3n-multi-inversiones-4435995850,Repartidor,CMI-Corporación Multi Inversiones,posted,2026-07-11T21:05:09.506324,1536
ad15dce1fb55bf01,https://gt.linkedin.com/jobs/view/especialista-de-soporte-t%C3%A9cnico-gtm-at-core-code-io-4437940189,Especialista de Soporte Técnico GTM,Core Code io,posted,2026-07-11T21:05:20.879481,1538
7234b60835e8ed29,https://gt.linkedin.com/jobs/view/jefe-de-estructuraci%C3%B3n-de-cr%C3%A9dito-empresarial-at-bam-4438305475,Jefe de Estructuración de Crédito Empresarial,,scraped,2026-07-11T21:07:15.617528,
d2dcfd8e6908aa6f,https://gt.linkedin.com/jobs/view/fullstack-developer-gtm-at-core-code-io-4438395350,Fullstack Developer GTM,Core Code io,posted,2026-07-11T21:07:34.576067,1540
47f329bfb9f94065,https://gt.linkedin.com/jobs/view/lider-de-servicio-i-suplente-en-zona-oriente-at-bam-4439526003,LIDER DE SERVICIO I SUPLENTE EN ZONA ORIENTE,,scraped,2026-07-11T21:07:47.464646,
e820c2641232e2c3,https://gt.linkedin.com/jobs/view/hubspot-crm-manager-at-global-lingo-4438908074,HubSpot/CRM Manager,,scraped,2026-07-11T21:07:54.123159,
58592b27bf163142,https://gt.linkedin.com/jobs/view/backend-developer-gt-4-at-core-code-io-4438395356,Backend Developer GT 4,Core Code io,posted,2026-07-11T21:08:14.667755,1542
656eb8650ad7bed2,https://gt.linkedin.com/jobs/view/export-sales-executive-at-nebula-group-of-companies-4436681008,Export Sales Executive,NEBULA GROUP OF COMPANIES,posted,2026-07-11T21:08:23.819923,1544
bac404ed7db08eaa,https://gt.linkedin.com/jobs/view/analista-de-cuentas-por-cobrar-at-hola-moda-4439329164,Analista de cuentas por cobrar,Hola Moda,posted,2026-07-11T21:09:03.118609,1211
9d3ac78eaab60438,https://gt.linkedin.com/jobs/view/cloud-architect-gcp-at-applaudo-4439338118,Cloud Architect (GCP),,scraped,2026-07-11T21:09:05.714040,
1d1714653f21ca22,https://gt.linkedin.com/jobs/view/gerente-de-administraci%C3%B3n-estrat%C3%A9gica-legal-at-agora-talents-4439570538,GERENTE DE ADMINISTRACIÓN ESTRATÉGICA (LEGAL),Agora Talents,posted,2026-07-11T21:09:25.826874,1546
b9f6ca558a444c8a,https://gt.linkedin.com/jobs/view/senior-agentic-product-designer-remote-latin-america-at-fullstack-4419992082,Senior Agentic Product Designer - Remote - Latin America,FullStack,posted,2026-07-11T21:10:33.584212,1295
604de136d6f01822,https://gt.linkedin.com/jobs/view/product-designer-figma-%2B-agentic-ai-remote-latin-america-at-fullstack-4421255096,Product Designer (Figma + Agentic AI) - Remote - Latin America,FullStack,posted,2026-07-11T21:11:16.468079,1452
a81f84249294e100,https://gt.linkedin.com/jobs/view/comsec-technician-at-peraton-4438387053,COMSEC Technician,Peraton,posted,2026-07-11T21:11:33.751004,1548
5e2c8984b6554b54,https://gt.linkedin.com/jobs/view/auditor-interno-de-operaciones-de-plantas-de-energia-at-corporaci%C3%B3n-multi-inversiones-4436697011,Auditor Interno de Operaciones de Plantas de Energia,,scraped,2026-07-12T09:34:02.879351,
2174c1111057c80e,https://gt.linkedin.com/jobs/view/content-creator-at-slvex-4439360581,Content Creator,SLVEX,posted,2026-07-12T09:35:06.859803,521
8b0cb5650ce0cae4,https://gt.linkedin.com/jobs/view/pm-de-compras-para-sistemas-de-energ%C3%ADa-solar-at-enertiva-4438140046,PM de compras - para sistemas de energía solar,Enertiva,posted,2026-07-12T09:35:57.462633,1550
8090245217aa4655,https://gt.linkedin.com/jobs/view/piloto-repartidor-c-guatemala-at-cargill-4439582079,Piloto Repartidor - C.Guatemala,Cargill,posted,2026-07-12T09:36:26.415321,1520
99fbd5473fd9f1e8,https://gt.linkedin.com/jobs/view/product-security-engineer-remote-work-at-bairesdev-4437073100,Product Security Engineer - Remote Work,BairesDev,posted,2026-07-12T09:36:41.171530,841
44f3fefa16d23f84,https://gt.linkedin.com/jobs/view/auxiliar-de-it-palin-escuintla-at-e4-4439574982,Auxiliar de IT - Palin Escuintla,,scraped,2026-07-12T09:37:37.793504,
c44a903607534414,https://gt.linkedin.com/jobs/view/gerente-de-agencia-ii-en-agencia-puerto-barrios-at-bam-4439727336,GERENTE DE AGENCIA II EN AGENCIA PUERTO BARRIOS,,scraped,2026-07-12T09:37:46.426248,
a87fa3faa746ee60,https://gt.linkedin.com/jobs/view/dependiente-de-tienda-para-megapaca-plaza-las-ca%C3%B1as-at-megapaca-4439503561,Dependiente de tienda para Megapaca Plaza Las Cañas,,scraped,2026-07-12T09:39:42.942837,
fc6d96fbb8cecdb8,https://gt.linkedin.com/jobs/view/tiktok-content-specialist-at-scale-up-recruiting-partners-4438922439,TikTok Content Specialist,Scale Up Recruiting Partners,posted,2026-07-12T09:40:19.353983,1458
bedf3a427f20e459,https://gt.linkedin.com/jobs/view/full-stack-developer-java-%2B-kotlin-%2B-react-remote-latin-america-at-fullstack-4438670531,Full Stack Developer (Java + Kotlin + React) - Remote - Latin America,FullStack,posted,2026-07-12T09:40:38.503707,1081
4dcb245a3ac5d697,https://gt.linkedin.com/jobs/view/fullstack-developer-guatemala-at-core-code-io-4438968172,Fullstack Developer Guatemala,Core Code io,posted,2026-07-12T09:41:05.390494,1552
5676028cbb4c0d68,https://gt.linkedin.com/jobs/view/virtual-assistant-to-ceo-remote-at-viva-talent-4439552953,Virtual Assistant to CEO (Remote),Viva Talent,posted,2026-07-12T09:42:32.751795,1053
9a9d7841b345611d,https://gt.linkedin.com/jobs/view/backend-developer-gt-2-at-core-code-io-4438965270,Backend Developer GT 2,Core Code io,posted,2026-07-12T09:43:08.326047,1554
8169f19566720c78,https://gt.linkedin.com/jobs/view/fullstack-developer-gt-2-at-core-code-io-4438967186,Fullstack Developer GT 2,Core Code io,posted,2026-07-12T09:43:24.264646,1556
32e4ddde33faaaf8,https://gt.linkedin.com/jobs/view/accounting-services-associate-iii-at-conduent-4438625917,Accounting Services Associate III,Conduent,posted,2026-07-12T09:43:57.964270,249
af3680a4f20ce32f,https://gt.linkedin.com/jobs/view/ejecutivo-comercial-digital-y-program%C3%A1tica-at-jcdecaux-4439567919,Ejecutivo Comercial Digital y Programática,,scraped,2026-07-12T09:46:02.616667,
b49f73d2708dde4f,https://gt.linkedin.com/jobs/view/atenci%C3%B3n-al-cliente-temporal-at-identity-guatemala-4436635531,Atención al cliente (Temporal),,scraped,2026-07-12T09:46:27.605517,
750ad696bb2b39aa,https://gt.linkedin.com/jobs/view/ejecutivo-de-ventas-multifuncional-mixco-at-grupo-ficohsa-gt-4438392290,Ejecutivo de Ventas Multifuncional: Mixco,Grupo Ficohsa GT,posted,2026-07-12T09:47:21.085675,1558
35100b700c403288,https://gt.linkedin.com/jobs/view/ejecutivo-de-ventas-sr-zona-15-at-grupo-ficohsa-gt-4438393298,Ejecutivo de Ventas SR: Zona 15,Grupo Ficohsa GT,posted,2026-07-12T09:47:34.239220,1560
1af61f5bdb56652b,https://gt.linkedin.com/jobs/view/embalador-empaquetador-sin-experiencia-at-identity-guatemala-4436674484,"Embalador / Empaquetador, Sin Experiencia",,scraped,2026-07-13T12:26:10.280453,
b5e4ccc231546a19,https://gt.linkedin.com/jobs/view/operario-de-empaque-con-sin-experiencia-at-identity-guatemala-4436664698,"Operario de Empaque, Con/Sin Experiencia",,scraped,2026-07-13T12:26:21.252679,
5674e4b537a26ee6,https://gt.linkedin.com/jobs/view/amazon-product-researcher-at-clearwaters-llc-4439739597,Amazon Product Researcher,Clearwaters LLC,posted,2026-07-13T12:26:55.176490,1562
d9ce34e22ac7abb8,https://gt.linkedin.com/jobs/view/auxiliar-de-mantenimiento-y-limpieza-at-innovaciones-m%C3%A9dicas-4438949318,Auxiliar de Mantenimiento y Limpieza,,scraped,2026-07-13T12:27:37.891287,
8870bf54f0720eb9,https://gt.linkedin.com/jobs/view/gerente-de-tienda-at-grupo-de-tiendas-asociadas-s-a-4438990945,Gerente de tienda,,scraped,2026-07-13T12:28:20.651369,
3ce1bf16d444de5a,https://gt.linkedin.com/jobs/view/lider-de-servicio-i-en-agencia-asuncion-mita-at-bam-4439593712,LIDER DE SERVICIO I EN AGENCIA ASUNCION MITA,,scraped,2026-07-13T12:28:45.886144,
9e5ec78f774a41ff,https://gt.linkedin.com/jobs/view/auxiliar-de-bodega-megapaca-plaza-las-ca%C3%B1as-zona-10-at-megapaca-4439390860,Auxiliar de bodega Megapaca Plaza Las Cañas zona 10,,scraped,2026-07-13T12:29:29.436476,
5985a33d589b873f,https://gt.linkedin.com/jobs/view/servicenow-developer-at-telus-digital-4439330488,ServiceNow Developer,,scraped,2026-07-13T12:29:38.814030,
9e9e27c4380ee969,https://gt.linkedin.com/jobs/view/ingeniero-sast-trabajo-remoto-ref%23296023-at-bairesdev-4432473014,Ingeniero SAST - Trabajo Remoto | REF#296023,BairesDev,posted,2026-07-13T12:29:55.773850,1564
4502ed3ae77efe03,https://gt.linkedin.com/jobs/view/data-engineer-remote-latin-america-at-fullstack-4430140154,Data Engineer - Remote - Latin America,FullStack,posted,2026-07-13T12:30:01.355576,1043
63991f975d8e4377,https://gt.linkedin.com/jobs/view/virtual-assistant-to-ceo-remote-at-viva-talent-4439746362,Virtual Assistant to CEO (Remote),Viva Talent,posted,2026-07-13T12:30:12.977980,1053
4f5dcd2f44909c25,https://gt.linkedin.com/jobs/view/especialista-de-soporte-t%C3%A9cnico-gt-4-at-core-code-io-4438954564,Especialista de Soporte Técnico GT 4,Core Code io,posted,2026-07-13T12:30:33.746398,1566
8367043ab3d473f6,https://gt.linkedin.com/jobs/view/amazon-market-place-operations-specialist-at-lato-jobs-4439763772,Amazon / Market Place Operations Specialist,,scraped,2026-07-13T12:30:40.548404,
e3f10364c0a2eb2a,https://gt.linkedin.com/jobs/view/manual-qa-engineer-remote-latin-america-at-fullstack-4439365579,Manual QA Engineer - Remote - Latin America,FullStack,posted,2026-07-13T12:31:05.926032,1343
cb849bd6fc177a56,https://gt.linkedin.com/jobs/view/agente-administrativo-at-concentrix-4437260545,Agente Administrativo,Concentrix,posted,2026-07-13T12:31:24.892271,1019
b2b0be4ab07afe06,https://gt.linkedin.com/jobs/view/ai-growth-demand-generation-lead-at-lato-jobs-4439772504,AI Growth & Demand Generation Lead,,scraped,2026-07-13T12:31:55.714013,
752c77b93813fbb8,https://gt.linkedin.com/jobs/view/account-executive-latam-norte-at-layers-4437220659,Account Executive LATAM Norte,,scraped,2026-07-13T12:32:10.125754,
b30009eb59142ad0,https://gt.linkedin.com/jobs/view/executive-assistant-at-lato-jobs-4439761839,Executive Assistant,,scraped,2026-07-13T12:32:38.916656,
4ae705678d34bba6,https://gt.linkedin.com/jobs/view/human-resource-director-at-lato-jobs-4439763754,Human Resource Director,,scraped,2026-07-13T12:32:57.617194,
f253ae34d6985ff2,https://gt.linkedin.com/jobs/view/dependiente-de-tienda-para-megapaca-arkadia-at-megapaca-4439397643,Dependiente de tienda para Megapaca Arkadia,,scraped,2026-07-13T12:33:21.923964,
ff6705c0315ec7aa,https://gt.linkedin.com/jobs/view/manual-qa-engineer-remote-latin-america-at-fullstack-4439377140,Manual QA Engineer - Remote - Latin America,FullStack,posted,2026-07-13T12:33:32.793504,1343
6031cbb2f0fd3789,https://gt.linkedin.com/jobs/view/product-designer-figma-%2B-agentic-ai-remote-latin-america-at-fullstack-4421250482,Product Designer (Figma + Agentic AI) - Remote - Latin America,FullStack,posted,2026-07-13T12:33:46.298542,1452
a0d2bc183965a761,https://gt.linkedin.com/jobs/view/python-engineer-remote-latin-america-at-fullstack-4421237836,Python Engineer - Remote - Latin America,FullStack,posted,2026-07-13T12:33:51.743859,1454
24eb72a2d0b5bcba,https://gt.linkedin.com/jobs/view/business-developer-ejecutivo-comercial-account-executive-gt-at-core-code-io-4438963305,Business Developer / Ejecutivo Comercial / Account Executive GT,Core Code io,posted,2026-07-13T12:34:06.864556,1568
3b8e8b87e7104c46,https://gt.linkedin.com/jobs/view/business-developer-ejecutivo-comercial-account-executive-gt-2-at-core-code-io-4438969173,Business Developer / Ejecutivo Comercial / Account Executive GT 2,Core Code io,posted,2026-07-13T12:34:19.159289,1570
f295521d1e8589bf,https://gt.linkedin.com/jobs/view/business-developer-ejecutivo-comercial-account-executive-gt-3-at-core-code-io-4438960374,Business Developer / Ejecutivo Comercial / Account Executive GT 3,Core Code io,posted,2026-07-13T12:34:30.038375,1572
9a43a523deabbe88,https://gt.linkedin.com/jobs/view/backend-developer-gt-at-core-code-io-4438901074,Backend Developer GT,Core Code io,posted,2026-07-13T12:34:41.374692,1574
6677e02955d85208,https://gt.linkedin.com/jobs/view/guatemala-short-term-dental-or-hygienist-trip-at-action-international-ministries-uk-4437208788,Guatemala: Short-term Dental or Hygienist Trip,Action International Ministries (uk),posted,2026-07-13T12:34:52.143617,1576
ccf1bcf11d0fba63,https://gt.linkedin.com/jobs/view/python-engineer-remote-latin-america-at-fullstack-4421245581,Python Engineer - Remote - Latin America,FullStack,posted,2026-07-13T12:35:13.839139,1454
c2f5e400fd6fed7d,https://gt.linkedin.com/jobs/view/ingeniero-en-sistemas-infraestructura-at-talent-match-guatemala-4439767340,Ingeniero en Sistemas-Infraestructura,,scraped,2026-07-13T12:35:30.673910,
082f135b93d587ba,https://gt.linkedin.com/jobs/view/director-a-de-operaciones-at-nuestros-peque%C3%B1os-hermanos%E2%84%A2-4439730078,Director/a de Operaciones,,scraped,2026-07-13T12:35:57.710491,
c2fc12e82d67147d,https://gt.linkedin.com/jobs/view/jefe-a-de-conservacion-del-cliente-en-seccion-de-conservacion-del-cliente-at-bam-4439778453,JEFE/A DE CONSERVACION DEL CLIENTE EN SECCION DE CONSERVACION DEL CLIENTE,,scraped,2026-07-13T12:36:18.343764,
3387216fd186032d,https://gt.linkedin.com/jobs/view/data-engineer-gt-2-at-core-code-io-4439106676,Data Engineer GT 2,Core Code io,posted,2026-07-13T12:36:53.604609,1578
02b51d024924622b,https://gt.linkedin.com/jobs/view/data-engineer-gt-4-at-core-code-io-4438388509,Data Engineer GT 4,Core Code io,posted,2026-07-13T12:37:04.611565,1580
f17ef4b4a26fcf90,https://gt.linkedin.com/jobs/view/data-engineer-gt-3-at-core-code-io-4438388518,Data Engineer GT 3,Core Code io,posted,2026-07-13T12:37:17.082686,1582
eabb9b0016928b0b,https://gt.linkedin.com/jobs/view/piloto-de-cami%C3%B3n-licencia-tipo-b-mixco-at-compras-en-asia-4438935665,Piloto de camión licencia Tipo B  Mixco,Compras en Asia,posted,2026-07-13T12:38:03.114010,1584
ed1f56649ac7a343,https://gt.linkedin.com/jobs/view/frontend-developer-gtm-at-core-code-io-4438971129,Frontend Developer GTM,Core Code io,posted,2026-07-13T12:38:29.396208,1586
ceb4e1e1613f8d57,https://gt.linkedin.com/jobs/view/gerente-de-finanzas-at-grupo-alta-4439765328,Gerente de finanzas,,scraped,2026-07-13T12:38:44.078129,
a56a9bc5e302aa9f,https://gt.linkedin.com/jobs/view/python-engineer-remote-latin-america-at-fullstack-4421238683,Python Engineer - Remote - Latin America,FullStack,posted,2026-07-13T12:38:55.769657,1454
352e8388f3ca9d48,https://gt.linkedin.com/jobs/view/analista-de-capacitaci%C3%B3n-y-desarrollo-at-identity-guatemala-4435995045,Analista de Capacitación y Desarrollo,,scraped,2026-07-13T12:39:12.390080,
afd6c04751fa1698,https://gt.linkedin.com/jobs/view/product-owner-retail-customer-loyality-at-ezcorp-4438375269,Product Owner-Retail & Customer Loyality,EZCORP,posted,2026-07-13T12:40:09.629786,1588
c19bed66e35ba6e0,https://gt.linkedin.com/jobs/view/asistente-contable-at-talent-match-guatemala-4439775101,Asistente contable,Talent Match Guatemala,posted,2026-07-13T12:41:10.960407,439
d5648d584cbf43b0,https://gt.linkedin.com/jobs/view/asesor-a-integral-en-agencia-esquipulas-at-bam-4439731061,ASESOR/A INTEGRAL EN AGENCIA ESQUIPULAS,,scraped,2026-07-13T12:41:21.581183,
2a867b3148b5983a,https://gt.linkedin.com/jobs/view/finance-analyst-ii-at-conduent-4431323138,Finance Analyst II,Conduent,posted,2026-07-13T12:41:37.755657,1590
1a5c92d18597cdc7,https://gt.linkedin.com/jobs/view/qa-automation-engineer-id72469-at-agileengine-4436802392,QA Automation Engineer ID72469,AgileEngine,posted,2026-07-13T12:42:23.762636,595
bd4c268aa36b33d0,https://gt.linkedin.com/jobs/view/product-designer-figma-%2B-agentic-ai-remote-latin-america-at-fullstack-4421251492,Product Designer (Figma + Agentic AI) - Remote - Latin America,FullStack,posted,2026-07-13T12:42:34.977722,1452
2380bc3883d841df,https://gt.linkedin.com/jobs/view/product-designer-figma-%2B-agentic-ai-remote-latin-america-at-fullstack-4421246536,Product Designer (Figma + Agentic AI) - Remote - Latin America,FullStack,posted,2026-07-13T12:42:48.083043,1452
5bae390c96631652,https://gt.linkedin.com/jobs/view/senior-full-stack-engineer-react-%2B-kotlin-remote-latin-america-at-fullstack-4438510873,Senior Full Stack Engineer (React + Kotlin) - Remote - Latin America,FullStack,posted,2026-07-13T12:42:57.274607,1191
bf2be238865b7a7d,https://gt.linkedin.com/jobs/view/ejecutivo-de-negocios-y-servicios-multifuncional-portales-12422-48536-at-grupo-ficohsa-hn-4421334183,EJECUTIVO DE NEGOCIOS Y SERVICIOS MULTIFUNCIONAL: PORTALES (12422)(48536),Grupo Ficohsa HN,posted,2026-07-13T12:43:10.895442,1592
b96e8386bf5a149c,https://gt.linkedin.com/jobs/view/senior-azure-cloud-engineer-at-applaudo-4438250565,Senior Azure Cloud Engineer,,scraped,2026-07-13T12:43:25.520421,
6926a35db41fa489,https://gt.linkedin.com/jobs/view/appointment-setting-representative-at-the-hero-company-4439491721,Appointment Setting Representative,The Hero Company,failed|wp_post_failed,2026-07-14T09:32:30.153970,
42a6ed29dd9f89b1,https://gt.linkedin.com/jobs/view/encargado-de-compras-at-makers-guatemala-4440313451,Encargado de Compras,Makers Guatemala,failed|wp_post_failed,2026-07-14T09:32:46.781265,
2a2f5d82e290324f,https://gt.linkedin.com/jobs/view/associate-systems-administrator-at-peraton-4439436746,Associate Systems Administrator,Peraton,failed|wp_post_failed,2026-07-14T09:32:55.340061,
da347381cc7b3e6f,https://gt.linkedin.com/jobs/view/recepcionista-para-zona-6-at-mwm-transportes-4440376266,RECEPCIONISTA PARA ZONA 6,MWM Transportes,failed|wp_post_failed,2026-07-14T09:33:06.917364,
1fb31c36719c390b,https://gt.linkedin.com/jobs/view/facturador-at-istaff-guatemala-4440355107,Facturador,,scraped,2026-07-14T09:33:09.538894,
a769c7564db42f86,https://gt.linkedin.com/jobs/view/sales-development-representative-sdr-panama-or-latam-at-officerapps-com-4440057204,Sales Development Representative (SDR) - Panama or LatAm,OfficerApps.com,failed|wp_post_failed,2026-07-14T09:33:27.328032,
f545b3db83ce9c49,https://gt.linkedin.com/jobs/view/encargado-a-it-at-people-evolution-4439837039,Encargado (a) IT,,scraped,2026-07-14T09:33:32.060093,
bb9366aea542cf4d,https://gt.linkedin.com/jobs/view/revenue-management-specialist-at-pepsico-4437617997,Revenue Management Specialist,PepsiCo,failed|wp_post_failed,2026-07-14T09:33:46.720254,
1f8746f02da31509,https://gt.linkedin.com/jobs/view/auxiliar-de-bodega-at-identity-guatemala-4437625963,Auxiliar de bodega,,scraped,2026-07-14T09:34:01.421604,
75b048aa508f016e,https://gt.linkedin.com/jobs/view/administrador-de-n%C3%B3minas-at-hse-constructores-s-a-4439467833,Administrador de nóminas,,scraped,2026-07-14T09:34:19.095036,
29f9b6469aaa36a0,https://gt.linkedin.com/jobs/view/piloto-licencia-a-at-peri%C3%B3dico-prensa-libre-4440374343,Piloto Licencia A,,scraped,2026-07-14T09:34:25.407298,
6a579ce3e3bae365,https://gt.linkedin.com/jobs/view/new-hire-operator-production-at-yazaki-north-america-4439589428,"New Hire Operator, Production",Yazaki North America,failed|wp_post_failed,2026-07-14T09:34:41.545134,
c7a1b05687f2be87,https://gt.linkedin.com/jobs/view/gerente-de-tienda-at-grupo-de-tiendas-asociadas-s-a-4440353892,Gerente de Tienda,,scraped,2026-07-14T09:34:48.016174,
00a24a30ce4ca7e0,https://gt.linkedin.com/jobs/view/conductor-de-camion-at-constructiva-s-a-de-c-v-4440382066,Conductor de Camion,,scraped,2026-07-14T09:34:54.917751,
0a9a9918cec711a2,https://gt.linkedin.com/jobs/view/cost-accountant-at-remote-raven-4439490143,Cost Accountant,Remote Raven,failed|wp_post_failed,2026-07-14T09:35:07.052848,
7ba871f117f0c96c,https://gt.linkedin.com/jobs/view/coordinador-de-desembolsos-y-fha-at-corporaci%C3%B3n-victoria-4440082507,Coordinador de desembolsos y FHA,Corporación Victoria,failed|wp_post_failed,2026-07-14T09:35:24.393971,
02bfd501560d660b,https://gt.linkedin.com/jobs/view/procurement-analyst-finanzas-at-ambev-4440068123,Procurement Analyst-Finanzas,Ambev,failed|wp_post_failed,2026-07-14T09:35:36.011360,
d09cfa1d3eaf329c,https://gt.linkedin.com/jobs/view/profesor-a-de-ingl%C3%A9s-at-grupo-helvetica-4440375276,Profesor (a) de Inglés,Grupo Helvetica,failed|wp_post_failed,2026-07-14T09:35:50.356200,
7b7fa3ba5b64403a,https://gt.linkedin.com/jobs/view/administrativo-de-n%C3%B3mina-at-grupo-bimbo-4437604425,Administrativo de Nómina,Grupo Bimbo,failed|wp_post_failed,2026-07-14T09:36:20.110162,
11670ec7523f05ef,https://gt.linkedin.com/jobs/view/analista-de-facturaci%C3%B3n-y-costeo-at-identity-guatemala-4437622991,Analista de Facturación y Costeo,,scraped,2026-07-14T09:36:24.789808,
a71a7a545194395f,https://gt.linkedin.com/jobs/view/gerente-de-ventas-at-niu-solutions-4440081414,Gerente de Ventas,,scraped,2026-07-14T09:36:40.833903,
6ba01c4e2a27c621,https://gt.linkedin.com/jobs/view/dise%C3%B1ador-ux-ui-at-core-code-io-4438384649,Diseñador UX/UI,Core Code io,failed|wp_post_failed,2026-07-14T09:36:52.840880,
1df8301ac2e93fc3,https://gt.linkedin.com/jobs/view/auxiliar-contable-activos-fijos-at-pani-fresh-4440323279,Auxiliar Contable - Activos Fijos,,scraped,2026-07-14T09:36:57.434816,
855792e576d3c758,https://gt.linkedin.com/jobs/view/analista-de-auditor%C3%ADa-externa-at-cbc-4437604245,ANALISTA DE AUDITORÍA EXTERNA,cbc,failed|wp_post_failed,2026-07-14T09:37:21.163680,
d5c06c1758ff80f1,https://gt.linkedin.com/jobs/view/auditor-a-de-seguros-at-empresa-confidencial-4438303513,AUDITOR/A DE SEGUROS,Empresa Confidencial,failed|wp_post_failed,2026-07-14T09:37:31.327017,
e4949fcfc63ac13a,https://gt.linkedin.com/jobs/view/paid-search-social-specialist-at-veta-virtual-4439416419,Paid Search & Social Specialist,,scraped,2026-07-14T09:37:33.965808,
8908f573cd0f4b1d,https://gt.linkedin.com/jobs/view/analista-de-negocios-trabajo-remoto-at-bairesdev-4439424699,Analista de Negocios - Trabajo Remoto,BairesDev,failed|wp_post_failed,2026-07-14T09:37:49.121900,
e128351fdaa53e68,https://gt.linkedin.com/jobs/view/contador-general-junior-at-rh-inmova-4439456074,Contador General Junior,RH INMOVA,failed|wp_post_failed,2026-07-14T09:38:23.168919,
4ade4d57ab1fbfb5,https://gt.linkedin.com/jobs/view/organization-methods-analyst-at-devel-group-4440362893,Organization & Methods Analyst,,scraped,2026-07-14T09:38:31.892758,
d51fbca584620894,https://gt.linkedin.com/jobs/view/ingeniero-masculino-de-productividad-de-planta-de-producci%C3%B3n-con-experiencia-m%C3%ADnima-y-lean-sixsigma-at-site-4440374339,Ingeniero Masculino de Productividad de Planta de Producción con Experiencia Mínima y  Lean SixSigma,SITE,failed|wp_post_failed,2026-07-14T09:38:46.658783,
fba2a30cc46b8929,https://gt.linkedin.com/jobs/view/qa-tester-analista-qa-at-core-code-io-4438954555,QA / Tester (Analista QA),Core Code io,failed|wp_post_failed,2026-07-14T09:39:07.322327,
03ef377711a639c4,https://gt.linkedin.com/jobs/view/jefe-de-log%C3%ADstica-y-comercio-exterior-biling%C3%BCe-at-ac-talentos-4439494123,Jefe de Logística y Comercio Exterior (Bilingüe),AC Talentos,failed|wp_post_failed,2026-07-14T09:39:20.048300,
f99f3470fc1ed50f,https://gt.linkedin.com/jobs/view/account-manager-at-veta-virtual-4439404728,Account Manager,,scraped,2026-07-14T09:39:28.763317,
476b16a383ce50ac,https://gt.linkedin.com/jobs/view/jefe-de-reaseguro-at-empresa-confidencial-4439438210,Jefe de reaseguro,Empresa Confidencial,failed|wp_post_failed,2026-07-14T09:39:42.407369,
cebe4a8c5606742e,https://gt.linkedin.com/jobs/view/guatemala-creativ%40-at-creativalab-4440060242,Guatemala: Creativ@,,scraped,2026-07-14T09:39:45.068699,
a1f4fd9539f3af14,https://gt.linkedin.com/jobs/view/coordinador-de-compras-directos-at-gasthaus-seidl-4437224839,Coordinador de Compras Directos,Gasthaus Seidl,failed|wp_post_failed,2026-07-14T09:40:09.312654,
c81bee6a80e88824,https://gt.linkedin.com/jobs/view/supervisor-de-almac%C3%A9n-at-carga-global-s-a-4440068352,Supervisor de Almacén,,scraped,2026-07-14T09:40:16.014383,
116484588dfe148c,https://gt.linkedin.com/jobs/view/gerente-de-tienda-at-identity-guatemala-4437643048,Gerente de tienda,,scraped,2026-07-14T09:40:25.361073,
0dc8c083376b0bd0,https://gt.linkedin.com/jobs/view/operario-de-producci%C3%B3n-1-at-corporaci%C3%B3n-multi-inversiones-4437627817,Operario de Producción 1,,scraped,2026-07-14T09:40:39.575671,
ca1c755844a2e38e,https://gt.linkedin.com/jobs/view/analista-de-recursos-humanos-at-empresa-confidencial-4440308739,Analista de recursos humanos,Empresa Confidencial,failed|wp_post_failed,2026-07-14T09:40:54.211149,
872505df0606176d,https://gt.linkedin.com/jobs/view/el-taier-jr-planner-strategic-at-the-darwinzone-4437625791,el taier - JR. Planner Strategic,,scraped,2026-07-14T09:40:56.887239,
274eee1e0fc331aa,https://gt.linkedin.com/jobs/view/supervisor-de-producci%C3%B3n-industria-de-alimentos-at-go-green-guatemala-4440322976,Supervisor de Producción- Industria de Alimentos,Go Green Guatemala,failed|wp_post_failed,2026-07-14T09:41:23.696036,
215db6608b26a7bb,https://gt.linkedin.com/jobs/view/frontend-developer-guatemala-at-core-code-io-4438966202,Frontend Developer Guatemala,Core Code io,failed|wp_post_failed,2026-07-14T09:41:36.670447,
3d2da5d9adc2b785,https://gt.linkedin.com/jobs/view/irrigation-cad-designer-at-lato-jobs-4439758432,Irrigation CAD Designer,,scraped,2026-07-14T09:41:45.483623,
ddb796d9dde75dbe,https://gt.linkedin.com/jobs/view/administrador-chef-de-residencia-internacional-4429128166,Administrador Chef de Residencia Internacional,Intro FH,failed|wp_post_failed,2026-07-14T09:41:56.295371,
25163c2d0812b66f,https://gt.linkedin.com/jobs/view/t%C3%A9cnico-de-hemodi%C3%A1lisis-at-vantive-4439478668,Técnico de Hemodiálisis,Vantive,failed|wp_post_failed,2026-07-14T09:42:08.785171,
e469c333b10d7787,https://gt.linkedin.com/jobs/view/gerente-de-city-core-portales-at-spectrum-4437636032,Gerente de City Core (Portales),,scraped,2026-07-14T09:42:15.426489,
bb55523b07500c61,https://gt.linkedin.com/jobs/view/cyber-defense-analyst-at-applaudo-4440312505,Cyber Defense Analyst,,scraped,2026-07-14T09:42:32.583001,
537df90a670df3de,https://gt.linkedin.com/jobs/view/brand-manager-centro-comercial-at-spectrum-4437617964,Brand Manager (Centro Comercial),,scraped,2026-07-14T09:42:41.159871,
403f5f9c0e7a6e30,https://gt.linkedin.com/jobs/view/senior-executive-assistant-to-the-ceo-at-veta-virtual-4439408648,Senior Executive Assistant to the CEO,,scraped,2026-07-14T09:42:58.786895,
a35d3ba6f932fbce,https://gt.linkedin.com/jobs/view/ejecutivo-a-de-calificaci%C3%B3n-de-leads-at-propi-4440353236,Ejecutivo/a de Calificación de Leads,Propi,failed|wp_post_failed,2026-07-14T09:43:14.372302,
661bb165455a01c6,https://gt.linkedin.com/jobs/view/key-account-manager-%E2%80%93-modern-trade-qsr-at-pepsico-4437294863,Key Account Manager – Modern Trade QSR,PepsiCo,failed|wp_post_failed,2026-07-14T09:43:24.991809,
9f8dcc3e73de2593,https://gt.linkedin.com/jobs/view/asesor-a-de-servicio-en-agencia-la-trinidad-malacatan-at-bam-4440526305,ASESOR/A DE SERVICIO EN AGENCIA LA TRINIDAD MALACATAN,,scraped,2026-07-14T09:43:31.596549,
f05afac956dd5800,https://gt.linkedin.com/jobs/view/full-stack-developer-java-%2B-kotlin-%2B-react-remote-latin-america-at-fullstack-4438674466,Full Stack Developer (Java + Kotlin + React) - Remote - Latin America,FullStack,failed|wp_post_failed,2026-07-14T09:44:09.889245,
408fd53d4c7de93b,https://gt.linkedin.com/jobs/view/full-stack-developer-java-%2B-kotlin-%2B-react-remote-latin-america-at-fullstack-4438673487,Full Stack Developer (Java + Kotlin + React) - Remote - Latin America,FullStack,failed|wp_post_failed,2026-07-14T09:44:20.349669,
249a14363900a936,https://gt.linkedin.com/jobs/view/manual-qa-engineer-remote-latin-america-at-fullstack-4439357998,Manual QA Engineer - Remote - Latin America,FullStack,failed|wp_post_failed,2026-07-14T09:44:41.287133,
a77bbf6ab54e96f8,https://gt.linkedin.com/jobs/view/especialista-de-sap-at-empresa-confidencial-4438356137,Especialista de SAP,Empresa Confidencial,failed|wp_post_failed,2026-07-14T09:44:51.365871,
0e90e4e2182efb6d,https://gt.linkedin.com/jobs/view/ai-machine-learning-engineer-remote-latin-america-at-fullstack-4371025451,AI Machine Learning Engineer - Remote - Latin America,FullStack,failed|wp_post_failed,2026-07-14T09:44:59.769650,
be1de06c83865a4e,https://gt.linkedin.com/jobs/view/asesor-m%C3%A9dico-at-richam-internacional-s-a-4439411439,Asesor médico,Richam Internacional S.A.,failed|wp_post_failed,2026-07-14T09:45:08.321900,
00c60495940a1f8a,https://gt.linkedin.com/jobs/view/gerente-de-mantenimiento-de-planta-at-grupo-lamfer-4440343035,Gerente de Mantenimiento de Planta,,scraped,2026-07-14T09:45:10.938655,
ea27cd4629ee1dfa,https://gt.linkedin.com/jobs/view/manual-qa-engineer-remote-latin-america-at-fullstack-4439371222,Manual QA Engineer - Remote - Latin America,FullStack,failed|wp_post_failed,2026-07-14T09:45:25.949091,
15024b01af4e6250,https://gt.linkedin.com/jobs/view/supervisor-de-taller-de-maquinaria-agr%C3%ADcola-escuintla-at-canella-s-a-4440341697,SUPERVISOR DE TALLER DE MAQUINARIA AGRÍCOLA ESCUINTLA,,scraped,2026-07-14T09:45:34.644880,
ed93f0b24af5422c,https://gt.linkedin.com/jobs/view/brand-mktg-activation-coordination-at-pepsico-4437612037,Brand Mktg & Activation Coordination,PepsiCo,failed|wp_post_failed,2026-07-14T09:45:52.337177,
39c27ffe312d7425,https://gt.linkedin.com/jobs/view/analista-de-inventario-at-eurofarma-4440304693,Analista de inventario,,scraped,2026-07-14T09:45:54.941743,
60e6ddf6f36b633d,https://gt.linkedin.com/jobs/view/product-owner-de-transformaci%C3%B3n-de-modelos-de-negocio-at-bantrab-4440074429,Product Owner de Transformación de Modelos de Negocio,Bantrab,failed|wp_post_failed,2026-07-14T09:46:12.162894,
b7e9705ebaa14699,https://gt.linkedin.com/jobs/view/senior-product-manager-at-blue-medical-guatemala-4440065148,Senior Product Manager,,scraped,2026-07-14T09:46:22.834559,
b615d38bd625f2f6,https://gt.linkedin.com/jobs/view/manager-facilities-at-athena-4440071087,"Manager, Facilities",,scraped,2026-07-14T09:46:37.688565,
05f28d389bcabbef,https://gt.linkedin.com/jobs/view/carrier-sales-representative-at-modelkite-inc-4440308137,Carrier Sales Representative,,scraped,2026-07-14T09:46:54.349772,
9877702f93bf0bbd,https://gt.linkedin.com/jobs/view/ejecutivo-comercial-at-idca-s-a-4436824177,Ejecutivo comercial,IDCA S.A,failed|wp_post_failed,2026-07-14T09:47:13.639854,
9d2d8d451849dced,https://gt.linkedin.com/jobs/view/data-engineer-gtm-at-core-code-io-4438965273,Data Engineer GTM,Core Code io,failed|wp_post_failed,2026-07-14T09:47:50.167099,
b5485ee8dcc5f516,https://gt.linkedin.com/jobs/view/asesor-comercial-de-proyectos-at-aquasistemas-4440079816,Asesor Comercial de Proyectos,Aquasistemas,failed|wp_post_failed,2026-07-14T09:48:04.457254,
7acf2f3397e1c044,https://gt.linkedin.com/jobs/view/staff-accountant-at-veta-virtual-4439408643,Staff Accountant,,scraped,2026-07-14T09:48:13.112167,
9fa9df214c64cc2c,https://gt.linkedin.com/jobs/view/cloud-saas-operations-manager-at-veta-virtual-4439411597,Cloud & SaaS Operations Manager,,scraped,2026-07-14T09:48:19.338514,
7bfc24c73e7bb76d,https://gt.linkedin.com/jobs/view/customer-support-specialist-at-veta-virtual-4439410649,Customer Support Specialist,,scraped,2026-07-14T09:48:27.564107,
bdd75772341513e9,https://gt.linkedin.com/jobs/view/sales-representative-at-acado-distribution-4435980078,Sales Representative,,scraped,2026-07-14T09:48:35.816753,
b2a2944ab38572c4,https://gt.linkedin.com/jobs/view/conductor-de-camion-at-constructiva-s-a-de-c-v-4440367836,Conductor de Camion,,scraped,2026-07-14T09:48:43.627859,
9d9d058bbf9f750a,https://gt.linkedin.com/jobs/view/analista-de-ingenier%C3%ADa-at-sba-communications-4439497561,Analista de Ingeniería,SBA Communications,failed|wp_post_failed,2026-07-14T09:49:03.052521,
3cc3f6e107a51573,https://gt.linkedin.com/jobs/view/account-manager-at-cs-outsource-4439480435,Account Manager,CS Outsource,failed|wp_post_failed,2026-07-14T09:49:10.612351,
69cef01ed3cdb67e,https://gt.linkedin.com/jobs/view/asesor-t%C3%A9cnico-de-ventas-at-grupoacisa-4440032683,Asesor técnico de ventas,,scraped,2026-07-14T09:49:19.203119,
ccf9cdcd5d4393eb,https://gt.linkedin.com/jobs/view/t%C3%A9cnico-panificador-at-corporaci%C3%B3n-multi-inversiones-4437638497,Técnico Panificador,,scraped,2026-07-14T09:49:29.864722,
9865a5f3f63629a7,https://gt.linkedin.com/jobs/view/contador-p%C3%BAblico-certificado-at-roberto-cervantes-group-4440314315,Contador Público Certificado,,scraped,2026-07-14T09:49:48.954825,
4a9055cb6a006a94,https://gt.linkedin.com/jobs/view/asistente-de-cuentas-por-cobrar-at-grupo-wol-4440323528,Asistente de Cuentas por cobrar,Grupo WOL,failed|wp_post_failed,2026-07-14T09:50:09.028589,
c3c388d30651fb24,https://gt.linkedin.com/jobs/view/asesor-comercial-isuzu-mazatenango-at-canella-s-a-4440349159,ASESOR COMERCIAL ISUZU MAZATENANGO,,scraped,2026-07-14T09:50:17.590526,
5ba5164e012db9c1,https://gt.linkedin.com/jobs/view/azure-network-operations-specialist-at-aims360-fashion-business-management-software-apparel-software-apparel-erp-fashion-erp-4440387248,Azure Network Operations Specialist,"AIMS360: Fashion Business Management Software (Apparel Software, Apparel ERP, Fashion ERP)",failed|wp_post_failed,2026-07-14T09:50:31.940120,
76a4f7aac7a4361a,https://gt.linkedin.com/jobs/view/high-school-english-teacher-4440342948,High School English Teacher,Colegio verbo 1,failed|wp_post_failed,2026-07-14T09:50:44.779909,
8d0e373bb9953750,https://gt.linkedin.com/jobs/view/recepcionista-at-empresa-confidencial-4439478085,RECEPCIONISTA,Empresa Confidencial,failed|wp_post_failed,2026-07-14T09:50:55.063659,
f13c7e1140e1eae3,https://gt.linkedin.com/jobs/view/analista-soc-soporte-t%C3%A9cnico-avanzado-at-seguridad-integral-en-tecnolog%C3%ADa-4438657925,Analista SOC / Soporte Técnico Avanzado,Seguridad Integral en Tecnología,failed|wp_post_failed,2026-07-14T09:51:15.526615,
263a0fc19a71a3f8,https://gt.linkedin.com/jobs/view/delivery-operations-manager-at-telus-digital-4430042570,Delivery Operations Manager,,scraped,2026-07-14T09:51:22.224160,
1a12cb7bd069a477,https://gt.linkedin.com/jobs/view/t%C3%A9cnico-de-ingenier%C3%ADa-at-soluci%C3%B3n-humana-consulting-4440382913,Técnico de Ingeniería,,scraped,2026-07-14T09:51:40.828462,
4a313333a42fb65b,https://gt.linkedin.com/jobs/view/ingeniero-de-aplicaciones-especialidad-en-sap-p%C3%A1ginas-web-y-aplicaciones-de-planta-at-progreso-4440355191,"INGENIERO DE APLICACIONES (ESPECIALIDAD EN SAP, PÁGINAS WEB Y APLICACIONES DE PLANTA)",,scraped,2026-07-14T09:51:48.929873,
d1f7b2a49fdc9a59,https://gt.linkedin.com/jobs/view/senior-scrum-master-id71660-at-agileengine-4439436682,Senior Scrum Master ID71660,AgileEngine,failed|wp_post_failed,2026-07-14T09:52:17.443432,
f9fd6be484c5be6a,https://gt.linkedin.com/jobs/view/bodeguero-de-repuestos-para-zona-9-boulevard-liberaci%C3%B3n-at-canella-s-a-4440388778,Bodeguero de Repuestos para zona 9 Boulevard Liberación,,scraped,2026-07-14T09:52:32.047895,
4f5d44c1b347dd70,https://gt.linkedin.com/jobs/view/crypto-sales-client-services-associate-at-veta-virtual-4439423214,Crypto Sales & Client Services Associate,,scraped,2026-07-14T09:52:45.625586,
a0097186aeb88253,https://gt.linkedin.com/jobs/view/asesor-a-integral-en-agencia-pradera-chiquimula-at-bam-4439542515,ASESOR/A INTEGRAL EN AGENCIA PRADERA CHIQUIMULA,,scraped,2026-07-14T09:52:51.688346,
70de55f6bc85841e,https://gt.linkedin.com/jobs/view/opt%C3%B3metra-at-din%C3%A1mica-consultor%C3%ADa-empresarial-4440089024,Optómetra,,scraped,2026-07-14T09:53:00.190496,
0079d15a6ad7294c,https://gt.linkedin.com/jobs/view/senior-product-owner-id70119-at-agileengine-4439437887,Senior Product Owner ID70119,AgileEngine,failed|wp_post_failed,2026-07-14T09:53:15.015256,
706822e9875a4827,https://gt.linkedin.com/jobs/view/ejecutivo-de-ventas-de-publicidad-digital-at-smartds-medialabs-4440356413,Ejecutivo de ventas de publicidad digital,,scraped,2026-07-14T09:53:17.649181,
6e6b5353fc5082be,https://gt.linkedin.com/jobs/view/senior-business-analyst-id77078-at-agileengine-4440362787,Senior Business Analyst ID77078,AgileEngine,failed|wp_post_failed,2026-07-14T09:53:41.679786,
dd60411344ad45a6,https://gt.linkedin.com/jobs/view/senior-program-manager-japanese-fluency-id75064-at-agileengine-4440374202,Senior Program Manager (Japanese fluency) ID75064,AgileEngine,failed|wp_post_failed,2026-07-14T09:53:56.262395,
f417c66dcd9a42ec,https://gt.linkedin.com/jobs/view/business-operations-analyst-i-at-conduent-4440399603,Business Operations Analyst I,Conduent,failed|wp_post_failed,2026-07-14T09:54:18.806388,
611834fa71dfdfc5,https://gt.linkedin.com/jobs/view/trafficker-digital-sr-at-code-crypto-marketing-4440322106,Trafficker Digital SR.,,scraped,2026-07-14T09:54:25.380001,
018e75c6a1adfc59,https://gt.linkedin.com/jobs/view/senior-program-manager-japanese-fluency-id75064-at-agileengine-4440078778,Senior Program Manager (Japanese fluency) ID75064,AgileEngine,failed|wp_post_failed,2026-07-14T09:54:39.945841,
b22896acf33b94c5,https://gt.linkedin.com/jobs/view/analista-servicio-al-cliente-at-activa-group-4439581782,Analista servicio al cliente,,scraped,2026-07-15T09:35:29.768979,
3af65c7e7ebe79f9,https://gt.linkedin.com/jobs/view/auxiliar-de-bodega-at-identity-guatemala-4437685314,Auxiliar de bodega,,scraped,2026-07-15T09:35:37.365738,
5425e19c6df83f79,https://gt.linkedin.com/jobs/view/auxiliar-de-bodega-at-identity-guatemala-4437681380,Auxiliar de bodega,,scraped,2026-07-15T09:35:52.408954,
8d14a725f6dfd92c,https://gt.linkedin.com/jobs/view/auxiliar-de-pagos-at-aseguradora-la-ceiba-4438039270,Auxiliar de Pagos,,scraped,2026-07-15T09:36:05.793487,
35a40d271de4ca74,https://gt.linkedin.com/jobs/view/auxiliar-de-bodega-y-reparto-at-identity-guatemala-4437645000,Auxiliar de Bodega y Reparto,,scraped,2026-07-15T09:36:12.978528,
6056d4181a4092bc,https://gt.linkedin.com/jobs/view/conserje-auxiliar-de-bodega-at-identity-guatemala-4437686261,Conserje  / Auxiliar de Bodega,,scraped,2026-07-15T09:36:23.661471,
15370ee1f80e1318,https://gt.linkedin.com/jobs/view/piloto-mensajero-%E2%80%93-zona-4-ciudad-de-guatemala-at-grupo-rolsa-4438549788,"Piloto Mensajero – Zona 4, Ciudad de Guatemala",Grupo Rolsa,posted,2026-07-15T09:36:54.929533,1594
f8eee7cd12b4ddb3,https://gt.linkedin.com/jobs/view/comprador-local-at-grupo-pb-4438949319,Comprador Local,Grupo PB,posted,2026-07-15T09:37:07.897435,1596
bae394438a84f5f4,https://gt.linkedin.com/jobs/view/reclutador-at-confidential-4440588196,Reclutador,Confidential,posted,2026-07-15T09:37:17.467713,1598
b9bdb343f57de293,https://gt.linkedin.com/jobs/view/piloto-licencia-a-at-peri%C3%B3dico-prensa-libre-4439909000,Piloto Licencia A,,scraped,2026-07-15T09:37:23.994011,
ffd4c25a6be68bf8,https://gt.linkedin.com/jobs/view/reclutador-operativo-de-campo-at-corporaci%C3%B3n-de-taxi-y-turismo-confianza-s-a-c-4437678570,Reclutador operativo de Campo,,scraped,2026-07-15T09:37:39.087924,
e5aae64c03d2e8b0,https://gt.linkedin.com/jobs/view/ai-product-manager-at-applaudo-4440800212,AI Product Manager,,scraped,2026-07-15T09:37:45.219708,
41530fcd6012ed38,https://gt.linkedin.com/jobs/view/piloto-repartidor-a-c-guatemala-at-cargill-4440069396,Piloto Repartidor(a) - C.Guatemala,Cargill,posted,2026-07-15T09:37:59.221981,1600
b2a8e744c6dee6db,https://gt.linkedin.com/jobs/view/digital-media-buyer-campaign-implementation-at-cheil-worldwide-4440853439,Digital Media Buyer (Campaign Implementation),,scraped,2026-07-15T09:38:05.918969,
07e5d66d541661f9,https://gt.linkedin.com/jobs/view/ejecutivo-de-servicio-al-cliente-at-ecopower-efici%C3%AAncia-energ%C3%A9tica-4440875972,Ejecutivo de Servicio al Cliente,EcoPower - Eficiência Energética,posted,2026-07-15T09:38:30.411018,1602
94fde033e5780595,https://gt.linkedin.com/jobs/view/tutor-para-aprendizaje-virtual-administraci%C3%B3n-de-empresas-at-universidad-del-valle-de-guatemala-4440847795,Tutor para Aprendizaje Virtual - Administración de Empresas,Universidad del Valle de Guatemala,posted,2026-07-15T09:38:43.973118,1604
18e96ce5425bdf46,https://gt.linkedin.com/jobs/view/analista-de-cumplimiento-normativo-at-banco-industrial-guatemala-4438025093,Analista de Cumplimiento Normativo,,scraped,2026-07-15T09:38:48.632834,
3be276d63b1d6730,https://gt.linkedin.com/jobs/view/auxiliar-contable-sin-experiencia-at-identity-guatemala-4437689129,Auxiliar Contable Sin Experiencia,,scraped,2026-07-15T09:38:56.166131,
b67501365a65b2d2,https://gt.linkedin.com/jobs/view/operador-2-at-corporaci%C3%B3n-multi-inversiones-4437624649,Operador 2,CMI-Corporación Multi Inversiones,posted,2026-07-15T09:39:19.529156,1606
c6c231359571f16a,https://gt.linkedin.com/jobs/view/director-a-de-financiaci%C3%B3n-y-alianzas-estrat%C3%A9gicas-%E2%80%93-guatemala-at-fundaci%C3%B3n-ayuda-en-acci%C3%B3n-4439468302,Director/a de Financiación y Alianzas Estratégicas – Guatemala,,scraped,2026-07-15T09:39:24.509075,
92e178c1daf7b425,https://gt.linkedin.com/jobs/view/auditor-for%C3%A1neo-villa-nueva-at-arium-4437618629,Auditor Foráneo Villa Nueva,Arium,posted,2026-07-15T09:39:55.153981,1608
b1144a5fd0d0cbb8,https://gt.linkedin.com/jobs/view/t%C3%A9cnico-de-selecci%C3%B3n-de-personal-at-vana-4440854923,Técnico de selección de personal,,scraped,2026-07-15T09:39:57.917570,
07379cf336b94ae9,https://gt.linkedin.com/jobs/view/coordinador-de-abastecimiento-at-postforming-s-a-4440063827,Coordinador de abastecimiento,"Postforming, S.A.",posted,2026-07-15T09:40:23.353308,1610
9a803944e8aad546,https://gt.linkedin.com/jobs/view/senior-product-owner-id70119-at-agileengine-4440378104,Senior Product Owner ID70119,AgileEngine,posted,2026-07-15T09:40:40.337181,1612
26c3aadcbb9f90b4,https://gt.linkedin.com/jobs/view/executive-recruiter-remote-work-at-bairesdev-4439872898,Executive Recruiter - Remote Work,BairesDev,posted,2026-07-15T09:40:45.720510,1143
3493f386948e75c1,https://gt.linkedin.com/jobs/view/dibujante-at-cosenza-rh-4439902352,Dibujante,,scraped,2026-07-15T09:40:50.378545,
79876ed47aa98b92,https://gt.linkedin.com/jobs/view/freelance-grabaci%C3%B3n-de-tareas-cotidianas-para-proyecto-de-ia-at-toloka-annotators-4440541420,Freelance: grabación de tareas cotidianas para proyecto de IA,Toloka Annotators,posted,2026-07-15T09:41:08.840990,1614
0027365e4de7df84,https://gt.linkedin.com/jobs/view/freelance-grabaci%C3%B3n-de-tareas-cotidianas-para-proyecto-de-ia-at-toloka-annotators-4440536587,Freelance: grabación de tareas cotidianas para proyecto de IA,Toloka Annotators,scraped,2026-07-15T09:41:12.980337,
beaffe3afb871e28,https://gt.linkedin.com/jobs/view/representante-de-servicio-al-cliente-at-aliaxis-latam-4437944631,REPRESENTANTE DE SERVICIO AL CLIENTE,,scraped,2026-07-15T09:41:17.703329,
2265b86fb2c8b977,https://gt.linkedin.com/jobs/view/application-security-engineer-checkmarx-sast-trabajo-remoto-ref%23298358-at-bairesdev-4440855569,Application Security Engineer (Checkmarx / SAST) - Trabajo Remoto | REF#298358,BairesDev,posted,2026-07-15T09:41:39.928080,1616
db644210ea85f91f,https://gt.linkedin.com/jobs/view/analista-de-auditor%C3%ADa-externa-temporal-at-cbc-4438005465,ANALISTA DE AUDITORÍA EXTERNA (TEMPORAL),cbc,posted,2026-07-15T09:41:56.788266,1618
23e6b466c029c0e3,https://gt.linkedin.com/jobs/view/application-security-engineer-checkmarx-sast-remote-work-ref%23298325-at-bairesdev-4440858577,Application Security Engineer (Checkmarx / SAST) - Remote Work | REF#298325,BairesDev,posted,2026-07-15T09:42:10.961711,1620
4630716a933f3fd8,https://gt.linkedin.com/jobs/view/asistente-comercial-experiencia-guatecompras-at-identity-guatemala-4437696071,Asistente Comercial Experiencia Guatecompras,,scraped,2026-07-15T09:42:17.517078,
bd4c88da0f20b82d,https://gt.linkedin.com/jobs/view/asesor-a-comercial-inmobiliario-at-propi-4440347458,Asesor/a Comercial Inmobiliario,Propi,posted,2026-07-15T09:42:40.960751,1622
fec02be6b2151270,https://gt.linkedin.com/jobs/view/creador-a-de-contenido-pov-para-ia-remoto-at-toloka-annotators-4440586032,Creador(a) de Contenido POV para IA - Remoto,Toloka Annotators,posted,2026-07-15T09:42:52.770098,1624
8fe5c1a2152d3e91,https://gt.linkedin.com/jobs/view/servici%C3%B3-al-cliente-at-identity-guatemala-4437694067,Servició al cliente,,scraped,2026-07-15T09:42:55.464689,
1fb919ba1aef8772,https://gt.linkedin.com/jobs/view/auxiliar-de-finanzas-at-j-t-express-guatemala-4440843868,Auxiliar de Finanzas,J&amp;T Express Guatemala,posted,2026-07-15T09:43:16.953216,1626
aaf042d56badfea6,https://gt.linkedin.com/jobs/view/design-lead-at-m%C3%A9trico-4438660362,DESIGN LEAD,,scraped,2026-07-15T09:43:21.601524,
4edc822d30890454,https://gt.linkedin.com/jobs/view/operador-de-producci%C3%B3n-3-at-corporaci%C3%B3n-multi-inversiones-4437624646,Operador de Producción 3,CMI-Corporación Multi Inversiones,posted,2026-07-15T09:43:39.620217,1628
cefb927395eda5f3,https://gt.linkedin.com/jobs/view/coordinador-de-sub-%C3%A1rea-de-producci%C3%B3n-villa-nueva-at-consultor%C3%ADa-plataforma-integral-de-empleo-4439917065,Coordinador de Sub-área de Producción / Villa Nueva,Consultoría Plataforma Integral de Empleo,posted,2026-07-15T09:43:48.934157,1630
373e35213f5faae5,https://gt.linkedin.com/jobs/view/gerente-de-bodega-at-cemaco-4437697565,Gerente de Bodega,,scraped,2026-07-15T09:43:57.487652,
6ee29d38fedb778e,https://gt.linkedin.com/jobs/view/piloto-preparador-de-veh%C3%ADculos-muxbal-at-cofi%C3%B1o-4440366812,Piloto Preparador de vehículos - Muxbal,,scraped,2026-07-15T09:44:06.063043,
0301e77ca3f9517b,https://gt.linkedin.com/jobs/view/operadores-de-sistemas-de-vigilancia-at-la-legi%C3%B3n-seguridad-4439906080,Operadores de Sistemas de vigilancia,La Legión Seguridad,posted,2026-07-15T09:44:23.472255,1632
651bf1d076f6641c,https://gt.linkedin.com/jobs/view/auxiliar-de-bodega-y-reparto-at-identity-guatemala-4437674873,Auxiliar de Bodega y Reparto,,scraped,2026-07-15T09:44:28.002696,
f2be9bb45fc5fc2e,https://gt.linkedin.com/jobs/view/coordinador-de-soporte-canales-digitales-at-multimoney-4439435885,Coordinador de Soporte Canales Digitales,MultiMoney,posted,2026-07-15T09:44:49.919078,1634
e312026a8f2e5106,https://gt.linkedin.com/jobs/view/solutions-architect-autodesk-latam-datech-solutions-at-td-synnex-4429807917,Solutions Architect - Autodesk LATAM (Datech Solutions),TD SYNNEX,posted,2026-07-15T09:45:07.771007,1636
ac07d0984981290d,https://gt.linkedin.com/jobs/view/operador-de-producci%C3%B3n-at-avient-corporation-4409614863,Operador de Producción,Avient Corporation,posted,2026-07-15T09:45:21.182064,1638
797ddea3d46d62a1,https://gt.linkedin.com/jobs/view/senior-site-reliability-engineer-sre-remote-work-at-bairesdev-4439918507,Senior Site Reliability Engineer (SRE) - Remote Work,BairesDev,posted,2026-07-15T09:45:36.247850,1450
2aef954a90121948,https://gt.linkedin.com/jobs/view/dependiente-de-tienda-megapaca-montserrat-at-megapaca-4438340722,Dependiente de tienda Megapaca Montserrat,,scraped,2026-07-15T09:45:40.792273,
9f01114114ba9f75,https://gt.linkedin.com/jobs/view/coordinador-de-gesti%C3%B3n-de-riesgos-at-5b-transacciones-y-transferencias-s-a-4440807950,Coordinador de gestión de riesgos,,scraped,2026-07-15T09:45:55.975350,
cdff81a8fe324920,https://gt.linkedin.com/jobs/view/auxiliar-contable-at-claro-guatemala-4440071084,Auxiliar contable,,scraped,2026-07-15T09:46:07.415551,
b4a2d103937a1d82,https://gt.linkedin.com/jobs/view/contador-junior-at-rh-inmova-4439392890,Contador Junior,RH INMOVA,posted,2026-07-15T09:46:20.988319,1153
8ee76f59b80a6ca1,https://gt.linkedin.com/jobs/view/subgerente-de-transportes-at-walmart-4440086462,Subgerente de Transportes,Walmart,posted,2026-07-15T09:46:34.652048,1640
cf8abb8df069d046,https://gt.linkedin.com/jobs/view/trainer-remote-at-viva-talent-4440803984,Trainer (Remote),Viva Talent,posted,2026-07-15T09:46:47.049505,1642
3e88bf29bf613434,https://gt.linkedin.com/jobs/view/key-account-manager-consumer-electronics-at-lg-electronics-4440575309,Key Account Manager Consumer Electronics,,scraped,2026-07-15T09:46:49.758478,
7304aed78e82c327,https://gt.linkedin.com/jobs/view/secretaria-administrativa-at-autoventas-el-maestro-4390660652,Secretaria administrativa,Autoventas El Maestro,posted,2026-07-15T09:47:13.592802,1644
84bcba24f1c28c9b,https://gt.linkedin.com/jobs/view/analista-de-recursos-humanos-excel-avazado-y-power-bi-at-empresa-confidencial-4439951536,ANALISTA DE RECURSOS HUMANOS ( EXCEL AVAZADO Y POWER BI),Empresa Confidencial,posted,2026-07-15T09:47:31.310396,1646
5c52cf8f2bba3569,https://gt.linkedin.com/jobs/view/analista-ii-administraci%C3%B3n-de-par%C3%A1metros-at-bantrab-4438896282,Analista II Administración de Parámetros,Bantrab,posted,2026-07-15T09:47:51.943686,1648
c8f1938e6fba9ab5,https://gt.linkedin.com/jobs/view/asesor-a-de-ventas-at-multiequipos-4440384049,Asesor (a) de Ventas,,scraped,2026-07-15T09:47:56.560242,
dce985c54f5fea84,https://gt.linkedin.com/jobs/view/asistente-de-laboratorio-at-estrategia-y-talento-4439897688,Asistente de Laboratorio,Estrategia y Talento,posted,2026-07-15T09:48:17.399057,1650
35d3c52e243d85c9,https://gt.linkedin.com/jobs/view/asistentes-de-auditor%C3%ADa-at-moore-d%C3%ADaz-reyes-4440849730,Asistentes de Auditoría,Moore Díaz Reyes,posted,2026-07-15T09:48:32.465380,1652
9b91d738485a2e26,https://gt.linkedin.com/jobs/view/asesor-de-ventas-industrial-at-lubtrac-4440083539,Asesor de Ventas Industrial,Lubtrac,posted,2026-07-15T09:48:47.197952,1654
48b0779d18251c35,https://gt.linkedin.com/jobs/view/encargado-bodega-chinautla-at-bioproyectos-de-ingenier%C3%ADa-s-a-4440070246,Encargado Bodega Chinautla,,scraped,2026-07-15T09:48:49.724084,
44b503256263b054,https://gt.linkedin.com/jobs/view/retail-service-agent-guad-at-fedex-4439373843,Retail Service Agent GUAD,FedEx,posted,2026-07-15T09:49:05.390370,1656
9d501fbb952685d6,https://gt.linkedin.com/jobs/view/electricista-at-polyproductos-4233446942,Electricista,Polyproductos,posted,2026-07-15T09:49:19.517756,1658
8751dd074354574c,https://gt.linkedin.com/jobs/view/gerencia-regional-de-compras-at-conectividad-guatemala-4440857742,Gerencia regional de compras,Conectividad Guatemala,posted,2026-07-15T09:49:33.765871,1660
614ec28aaede56a2,https://gt.linkedin.com/jobs/view/buscamos-socio-a-director-a-de-expansi%C3%B3n-%E2%80%93-guatemala-aicad-business-school-at-aicad-4439147676,Buscamos Socio/a Director/a de Expansión – Guatemala | AICAD Business School.,AICAD Business School,posted,2026-07-15T09:49:45.876710,1662
6f554765d78c1919,https://gt.linkedin.com/jobs/view/full-stack-developer-java-%2B-kotlin-%2B-react-remote-latin-america-at-fullstack-4438663748,Full Stack Developer (Java + Kotlin + React) - Remote - Latin America,FullStack,posted,2026-07-15T09:49:54.807376,1081
ee35a512d39c118e,https://gt.linkedin.com/jobs/view/full-stack-developer-java-%2B-kotlin-%2B-react-remote-latin-america-at-fullstack-4438680060,Full Stack Developer (Java + Kotlin + React) - Remote - Latin America,FullStack,posted,2026-07-15T09:50:00.277387,1081
1967def59f2aff87,https://gt.linkedin.com/jobs/view/asesor-t%C3%A9cnico-vista-hermosa-at-cofi%C3%B1o-4440380096,Asesor Técnico - Vista Hermosa,,scraped,2026-07-15T09:50:34.940989,
a7592507f4530c9e,https://gt.linkedin.com/jobs/view/auxiliar-administrativo-de-rr-hh-at-code-crypto-marketing-4440327214,Auxiliar administrativo de RR. HH.,,scraped,2026-07-15T09:51:03.905823,
fc13b6a1587f3b56,https://gt.linkedin.com/jobs/view/auxiliar-contable-at-soliscolomer-4440339866,Auxiliar contable,,scraped,2026-07-15T09:51:10.507170,
c59088f3a65a3c47,https://gt.linkedin.com/jobs/view/auxiliar-de-procesos-at-empresa-confidencial-4440064558,Auxiliar de procesos,Empresa Confidencial,posted,2026-07-15T09:51:26.658802,1664
5cca55adf7f82fd5,https://gt.linkedin.com/jobs/view/sdr-sales-development-representative-gt-3-at-core-code-io-4438379760,SDR (Sales Development Representative) GT 3,Core Code io,posted,2026-07-15T09:51:37.193632,1666
c847b698ecbe2a68,https://gt.linkedin.com/jobs/view/coordinador-de-cl%C3%ADnicas-m%C3%A9dicas-at-corporaci%C3%B3n-multi-inversiones-4424101481,Coordinador de clínicas médicas,CMI-Corporación Multi Inversiones,posted,2026-07-15T09:51:55.607722,1668
3a7e2d00236cd746,https://gt.linkedin.com/jobs/view/especialista-de-ciencia-y-anal%C3%ADtica-de-datos-at-bantrab-4440085019,Especialista de Ciencia y Analítica de Datos,Bantrab,posted,2026-07-15T09:52:14.891863,1670
12c25ca913ba5bec,https://gt.linkedin.com/jobs/view/peya-markets-intern-at-pedidosya-4423245025,PeYa Markets Intern,,scraped,2026-07-15T09:52:21.599417,
ea46d568bd528f0a,https://gt.linkedin.com/jobs/view/sr-sdet-gaming-industry-at-perform-4362287431,Sr. SDET (Gaming Industry),Perform,posted,2026-07-15T09:52:42.554967,1672
2cc41aef81d3b1c4,https://gt.linkedin.com/jobs/view/cajero-y-dependiente-de-tienda-zona-16-at-people-evolution-4439998101,Cajero y Dependiente de Tienda (Zona 16),,scraped,2026-07-15T09:52:45.191072,
cb6fb27831fcfee9,https://gt.linkedin.com/jobs/view/senior-seo-content-strategist-at-veta-virtual-4439870408,Senior SEO Content Strategist,,scraped,2026-07-15T09:52:53.736446,
3505cabcc839533b,https://gt.linkedin.com/jobs/view/asistente-contable-biling%C3%BCe-at-miscorp-s-a-4439858994,Asistente contable Bilingüe,,scraped,2026-07-15T09:53:02.180392,
16dacf1b12ee0332,https://gt.linkedin.com/jobs/view/guest-relations-specialist-at-cs-outsource-4439464580,Guest Relations Specialist,CS Outsource,posted,2026-07-15T09:53:18.723406,1674
0cbd350d28df627e,https://gt.linkedin.com/jobs/view/key-account-manager-away-from-home-traditional-trade-afh-at-pepsico-4437625828,Key Account Manager Away From Home Traditional Trade (AFH),PepsiCo,posted,2026-07-15T09:53:30.567246,1676
3c9c102120c9dcda,https://gt.linkedin.com/jobs/view/contador-general-at-pacifiko-4437624847,Contador General,,scraped,2026-07-15T09:53:33.133466,
0e48778abb9c8778,https://gt.linkedin.com/jobs/view/mec%C3%A1nico-de-diesel-de-transporte-pesado-at-truckslogic-4439984629,Mecánico de Diesel de Transporte Pesado,,scraped,2026-07-15T09:53:40.399191,
31220585c50b4932,https://gt.linkedin.com/jobs/view/trainee-de-desarrollo-de-negocios-at-carol-montenegro-rrhh-4440355580,Trainee de Desarrollo de Negocios,Carol Montenegro RRHH,posted,2026-07-15T09:53:58.570548,1678
2d896461b678cda1,https://gt.linkedin.com/jobs/view/asistente-contable-biling%C3%BCe-zona-12-at-cb-center-guatemala-4439895737,Asistente Contable Bilingüe - Zona 12,,scraped,2026-07-15T09:54:11.220896,
827b1ea165db80ad,https://gt.linkedin.com/jobs/view/coordinador-de-capital-humano-ingl%C3%A9s-intermedio-b2-at-cibus-holdings-4438038222,Coordinador de Capital Humano - Inglés Intermedio B2,CIBUS Holdings,posted,2026-07-15T09:54:28.032189,1680
e1e8837f9f413f9b,https://gt.linkedin.com/jobs/view/dise%C3%B1ador-gr%C3%A1fico-industrial-at-agencia-de-recursos-humanos-inmova-4432896523,Diseñador gráfico/Industrial,Agencia de Recursos Humanos INMOVA,posted,2026-07-15T09:54:40.581205,1682
95373eff28b7287e,https://gt.linkedin.com/jobs/view/desarrollador-de-programas-at-grupo-codaca-4440862075,Desarrollador de Programas,,scraped,2026-07-15T09:54:45.389941,
a11d9c81f8b3ac9b,https://gt.linkedin.com/jobs/view/asesor-comercial-centro-comercial-portales-at-hola-moda-4437221869,ASESOR COMERCIAL CENTRO COMERCIAL PORTALES,Hola Moda,posted,2026-07-15T09:54:59.417126,1684
f2228561eb03bf2a,https://gt.linkedin.com/jobs/view/consultor-preventa-tecnolog%C3%ADa-at-nexsys-centroam%C3%A9rica-y-caribe-4439926530,Consultor Preventa - Tecnología,,scraped,2026-07-15T09:55:02.110903,
cf807a44c380da13,https://gt.linkedin.com/jobs/view/gerente-de-mercadeo-qsr-at-manpowergroup-caribe-y-centroam%C3%A9rica-4440880072,Gerente de Mercadeo  - QSR,,scraped,2026-07-15T09:55:11.465398,
5781853866e5730d,https://gt.linkedin.com/jobs/view/auxiliar-contable-y-administrativo-at-tas-tecnolog%C3%ADa-acceso-seguridad-4437623958,Auxiliar contable y administrativo,,scraped,2026-07-15T09:55:23.942487,
7a4e42427adcee52,https://gt.linkedin.com/jobs/view/coach-de-debate-servicios-profesionales-at-universidad-del-valle-de-guatemala-4440846853,Coach de Debate - Servicios Profesionales,Universidad del Valle de Guatemala,posted,2026-07-15T09:55:44.312760,1686
aac19671ec4187ad,https://gt.linkedin.com/jobs/view/ejecutivo-a-de-captaci%C3%B3n-bancario-at-excellence-consulting-latam-4437698380,Ejecutivo(a) de Captación (Bancario),Excellence Consulting LATAM,posted,2026-07-15T09:55:58.353560,1688
fc6638e41bc106ee,https://gt.linkedin.com/jobs/view/full-stack-engineer-react-%2B-kotlin-remote-latin-america-at-fullstack-4432034306,Full Stack Engineer (React + Kotlin) - Remote - Latin America,FullStack,posted,2026-07-15T09:56:07.494233,957
3505ec2e2e2b9c7f,https://gt.linkedin.com/jobs/view/full-stack-engineer-react-%2B-kotlin-remote-latin-america-at-fullstack-4432040188,Full Stack Engineer (React + Kotlin) - Remote - Latin America,FullStack,posted,2026-07-15T09:56:12.455317,957
1c007366cc6e7500,https://gt.linkedin.com/jobs/view/cloud-architect-gcp-at-applaudo-4439319773,Cloud Architect (GCP),,scraped,2026-07-15T09:56:15.245566,
c841aca1bd63ce40,https://gt.linkedin.com/jobs/view/supervisor-de-cobros-at-identity-guatemala-4438030491,Supervisor de Cobros,,scraped,2026-07-15T09:56:25.797890,
b44f3fdcbdfd1b1e,https://gt.linkedin.com/jobs/view/barista-at-habita-cafe-4440883705,Barista,Habita Cafe,posted,2026-07-15T09:56:57.466679,1690
3ae7987503ddafbf,https://gt.linkedin.com/jobs/view/direcci%C3%B3n-ejecutiva-at-realgirl-serni%C3%B1a-4439900253,Dirección Ejecutiva,REALgirl (SERniña),posted,2026-07-15T09:57:08.503490,1692
384645b1b99efe43,https://gt.linkedin.com/jobs/view/t%C3%A9cnico-analista-fisicoqu%C3%ADmico-experiencia-en-alimentos-at-confidencial-4431716642,Técnico Analista Fisicoquímico experiencia en Alimentos,Confidencial,posted,2026-07-15T09:57:18.577166,1694
b5f28acb23eb4661,https://gt.linkedin.com/jobs/view/consultor-funcional-de-cuentas-sap-at-indra-group-4439873442,Consultor Funcional de Cuentas SAP,,scraped,2026-07-15T09:57:25.211689,
219275c03960bb91,https://gt.linkedin.com/jobs/view/senior-scrum-master-id71660-at-agileengine-4440374198,Senior Scrum Master ID71660,AgileEngine,posted,2026-07-15T09:57:43.617279,1696
164c578663707740,https://gt.linkedin.com/jobs/view/asesor-comercial-segmento-panificaci%C3%B3n-at-distribuidora-del-caribe-4437696386,Asesor Comercial Segmento Panificación,,scraped,2026-07-15T09:57:46.169367,
e009705eb3023ae9,https://gt.linkedin.com/jobs/view/jefe-comercial-seguros-at-grupo-ficohsa-gt-4439424874,Jefe comercial seguros,Grupo Ficohsa GT,posted,2026-07-15T09:58:06.282335,1698
9fe5f768ba2954ce,https://gt.linkedin.com/jobs/view/devops-engineer-gt-3-at-core-code-io-4437924964,DevOps Engineer GT 3,Core Code io,posted,2026-07-15T09:58:16.198968,1700
ba061c510b5e9ce8,https://gt.linkedin.com/jobs/view/medical-advisor-asesor-m%C3%A9dico-cient%C3%ADfico-at-exeltis-4438021900,MEDICAL ADVISOR / ASESOR MÉDICO CIENTÍFICO,,scraped,2026-07-15T09:58:20.854326,
878685878259c549,https://gt.linkedin.com/jobs/view/asistente-de-proyectos-4440844372,Asistente de proyectos,Gabriela García,posted,2026-07-15T09:58:39.650580,1702
e16c1f35f695bf26,https://gt.linkedin.com/jobs/view/asesor-financiero-banco-azteca-linda-vista-at-grupo-salinas-guatemala-4438029550,Asesor Financiero Banco Azteca Linda Vista,Grupo Salinas Guatemala,posted,2026-07-15T09:58:52.879328,1704
8be63739741122b2,https://gt.linkedin.com/jobs/view/especialista-de-proyectos-de-infraestructura-zona-15-at-arium-4438017722,Especialista de Proyectos de Infraestructura - Zona 15,Arium,posted,2026-07-15T09:59:04.579494,1706
71122bf0bc08596b,https://gt.linkedin.com/jobs/view/jefe-de-contabilidad-4440849383,Jefe de contabilidad,Hormigon Express,posted,2026-07-15T09:59:13.335276,1708
a93e094cfb964f58,https://gt.linkedin.com/jobs/view/ejecutivo-de-ventas-ciberseguridad-at-manpowergroup-4440579679,Ejecutivo de Ventas - Ciberseguridad,ManpowerGroup,posted,2026-07-15T09:59:30.253017,1710
2dfe171768b99083,https://gt.linkedin.com/jobs/view/seo-specialist-at-veta-virtual-4439857749,SEO Specialist,,scraped,2026-07-15T09:59:32.913263,
71e422d934979e94,https://gt.linkedin.com/jobs/view/program-manager-at-applaudo-4440592531,Program Manager,,scraped,2026-07-15T09:59:39.100769,
b948fb9bcf22d177,https://gt.linkedin.com/jobs/view/supervisor-de-supermercados-escuintla-at-cb-center-guatemala-4440579352,Supervisor de Supermercados Escuintla,,scraped,2026-07-15T09:59:45.446754,
9dd324f4dc6ef710,https://gt.linkedin.com/jobs/view/dise%C3%B1ador-interiores-boca-del-monte-villa-canales-4440864062,Diseñador Interiores (Boca del Monte Villa Canales),DIACORPORACION,posted,2026-07-15T10:00:06.566622,1712
fc662b1db2128cf1,https://gt.linkedin.com/jobs/view/software-engineer-web-id76971-at-agileengine-4440873919,Software Engineer (Web) ID76971,AgileEngine,posted,2026-07-15T10:00:19.224144,1714
904711af194015dc,https://gt.linkedin.com/jobs/view/ingeniero-de-ventas-at-ideastalento-4439356325,Ingeniero de ventas,,scraped,2026-07-15T10:00:21.856307,
6c0a18a9d795dde1,https://gt.linkedin.com/jobs/view/anfitrion-a-de-servicio-al-cliente-quetzaltenango-at-talento-efectivo-4440382063,ANFITRION/A DE SERVICIO AL CLIENTE / QUETZALTENANGO,,scraped,2026-07-15T10:00:30.776780,
a1a54256ca141a24,https://gt.linkedin.com/jobs/view/arquitecto-de-datos-e-inteligencia-artificial-at-canella-s-a-4440076132,ARQUITECTO DE DATOS E INTELIGENCIA ARTIFICIAL,,scraped,2026-07-15T10:00:41.942890,
b265d65cbe5e2b8c,https://gt.linkedin.com/jobs/view/staff-accountant-at-veta-virtual-4439865511,Staff Accountant,,scraped,2026-07-15T10:00:55.565736,
11642d6146e3b823,https://gt.linkedin.com/jobs/view/coordinadora-de-mercadeo-at-hrm-4439379189,Coordinadora de Mercadeo,HRM,posted,2026-07-15T10:01:12.824711,1716
7dea3271f88dd5ac,https://gt.linkedin.com/jobs/view/soporte-t%C3%A9cnico-temporal-at-grupo-sega-4439741867,Soporte técnico temporal,,scraped,2026-07-15T10:01:21.489424,
9226f2fef2efeba5,https://gt.linkedin.com/jobs/view/asesor-de-ventas-de-tecnologia-at-slc-trade-4440856519,Asesor de Ventas de Tecnologia,,scraped,2026-07-15T10:01:30.030836,
8b76ab50cac31b4c,https://gt.linkedin.com/jobs/view/supervisor-proyectos-electricos-at-electrica-s-a-4344698479,supervisor proyectos electricos,,scraped,2026-07-15T10:01:36.832634,
e32935ed88df10d7,https://gt.linkedin.com/jobs/view/supervisor-de-ventas-para-puntos-retail-sector-tecnologia-at-conecta-reclutamiento-4440853167,SUPERVISOR DE VENTAS PARA PUNTOS RETAIL (SECTOR TECNOLOGIA),Conecta Reclutamiento,posted,2026-07-15T10:01:53.932151,1718
67ea7a349004dc6b,https://gt.linkedin.com/jobs/view/vendedor-de-productos-proyectos-el%C3%A9ctricos-at-proelectric-s-a-4439449463,Vendedor de Productos / Proyectos Eléctricos,"Proelectric, S.A.",posted,2026-07-15T10:02:06.724705,1720
77dfb36329427683,https://gt.linkedin.com/jobs/view/l%C3%ADder-de-ventas-en-campo-at-flushing-cosmetics-4440062183,Líder de Ventas en Campo,,scraped,2026-07-15T10:02:09.335350,
1b8b40557611e10a,https://gt.linkedin.com/jobs/view/seo-content-strategist-at-scale-army-careers-4437325465,SEO Content Strategist,Scale Army Careers,posted,2026-07-15T10:02:27.417487,1722
89475b35e8f6f96a,https://gt.linkedin.com/jobs/view/software-engineer-mobile-id76367-at-agileengine-4439891104,Software Engineer (Mobile) ID76367,AgileEngine,posted,2026-07-15T10:02:42.418047,1724
19a4d4b54967a9d0,https://gt.linkedin.com/jobs/view/software-engineer-mobile-id76367-at-agileengine-4440872954,Software Engineer (Mobile) ID76367,AgileEngine,posted,2026-07-15T10:02:47.532216,1724
3a40a6be7a1796db,https://gt.linkedin.com/jobs/view/promotor-maestro-%E2%80%93-programa-educativo-4440865929,Promotor/Maestro – Programa Educativo,Media,posted,2026-07-15T10:03:04.705476,1726
21ae01985e593117,https://gt.linkedin.com/jobs/view/corporate-travel-and-mobility-agent-remote-work-at-bairesdev-4439891429,Corporate Travel and Mobility Agent - Remote Work,BairesDev,posted,2026-07-15T10:03:13.717230,1478
ee32544ad75ef9f3,https://gt.linkedin.com/jobs/view/ejecutivo-de-cuentas-y-ventas-de-uniformes-corporativos-at-grupo-distefano-4440329257,Ejecutivo de cuentas y ventas de Uniformes Corporativos,,scraped,2026-07-15T10:03:18.290498,
a1d1f3ccc841e550,https://gt.linkedin.com/jobs/view/lead-ai-integration-engineer-at-3pillar-4436164906,Lead AI Integration Engineer,3Pillar,posted,2026-07-15T10:03:34.707991,1728
c71f9ff41e15c70f,https://gt.linkedin.com/jobs/view/lead-backend-engineer-id76299-at-agileengine-4439875594,Lead Backend Engineer ID76299,AgileEngine,posted,2026-07-15T10:03:52.916418,1730
fd73f5e9fee505ae,https://gt.linkedin.com/jobs/view/senior-devops-engineer-id77081-at-agileengine-4439871872,Senior DevOps Engineer ID77081,AgileEngine,posted,2026-07-15T10:04:07.474311,1732
d53592fd0d5d9c15,https://gt.linkedin.com/jobs/view/gerente-de-construcci%C3%B3n-at-grupo-san-siro-4438825599,Gerente de Construcción,,scraped,2026-07-15T10:04:12.108813,
f5476666be8f2e21,https://gt.linkedin.com/jobs/view/dibujante-constructivo-4440346724,Dibujante Constructivo,Proyectos a la Medida,posted,2026-07-15T10:04:23.982666,1734
626966e013e690c6,https://gt.linkedin.com/jobs/view/technical-sales-consultant-telus-digital-guatemala-at-telus-digital-4437689446,Technical Sales Consultant - TELUS Digital Guatemala,,scraped,2026-07-15T10:04:26.686129,
c5421e30dbc32dfe,https://gt.linkedin.com/jobs/view/it-operations-analyst-ii-at-conduent-4440509253,IT Operations Analyst II,Conduent,posted,2026-07-15T10:04:41.686924,1736
f784ea2ecdfc65ac,https://gt.linkedin.com/jobs/view/product-designer-figma-%2B-agentic-ai-remote-latin-america-at-fullstack-4421234919,Product Designer (Figma + Agentic AI) - Remote - Latin America,FullStack,posted,2026-07-15T10:04:46.818840,1452
000b02a9509f7ad5,https://gt.linkedin.com/jobs/view/customer-experience-associate-iv-at-conduent-4440540919,Customer Experience Associate IV,Conduent,posted,2026-07-15T10:04:57.311840,1738
dae344c7c833ed91,https://gt.linkedin.com/jobs/view/executive-headhunter-remote-work-at-bairesdev-4439898382,Executive Headhunter - Remote Work,BairesDev,posted,2026-07-16T09:40:08.807978,759
13918d2ad66d281a,https://gt.linkedin.com/jobs/view/executive-headhunter-remote-work-at-bairesdev-4439884860,Executive Headhunter - Remote Work,BairesDev,posted,2026-07-16T09:40:13.973113,759
eac90dec4ddf3ce7,https://gt.linkedin.com/jobs/view/arqueador-at-pepsico-4438041066,Arqueador,PepsiCo,posted,2026-07-16T09:40:24.334972,1740
abb91246eec3ba0b,https://gt.linkedin.com/jobs/view/talent-acquisition-sourcer-latam-at-ovation-law-firm-4440276904,Talent Acquisition Sourcer (LATAM),Ovation Law Firm,posted,2026-07-16T09:40:39.836371,1742
e7d92ed2ad3b6c60,https://gt.linkedin.com/jobs/view/comsec-technician-at-peraton-4440602300,COMSEC Technician,Peraton,posted,2026-07-16T09:40:46.616781,1548
c429364b7aadfd77,https://gt.linkedin.com/jobs/view/empacador-de-frituras-polifuncional-at-identity-guatemala-4438083939,Empacador de frituras (Polifuncional),,scraped,2026-07-16T09:40:51.201165,
d46b31d26d7d2ad4,https://gt.linkedin.com/jobs/view/auxiliar-de-tienda-santa-clara-at-miniso-colombia-4440854879,Auxiliar de Tienda-Santa Clara,,scraped,2026-07-16T09:41:04.796831,
e7fed80f18938810,https://gt.linkedin.com/jobs/view/asistente-comercial-y-facturador-at-istaff-guatemala-4440258372,Asistente comercial y facturador,,scraped,2026-07-16T09:41:13.308067,
4ee8bc15c5e80e30,https://gt.linkedin.com/jobs/view/recepcionista-secretaria-ejecutiva-at-identity-guatemala-4438433943,Recepcionista / Secretaria Ejecutiva,,scraped,2026-07-16T09:41:25.450279,
d702d220763f36f2,https://gt.linkedin.com/jobs/view/presupuestador-de-obra-gris-at-e4-4441240295,Presupuestador de Obra Gris,,scraped,2026-07-16T09:41:42.083915,
36010d285591d242,https://gt.linkedin.com/jobs/view/talent-acquisition-specialist-latam-at-ovation-law-firm-4440278822,Talent Acquisition Specialist (LATAM),Ovation Law Firm,posted,2026-07-16T09:41:55.171866,1744
e5fd2af43d4f1793,https://gt.linkedin.com/jobs/view/paid-media-trafficker-media-buyer-at-gentech-marketing-4441203539,Paid Media Trafficker / Media Buyer,GenTech Marketing,posted,2026-07-16T09:42:10.230771,1746
f81bcfa37a4cc30c,https://gt.linkedin.com/jobs/view/import-export-specialist-air-freight-at-lean-solutions-group-4440848579,Import Export Specialist (Air Freight),Lean Solutions Group,posted,2026-07-16T09:42:29.001305,1748
915713ebd55c5c18,https://gt.linkedin.com/jobs/view/gestor-de-cobros-at-cyneros-s-a-4441264485,Gestor de cobros,Cyneros S. A.,posted,2026-07-16T09:42:41.247582,1750
66df4bc6138cfbf0,https://gt.linkedin.com/jobs/view/freelance-grabaci%C3%B3n-de-tareas-cotidianas-para-proyecto-de-ia-at-toloka-annotators-4440542337,Freelance: grabación de tareas cotidianas para proyecto de IA,Toloka Annotators,posted,2026-07-16T09:42:56.249280,1752
8c6571ee5bb58019,https://gt.linkedin.com/jobs/view/process-innovation-analyst-at-blue-medical-guatemala-4440591422,Process & Innovation Analyst,,scraped,2026-07-16T09:42:58.914509,
1aea4e677b37988c,https://gt.linkedin.com/jobs/view/auxiliar-de-cr%C3%A9ditos-y-cobros-at-identity-guatemala-4438087835,Auxiliar de Créditos y Cobros,,scraped,2026-07-16T09:43:07.496035,
837f62f46eb34f0e,https://gt.linkedin.com/jobs/view/modelador-de-procesos-at-sistemas-th-4440377248,Modelador de Procesos,Sistemas TH,posted,2026-07-16T09:43:29.172110,1754
73cff04d8e550317,https://gt.linkedin.com/jobs/view/servicios-profesionales-de-consultor%C3%ADa-para-la-migraci%C3%B3n-de-contenido-al-cms-terminalfour-at-universidad-del-valle-de-guatemala-4441279329,Servicios Profesionales de Consultoría para la Migración de Contenido al CMS Terminalfour,Universidad del Valle de Guatemala,posted,2026-07-16T09:43:41.340800,1756
49d548da41fd47f1,https://gt.linkedin.com/jobs/view/inspector-de-aseguramiento-de-la-calidad-diurno-hombre-at-central-agr%C3%ADcola-4441409521,Inspector de Aseguramiento de la Calidad Diurno - Hombre,,scraped,2026-07-16T09:43:44.012980,
27fafa22ab3563e4,https://gt.linkedin.com/jobs/view/career-framework-specialist-remote-work-at-bairesdev-4439893090,Career Framework Specialist - Remote Work,BairesDev,posted,2026-07-16T09:44:13.551448,1145
69589b23abde6841,https://gt.linkedin.com/jobs/view/hiring-journey-analyst-remote-work-at-bairesdev-4439897599,Hiring Journey Analyst - Remote Work,BairesDev,posted,2026-07-16T09:44:18.255545,897
4b825ef336756345,https://gt.linkedin.com/jobs/view/crm-manager-remote-work-at-bairesdev-4440225122,CRM Manager - Remote Work,BairesDev,posted,2026-07-16T09:44:23.027478,901
5d7910682102338a,https://gt.linkedin.com/jobs/view/verificador-de-bodega-barberena-at-cbc-4438019803,VERIFICADOR DE BODEGA BARBERENA,cbc,posted,2026-07-16T09:44:34.899288,1758
2c294438974867e7,https://gt.linkedin.com/jobs/view/staffing-solution-architect-remote-work-at-bairesdev-4439880100,Staffing Solution Architect - Remote Work,BairesDev,posted,2026-07-16T09:44:39.629688,1329
f5b2068294960a82,https://gt.linkedin.com/jobs/view/talent-acquisition-analyst-remote-work-at-bairesdev-4440243264,Talent Acquisition Analyst - Remote Work,BairesDev,posted,2026-07-16T09:44:44.547589,721
674dce7bcd22e12c,https://gt.linkedin.com/jobs/view/conserje-at-identity-guatemala-4438087837,Conserje,,scraped,2026-07-16T09:44:47.184462,
be82e9297248d397,https://gt.linkedin.com/jobs/view/gestor-de-aduanas-at-identity-guatemala-4438088796,Gestor de Aduanas,,scraped,2026-07-16T09:44:59.020550,
18d18e0a44133952,https://gt.linkedin.com/jobs/view/analista-de-reclamos-at-aseguradora-la-ceiba-4438436908,Analista de Reclamos,,scraped,2026-07-16T09:45:07.856538,
bee0203a55923acc,https://gt.linkedin.com/jobs/view/valuador-junior-bienes-inmuebles-at-banco-industrial-guatemala-4438005475,Valuador Junior: Bienes Inmuebles,,scraped,2026-07-16T09:45:16.655125,
bb1c29b6d657e5a9,https://gt.linkedin.com/jobs/view/coordinador-legal-corporativo-at-corporaci%C3%B3n-multi-inversiones-4440842961,Coordinador Legal Corporativo,CMI-Corporación Multi Inversiones,posted,2026-07-16T09:45:36.197243,1760
9e95ce251706fa46,https://gt.linkedin.com/jobs/view/auxiliar-contable-zona-7-at-hrm-consulting-4440887320,Auxiliar contable zona 7,,scraped,2026-07-16T09:45:38.775359,
88ac7d28a76d363a,https://gt.linkedin.com/jobs/view/impulsador-a-at-identity-guatemala-4437688194,Impulsador (a),,scraped,2026-07-16T09:45:48.493751,
0899761e785c6a36,https://gt.linkedin.com/jobs/view/analista-de-bienestar-y-comunicaci%C3%B3n-at-confidential-4438030280,ANALISTA DE BIENESTAR Y COMUNICACIÓN,Confidential,posted,2026-07-16T09:46:05.633974,1762
bec27858c9dcfa00,https://gt.linkedin.com/jobs/view/digitador-de-ducas-at-istaff-guatemala-4440250736,Digitador de ducas,,scraped,2026-07-16T09:46:14.578695,
92730aa777aad645,https://gt.linkedin.com/jobs/view/recepcionista-de-almac%C3%A9n-at-identity-guatemala-4438081867,Recepcionista de Almacén,,scraped,2026-07-16T09:46:22.560847,
bd49173217b015b3,https://gt.linkedin.com/jobs/view/dwz-analista-financiero-sr-at-the-darwinzone-4438432722,DWZ - ANALISTA FINANCIERO SR,,scraped,2026-07-16T09:47:07.033532,
32271a5727b77c2c,https://gt.linkedin.com/jobs/view/asistente-del-area-comercial-at-rh-inmova-4441288319,Asistente del Area Comercial,RH INMOVA,posted,2026-07-16T09:47:30.536151,1764
70be868624d83767,https://gt.linkedin.com/jobs/view/analista-gis-junior-at-innova-hr-solutions-gt-4441235457,Analista GIS Junior,Innova HR solutions GT,posted,2026-07-16T09:47:45.339585,1766
7b73d349a514ece4,https://gt.linkedin.com/jobs/view/asistente-administrativo-de-finanzas-at-grupo-bimbo-4437691842,Asistente Administrativo de Finanzas,Grupo Bimbo,posted,2026-07-16T09:47:59.007276,1768
e896436ef6e308bf,https://gt.linkedin.com/jobs/view/dependiente-de-tienda-megapaca-los-celajes-quich%C3%A9-at-megapaca-4440266179,Dependiente de Tienda Megapaca Los Celajes Quiché,,scraped,2026-07-16T09:48:01.599418,
8b107adad97e2601,https://gt.linkedin.com/jobs/view/cajero-auxiliar-sdb-iztapa-escuintla-at-grupo-de-tiendas-asociadas-s-a-4439890844,Cajero Auxiliar SDB Iztapa Escuintla,,scraped,2026-07-16T09:48:08.662068,
59a198417d3cc30d,https://gt.linkedin.com/jobs/view/asesor-a-de-ventas-en-centro-comercial-trabajo-en-carretera-a-el-salvador-at-bpo361-4440879838,Asesor/a de Ventas en Centro Comercial - Trabajo en Carretera a El Salvador,BPO361,posted,2026-07-16T09:48:23.760086,1770
76188b21b862c063,https://gt.linkedin.com/jobs/view/bimbo-global-trainee-program-guatemala-at-cia-de-talentos-latam-4438426256,Bimbo Global Trainee Program - Guatemala,,scraped,2026-07-16T09:48:28.454786,
99760616738816a1,https://gt.linkedin.com/jobs/view/gestor-de-cobros-at-identity-guatemala-4438454012,Gestor de Cobros,,scraped,2026-07-16T09:48:39.277999,
c78ed4df37793f8f,https://gt.linkedin.com/jobs/view/talent-acquisition-associate-remote-work-at-bairesdev-4439884959,Talent Acquisition Associate - Remote Work,BairesDev,posted,2026-07-16T09:48:57.959768,1772
87908a1adcf9453a,https://gt.linkedin.com/jobs/view/creador-a-de-contenido-pov-para-ia-remoto-at-toloka-annotators-4440573384,Creador(a) de Contenido POV para IA - Remoto,Toloka Annotators,posted,2026-07-16T09:49:08.790884,1774
174a222fb4ec725a,https://gt.linkedin.com/jobs/view/creador-a-de-contenido-pov-para-ia-remoto-at-toloka-annotators-4440580183,Creador(a) de Contenido POV para IA - Remoto,Toloka Annotators,posted,2026-07-16T09:49:17.771865,1776
6a91f942cba5f690,https://gt.linkedin.com/jobs/view/creador-a-de-contenido-pov-para-ia-remoto-at-toloka-annotators-4440586033,Creador(a) de Contenido POV para IA - Remoto,Toloka Annotators,posted,2026-07-16T09:49:26.628386,1778
3d7c8910ead083d4,https://gt.linkedin.com/jobs/view/director-de-proyectos-digitales-at-la-finka-%E2%80%A2-the-problem-solvers-4441266679,Director de proyectos digitales,La Finka • The Problem Solvers,posted,2026-07-16T09:49:42.392631,1780
6f137f3c1e4f6ef5,https://gt.linkedin.com/jobs/view/contador-general-zona-13-at-identity-guatemala-4438450130,Contador General /  Zona 13,,scraped,2026-07-16T09:49:45.014227,
52aa44f173c61b76,https://gt.linkedin.com/jobs/view/coordinador-de-control-de-calidad-at-sur-desarrollos-4441256320,Coordinador de control de calidad,SUR Desarrollos,posted,2026-07-16T09:50:07.453700,1782
486ab2ae27358631,https://gt.linkedin.com/jobs/view/auxiliar-contable-carretera-a-el-salvador-at-istaff-guatemala-4440250737,Auxiliar contable - Carretera a El salvador,,scraped,2026-07-16T09:50:12.071905,
c2c73482e3cf2bd8,https://gt.linkedin.com/jobs/view/administrative-assistant-at-solvo-global-4438432511,Administrative Assistant,Solvo Global,posted,2026-07-16T09:50:27.883090,1784
d0ba5ec430164832,https://gt.linkedin.com/jobs/view/analista-de-procesos-de-producci%C3%B3n-at-grupo-polytec-flexible-4441258659,Analista de Procesos de Producción,,scraped,2026-07-16T09:50:32.488315,
a9a5b5fdc3feaca5,https://gt.linkedin.com/jobs/view/customs-logistics-manager-at-zte-corporation-4412053195,Customs & Logistics Manager,,scraped,2026-07-16T09:50:38.883226,
a05de0cbc5e05452,https://gt.linkedin.com/jobs/view/upper-elementary-language-arts-teacher-c2-english-proficiency-at-gentelabora-4440266985,Upper Elementary Language Arts Teacher (C2 English Proficiency),,scraped,2026-07-16T09:50:48.379089,
ea6326a00cc47351,https://gt.linkedin.com/jobs/view/coordinador-de-dise%C3%B1o-hidr%C3%A1ulico-at-grupo-corporativo-altamira-4441297050,Coordinador de Diseño Hidráulico,,scraped,2026-07-16T09:50:54.773186,
8b6e1bb9b25f1e8b,https://gt.linkedin.com/jobs/view/asesor-de-ventas-oriente-at-grupo-suca-4438033502,Asesor de Ventas Oriente,,scraped,2026-07-16T09:51:02.519884,
c7f00e1611576d61,https://gt.linkedin.com/jobs/view/auxiliar-de-producci%C3%B3n-at-ristreto-4440888433,Auxiliar de producción,Ristreto,posted,2026-07-16T09:51:20.659597,1786
aa47634ee656ee7f,https://gt.linkedin.com/jobs/view/asesor-de-ventas-educaci%C3%B3n-continua-at-universidad-del-valle-de-guatemala-4441287006,Asesor de ventas - Educación continua,Universidad del Valle de Guatemala,posted,2026-07-16T09:51:34.759249,1788
ddfae6eadc98eb30,https://gt.linkedin.com/jobs/view/backend-developer-guatemala-at-core-code-io-4438956453,Backend Developer Guatemala,Core Code io,posted,2026-07-16T09:51:43.691675,1790
e0947622cda690d6,https://gt.linkedin.com/jobs/view/administrativo-de-impuestos-at-grupo-bimbo-4438004405,Administrativo de Impuestos,Grupo Bimbo,posted,2026-07-16T09:51:55.108238,1792
1755e3e1090f1eb6,https://gt.linkedin.com/jobs/view/asesor-de-ventas-max-oakland-place-ii-at-grupo-distelsa-4438443076,ASESOR DE VENTAS  - MAX OAKLAND PLACE II,Grupo Distelsa,posted,2026-07-16T09:52:09.179207,1794
3711f7a8cf351066,https://gt.linkedin.com/jobs/view/key-account-manager-at-datum-redsoft-4437690771,Key Account Manager,,scraped,2026-07-16T09:52:11.864120,
89ba0ed360b7dac5,https://gt.linkedin.com/jobs/view/repartidor-at-corporaci%C3%B3n-multi-inversiones-4438032116,Repartidor,CMI-Corporación Multi Inversiones,posted,2026-07-16T09:52:28.656036,1536
afc9c43dad235131,https://gt.linkedin.com/jobs/view/sales-manager-at-sync-4440846819,Sales Manager,SYNC,posted,2026-07-16T09:52:36.568429,1796
01ede4405216dc69,https://gt.linkedin.com/jobs/view/coordinador-de-supervisores-at-perfect-event-s-a-4436775592,Coordinador de supervisores,Perfect Event S.A.,posted,2026-07-16T09:52:46.676833,1798
1bbed4f85b234ed6,https://gt.linkedin.com/jobs/view/activator-assistant-at-millicom-tigo-4441275640,Activator Assistant,,scraped,2026-07-16T09:52:49.308975,
e35fd06f18835919,https://gt.linkedin.com/jobs/view/supervisor-de-mantenimiento-cob%C3%A1n-at-corporaci%C3%B3n-multi-inversiones-4438021750,Supervisor de Mantenimiento Cobán,CMI-Corporación Multi Inversiones,posted,2026-07-16T09:53:12.754510,1800
2842ea17eeccd28e,https://gt.linkedin.com/jobs/view/servicio-profesional-de-asociado-de-investigaci%C3%B3n-at-universidad-del-valle-de-guatemala-4440574896,Servicio Profesional de Asociado de Investigación,Universidad del Valle de Guatemala,posted,2026-07-16T09:53:31.018249,1802
7b738f87316fac4b,https://gt.linkedin.com/jobs/view/contador-jr-at-roderotas-4440366813,Contador Jr.,,scraped,2026-07-16T09:53:35.613059,
0ad551060f4853fc,https://gt.linkedin.com/jobs/view/ai-process-innovation-engineer-at-blue-medical-guatemala-4440564594,AI & Process Innovation Engineer,,scraped,2026-07-16T09:53:42.248877,
7f6c9ee5e3392039,https://gt.linkedin.com/jobs/view/asistente-a-de-auditoria-externa-firma-at-grupo-cfe-4441278725,Asistente A de auditoria externa - Firma,Grupo CFE,posted,2026-07-16T09:54:00.141997,1804
3ba01521fc6a51a6,https://gt.linkedin.com/jobs/view/soporte-t%C3%A9cnico-biotecnolog%C3%ADa-at-labtronic-s-a-4441260849,Soporte Técnico Biotecnología,"Labtronic, S.A.",posted,2026-07-16T09:54:12.577890,1806
5609286cfe0242a1,https://gt.linkedin.com/jobs/view/piloto-de-cami%C3%B3n-3-4-toneladas-zona-13-at-identity-guatemala-4437277662,Piloto de Camión 3.4 Toneladas / Zona 13,,scraped,2026-07-16T09:54:15.177377,
840689a00dfb85cf,https://gt.linkedin.com/jobs/view/auxiliar-de-producci%C3%B3n-impresi%C3%B3n-digital-at-triada-consultores-4439480762,Auxiliar de Producción - Impresión Digital,Triada Consultores,posted,2026-07-16T09:54:32.851179,1808
c9c715abb3dec3ec,https://gt.linkedin.com/jobs/view/asesor-a-de-servicio-en-agencia-spazio-t2-at-bam-4441434017,ASESOR/A DE SERVICIO EN AGENCIA SPAZIO (T2),,scraped,2026-07-16T09:54:35.478529,
dc00d1bcc622c094,https://gt.linkedin.com/jobs/view/asesor-especialista-kiosco-samsung-celajes-at-grupo-distelsa-4438043011,ASESOR ESPECIALISTA  - KIOSCO SAMSUNG CELAJES,Grupo Distelsa,posted,2026-07-16T09:54:52.066320,1810
ab70b9d44f45ec85,https://gt.linkedin.com/jobs/view/asesor-especialista-kiosco-samsung-celajes-at-grupo-distelsa-4438025472,ASESOR ESPECIALISTA - KIOSCO SAMSUNG CELAJES,Grupo Distelsa,posted,2026-07-16T09:55:00.400884,1810
f58d47b2c9b0cb93,https://gt.linkedin.com/jobs/view/frontend-developer-gt-3-at-core-code-io-4438961315,Frontend Developer GT 3,Core Code io,posted,2026-07-16T09:55:09.582990,1812
d77ecbf2e71b3435,https://gt.linkedin.com/jobs/view/asistente-de-negocios-en-unidad-de-banca-empresarial-at-bam-4441264593,ASISTENTE DE NEGOCIOS EN UNIDAD DE BANCA EMPRESARIAL,,scraped,2026-07-16T09:55:18.263577,
a38576fb6f0aa32d,https://gt.linkedin.com/jobs/view/supervisor-de-ventas-at-claro-guatemala-4441289010,Supervisor de ventas,,scraped,2026-07-16T09:55:29.051712,
7cb7b3cbc14d3ef5,https://gt.linkedin.com/jobs/view/regional-manager-maintenance-at-crowley-4440939878,"Regional Manager, Maintenance",Crowley,posted,2026-07-16T09:55:49.962595,1814
2b9b309becba8fab,https://gt.linkedin.com/jobs/view/asesor-de-ventas-oriente-at-grupo-suca-4438044210,Asesor de Ventas Oriente,,scraped,2026-07-16T09:55:52.561440,
775da768a23cd99c,https://gt.linkedin.com/jobs/view/analista-de-proyectos-de-reclutamiento-at-empresa-confidencial-4440084243,Analista de Proyectos de Reclutamiento,Empresa Confidencial,posted,2026-07-16T09:56:24.186060,1816
93eed05411facecd,https://gt.linkedin.com/jobs/view/asesor-a-de-servicio-en-agencia-eskala-roosevelt-t2-at-bam-4441270421,ASESOR/A DE SERVICIO EN AGENCIA ESKALA ROOSEVELT (T2),,scraped,2026-07-16T09:56:26.874222,
3f956b3a028ce4e5,https://gt.linkedin.com/jobs/view/marketing-specialist-at-sync-4440846712,Marketing Specialist,SYNC,posted,2026-07-16T09:56:39.799902,339
48fbb08836c89afa,https://gt.linkedin.com/jobs/view/talent-acquisition-specialist-at-bilingual-4440858241,Talent Acquisition Specialist,,scraped,2026-07-16T09:56:44.496361,
18c675b77d3542b8,https://gt.linkedin.com/jobs/view/account-manager-%E2%80%93-performance-marketing-at-gentech-marketing-4440989795,Account Manager – Performance Marketing,GenTech Marketing,posted,2026-07-16T09:56:59.526750,1818
a96b9da448bd1181,https://gt.linkedin.com/jobs/view/operations-manager-at-intouchcx-4440638118,Operations Manager,,scraped,2026-07-16T09:57:02.227160,
0ef6a9d51a5b8c2c,https://gt.linkedin.com/jobs/view/intern-ecommerce-no-remunerado-at-cbc-4437693914,INTERN ECOMMERCE (NO REMUNERADO),cbc,posted,2026-07-16T09:57:17.903446,1820
d1f4521e42bbdb15,https://gt.linkedin.com/jobs/view/legal-administrative-billing-assistant-at-veta-virtual-4439862662,Legal Administrative & Billing Assistant,,scraped,2026-07-16T09:57:26.635453,
2db6ab2a9eaeae60,https://gt.linkedin.com/jobs/view/procurador-a-en-departamento-de-mora-judicial-at-bam-4440991937,PROCURADOR/A EN DEPARTAMENTO DE MORA JUDICIAL,,scraped,2026-07-16T09:57:34.957755,
1730eb11f7475df9,https://gt.linkedin.com/jobs/view/jefe-de-ventas-de-repuestos-at-culture-club-la-4440388443,Jefe de Ventas de Repuestos,,scraped,2026-07-16T09:57:51.337723,
cd67f8beacd172dc,https://gt.linkedin.com/jobs/view/contador-general-at-happymondays-com-gt-4441278971,Contador General,,scraped,2026-07-16T09:57:58.563348,
a7382ea981d97352,https://gt.linkedin.com/jobs/view/subencargado-de-granja-at-corporaci%C3%B3n-multi-inversiones-4437602092,Subencargado de Granja,CMI-Corporación Multi Inversiones,posted,2026-07-16T09:58:16.930888,1822
e1dd416622d1bb88,https://gt.linkedin.com/jobs/view/ejecutivo-de-cobros-at-grupo-i-4440375229,Ejecutivo de cobros,Grupo I,posted,2026-07-16T09:58:29.660141,1824
4446bbc5fc6438f0,https://gt.linkedin.com/jobs/view/gestor-de-proyectos-de-construcci%C3%B3n-at-spectrum-4437622829,Gestor de Proyectos de Construcción,,scraped,2026-07-16T09:58:32.228535,
314e5c9ff3dd6525,https://gt.linkedin.com/jobs/view/asesor-de-ventas-at-sur-desarrollos-4441242227,Asesor de Ventas,SUR Desarrollos,posted,2026-07-16T09:58:49.564969,1389
a942ddc2ead69074,https://gt.linkedin.com/jobs/view/generador-de-contenido-at-4am-saatchi-saatchi-4441291047,Generador de Contenido,,scraped,2026-07-16T09:58:54.312266,
b23db35d4b32ff55,https://gt.linkedin.com/jobs/view/intake-team-lead-guatemala-at-topdog-law-4413190759,Intake Team Lead (Guatemala),TopDog Law,posted,2026-07-16T09:59:11.265035,1826
1c1bc10d57c886e5,https://gt.linkedin.com/jobs/view/customer-service-representative-billing-or-tech-at-idt-corporation-4441294259,Customer Service Representative (Billing or tech),IDT Corporation,posted,2026-07-16T09:59:21.886655,1828
7612c391f6581aa7,https://gt.linkedin.com/jobs/view/project-manager-at-grupo-p-4440294865,Project Manager,GRUPO P,posted,2026-07-16T09:59:29.935531,987
fd7e9c119fac7d8c,https://gt.linkedin.com/jobs/view/sports-data-collector-football-san-cristobal-dominican-republic-at-genius-sports-4429457647,"Sports Data Collector (Football) - San Cristobal, Dominican Republic",,scraped,2026-07-16T09:59:32.699325,
49d748d13a4fd22e,https://gt.linkedin.com/jobs/view/ejecutivo-de-negocios-xela-at-professional-business-consulting-4440648664,Ejecutivo de Negocios Xela,Professional Business Consulting,posted,2026-07-16T09:59:46.070439,1830
2bb5c807bdec4c60,https://gt.linkedin.com/jobs/view/analista-de-seguridad-de-informaci%C3%B3n-at-grupo-financiero-banrural-4440286406,Analista de seguridad de información,,scraped,2026-07-16T09:59:48.712764,
7259b01d419cfa56,https://gt.linkedin.com/jobs/view/analista-de-cuentas-por-cobrar-guatemala-el-salvador-at-hola-moda-4439329164,Analista de cuentas por cobrar Guatemala / El Salvador,Hola Moda,posted,2026-07-16T10:00:10.896745,1832
735bb0465a61b908,https://gt.linkedin.com/jobs/view/asesor-comercial-at-intelecto-4439591584,ASESOR COMERCIAL,,scraped,2026-07-16T10:00:13.761216,
a5307600e0e869f0,https://gt.linkedin.com/jobs/view/accounting-assistant-financials-at-next-generation-management-accounting-services-4440801412,Accounting Assistant -  Financials,Next Generation Management & Accounting Services,posted,2026-07-16T10:00:25.726210,1834
98f25c362af8789d,https://gt.linkedin.com/jobs/view/sales-manager-us-market-at-crystalia-glass-llc-4440049238,Sales Manager (US Market),Crystalia Glass LLC,posted,2026-07-16T10:00:37.503533,1836
1ec1ae955ec96f75,https://gt.linkedin.com/jobs/view/asesor-financiero-banco-azteca-villa-nueva-at-grupo-salinas-guatemala-4438029551,Asesor Financiero Banco Azteca Villa Nueva,Grupo Salinas Guatemala,posted,2026-07-16T10:00:47.808034,1838
4c12c63220b1dbd3,https://gt.linkedin.com/jobs/view/group-marketing-manager-at-exeltis-4438023472,GROUP MARKETING MANAGER,,scraped,2026-07-16T10:00:50.496909,
cde1277753b68201,https://gt.linkedin.com/jobs/view/asesor-financiero-corporativo-at-empresa-confidencial-4441217017,Asesor Financiero Corporativo,Empresa Confidencial,posted,2026-07-16T10:01:22.573284,1840
7bd1bd0914796a26,https://gt.linkedin.com/jobs/view/ejecutivo-de-negocios-at-www-business-training-centre-4440055993,Ejecutivo de negocios,,scraped,2026-07-16T10:01:29.210625,
b899d6596671ed7d,https://gt.linkedin.com/jobs/view/planning-coordinator-at-atento-4438002972,Planning Coordinator,Atento,posted,2026-07-16T10:01:45.620142,1842
246cc540a5202758,https://gt.linkedin.com/jobs/view/promotor-de-ventas-at-extract-s-a-4434328536,Promotor de ventas,,scraped,2026-07-16T10:01:48.369470,
1d96d0cb1f6aa5c2,https://gt.linkedin.com/jobs/view/voice-actor-spanish-tts-specialist-at-mercor-4422323089,Voice Actor - Spanish TTS Specialist,Mercor,posted,2026-07-16T10:02:01.265147,1844
97ce4aeaa50b6018,https://gt.linkedin.com/jobs/view/arqueador-at-pepsico-4438032309,Arqueador,PepsiCo,scraped,2026-07-16T10:02:07.298533,
25860059f132727f,https://gt.linkedin.com/jobs/view/bodeguero-para-sucursal-tipo-ferreter%C3%ADa-at-prisma-materiales-s-a-4440057427,Bodeguero para sucursal tipo ferretería,,scraped,2026-07-16T10:02:09.876395,
f346d98ebb5c3448,https://gt.linkedin.com/jobs/view/asesor-comercial-at-se%C3%B1oriales-corporaci%C3%B3n-de-servicio-4440806074,Asesor comercial,,scraped,2026-07-16T10:02:17.431963,
82b2870a3861ac13,https://gt.linkedin.com/jobs/view/coordinaci%C3%B3n-de-productividad-comercial-at-conectividad-guatemala-4440869262,Coordinación de productividad comercial,Conectividad Guatemala,posted,2026-07-16T10:02:32.868208,1846
1689812d14593ad6,https://gt.linkedin.com/jobs/view/gerente-administrativa-city-core-at-spectrum-4437635139,Gerente Administrativa City Core,,scraped,2026-07-16T10:02:35.567217,
cad2d9a30c0ba107,https://gt.linkedin.com/jobs/view/ejecutivo-de-ventas-internas-at-netafim-4440262456,Ejecutivo de Ventas Internas,,scraped,2026-07-16T10:02:48.506762,
9e6b9f8961fdd437,https://gt.linkedin.com/jobs/view/lead-python-engineer-appsec-id71666-at-agileengine-4441401856,Lead Python Engineer (AppSec) ID71666,AgileEngine,posted,2026-07-16T10:03:01.297178,1848
d419e068cf851e51,https://gt.linkedin.com/jobs/view/asesor-comercial-at-%23aquivivo-4419514081,Asesor comercial,,scraped,2026-07-16T10:03:07.931537,
003e38be352637c7,https://gt.linkedin.com/jobs/view/asesor-de-ventas-at-empresa-confidencial-4440226210,Asesor de Ventas,Empresa Confidencial,posted,2026-07-16T10:03:19.388776,1389
7cac037f380b95ad,https://gt.linkedin.com/jobs/view/gerente-comercial-seguros-at-grupo-ficohsa-gt-4439424874,Gerente comercial seguros,Grupo Ficohsa GT,posted,2026-07-16T10:03:33.729091,1850
d5c8cfaaa02a267c,https://gt.linkedin.com/jobs/view/customer-experience-associate-i-at-conduent-4440533985,Customer Experience Associate I,Conduent,posted,2026-07-16T10:03:40.467371,609
a5b35f0f6c4f01d7,https://gt.linkedin.com/jobs/view/auxiliar-contable-at-desarrollos-sobre-la-roca-4438582280,Auxiliar Contable,Desarrollos Sobre la Roca,posted,2026-07-16T10:03:47.365171,71
9fd33bb411cc1052,https://gt.linkedin.com/jobs/view/key-account-manager-leasing-negociaciones-y-nuevos-clientes-at-spectrum-4438438600,Key Account Manager (Leasing Negociaciones y Nuevos Clientes),,scraped,2026-07-16T10:03:50.016452,
dd79a9a6f7f10711,https://gt.linkedin.com/jobs/view/desarrollador-de-back-end-at-sysesa-4440083758,Desarrollador de back-end,,scraped,2026-07-16T10:03:56.603705,
8f143a11e58355cf,https://gt.linkedin.com/jobs/view/sales-specialist-computo-e-impresi%C3%B3n-4440983329,Sales Specialist (Computo e Impresión),A&P,posted,2026-07-16T10:04:09.684056,1852
17dc8fd7c7d4715d,https://gt.linkedin.com/jobs/view/ingeniero-de-gesti%C3%B3n-de-ciberseguridad-at-sysesa-4440863470,Ingeniero de Gestión de Ciberseguridad,,scraped,2026-07-16T10:04:12.340023,
d6cb401a8b8fcca1,https://gt.linkedin.com/jobs/view/customer-success-engineer-ai-saas-at-mercor-4424043223,Customer Success Engineer - AI SaaS,Mercor,posted,2026-07-16T10:04:25.419188,1854
5c72ebb05393dc89,https://gt.linkedin.com/jobs/view/gerente-de-proyectos-de-marketing-at-exeltis-4438025460,GERENTE DE PROYECTOS DE MARKETING,,scraped,2026-07-16T10:04:28.192064,
f5730c994f9064b8,https://gt.linkedin.com/jobs/view/senior-data-scientist-at-epam-systems-4438485719,Senior Data Scientist,EPAM Systems,posted,2026-07-16T10:04:41.543147,1856
04a957aa717facc2,https://gt.linkedin.com/jobs/view/senior-data-scientist-id71658-at-agileengine-4440892090,Senior Data Scientist ID71658,AgileEngine,posted,2026-07-16T10:04:46.402646,213
0d8e55f7b56b8346,https://gt.linkedin.com/jobs/view/sales-representative-at-lean-solutions-group-4429105639,Sales Representative,Lean Solutions Group,posted,2026-07-16T10:04:54.670596,1858
42dadefa90adc866,https://gt.linkedin.com/jobs/view/senior-business-analyst-id77078-at-agileengine-4440083813,Senior Business Analyst ID77078,AgileEngine,posted,2026-07-16T10:05:03.415988,1860
86df8c340a6da27c,https://gt.linkedin.com/jobs/view/maestro-de-violin-ciudad-capital-at-istaff-guatemala-4440248766,Maestro de violin -Ciudad capital,,scraped,2026-07-16T10:05:06.021111,
3f46559537adfc12,https://gt.linkedin.com/jobs/view/recruitment-specialist-sourcing-at-athena-4431730311,Recruitment Specialist (Sourcing),,scraped,2026-07-16T10:05:22.233720,
dbad628174b41532,https://gt.linkedin.com/jobs/view/supervisor-de-log%C3%ADstica-at-cemaco-4437605874,Supervisor de Logística,,scraped,2026-07-16T10:05:28.658129,
b8353a43e8e99dc5,https://gt.linkedin.com/jobs/view/t%C3%A9cnico-electromec%C3%A1nico-industrial-at-europan-centroam%C3%A9rica-4440081452,Técnico electromecánico Industrial,,scraped,2026-07-16T10:05:42.913218,
9b13cbc06fd4cfc7,https://gt.linkedin.com/jobs/view/t%C3%A9cnico-de-soporte-de-campo-at-grupo-quattro-guatemala-4441211360,Técnico de soporte de campo,,scraped,2026-07-16T10:05:51.457425,
c28c991d29c95ac0,https://gt.linkedin.com/jobs/view/global-marketing-operations-lead-at-capgemini-4440579768,Global Marketing Operations Lead,,scraped,2026-07-16T10:05:58.168358,
2bb7f1ae27b8b5b5,https://gt.linkedin.com/jobs/view/instructor-tecnico-capacitador-de-repuestos-automotrices-at-apymsa-4439940606,Instructor Tecnico/ Capacitador de repuestos Automotrices,APYMSA,posted,2026-07-16T10:06:18.307870,1862
56db7b6815e17db2,https://gt.linkedin.com/jobs/view/ms-sql-server-dba-developer-100%25-remote-in-guatemala-at-the-dignify-solutions-llc-4440257978,MS SQL Server DBA/ Developer - 100% Remote in Guatemala,"The Dignify Solutions, LLC",posted,2026-07-16T10:06:35.316356,1864
e41377cb508b2b20,https://gt.linkedin.com/jobs/view/lead-python-engineer-appsec-id71666-at-agileengine-4440254984,Lead Python Engineer (AppSec) ID71666,AgileEngine,posted,2026-07-16T10:06:43.967775,1848
f007419a896c8b4e,https://gt.linkedin.com/jobs/view/jefe-de-ventas-regional-escuintla-at-empresa-confidencial-4439965148,Jefe de Ventas  Regional Escuintla,Empresa Confidencial,posted,2026-07-16T10:06:56.885754,1866
8f331104a1eebc30,https://gt.linkedin.com/jobs/view/senior-backend-engineer-tech-lead-3-4-month-long-remote-latin-america-at-fullstack-4441222104,Senior Backend Engineer Tech Lead (3-4 month long) - Remote - Latin America,FullStack,posted,2026-07-16T10:07:07.805554,1868
045bbb66273892f8,https://gt.linkedin.com/jobs/view/senior-agentic-product-designer-remote-latin-america-at-fullstack-4419993036,Senior Agentic Product Designer - Remote - Latin America,FullStack,posted,2026-07-16T10:07:16.623479,1295
1d966bc1624b3cf7,https://gt.linkedin.com/jobs/view/senior-backend-engineer-tech-lead-3-4-month-long-remote-latin-america-at-fullstack-4441221115,Senior Backend Engineer Tech Lead (3-4 month long) - Remote - Latin America,FullStack,posted,2026-07-16T10:07:21.633470,1868
14aa08434229e96e,https://gt.linkedin.com/jobs/view/senior-data-scientist-mmm-id71005-at-agileengine-4440362795,Senior Data Scientist (MMM) ID71005,AgileEngine,posted,2026-07-16T10:07:30.089619,1870
26f6dc8b4e89dfeb,https://gt.linkedin.com/jobs/view/senior-product-designer-figma-%2B-cloud-cursor-remote-latin-america-at-fullstack-4413087157,Senior Product Designer (Figma + Cloud Cursor) - Remote - Latin America,FullStack,posted,2026-07-16T10:07:38.733741,1872
66fef73ad0ec535b,https://gt.linkedin.com/jobs/view/senior-product-designer-figma-%2B-cloud-cursor-remote-latin-america-at-fullstack-4413084317,Senior Product Designer (Figma + Cloud Cursor) - Remote - Latin America,FullStack,posted,2026-07-16T10:07:43.673528,1872
152e49b1a63e7c2d,https://gt.linkedin.com/jobs/view/senior-appsec-engineer-id71672-at-agileengine-4440880705,Senior AppSec Engineer ID71672,AgileEngine,posted,2026-07-16T10:07:51.924976,1874
b946c0bf91a33ed4,https://gt.linkedin.com/jobs/view/senior-backend-engineer-tech-lead-3-4-month-long-remote-latin-america-at-fullstack-4441204937,Senior Backend Engineer Tech Lead (3-4 month long) - Remote - Latin America,FullStack,posted,2026-07-16T10:07:56.771374,1868
e2bc5ae35ed9a429,https://gt.linkedin.com/jobs/view/senior-product-designer-figma-%2B-cloud-cursor-remote-latin-america-at-fullstack-4413087160,Senior Product Designer (Figma + Cloud Cursor) - Remote - Latin America,FullStack,posted,2026-07-16T10:08:01.560193,1872
3f496b6bf4009464,https://gt.linkedin.com/jobs/view/senior-backend-engineer-tech-lead-3-4-month-long-remote-latin-america-at-fullstack-4441216264,Senior Backend Engineer Tech Lead (3-4 month long) - Remote - Latin America,FullStack,posted,2026-07-16T10:08:06.311109,1868
f92c79a9f501b140,https://gt.linkedin.com/jobs/view/senior-backend-engineer-tech-lead-3-4-month-long-remote-latin-america-at-fullstack-4441201965,Senior Backend Engineer Tech Lead (3-4 month long) - Remote - Latin America,FullStack,posted,2026-07-16T10:08:11.174763,1868
69c7006107343dad,https://gt.linkedin.com/jobs/view/senior-frontend-engineer-id77771-at-agileengine-4439869896,Senior Frontend Engineer ID77771,AgileEngine,posted,2026-07-16T10:08:19.565075,1876
b97d8415ec4a8d82,https://gt.linkedin.com/jobs/view/paid-search-social-specialist-at-veta-virtual-4439870409,Paid Search & Social Specialist,,scraped,2026-07-16T10:08:24.266960,
a71eb5e1d1cb548e,https://gt.linkedin.com/jobs/view/per-hour-rates-spanish-eng-interpreters-at-intelex-4441257033,Per Hour Rates | Spanish<>ENG. Interpreters,INTELEX,posted,2026-07-16T10:08:36.314171,1878
2a0d503a1a3c9bda,https://gt.linkedin.com/jobs/view/data-migration-specialist-at-podium-4422605986,Data Migration Specialist,Podium,posted,2026-07-16T10:08:53.150635,1880
71dc67fc6307fe54,https://gt.linkedin.com/jobs/view/lider-de-cultura-de-servicio-at-corporaci%C3%B3n-multi-inversiones-4438425754,Lider de Cultura de Servicio,CMI-Corporación Multi Inversiones,posted,2026-07-17T09:32:12.317545,1882
fba6ecf6f5919fa2,https://gt.linkedin.com/jobs/view/especialista-de-operaci%C3%B3n-administrativa-at-universidad-del-valle-de-guatemala-4441608503,Especialista de Operación Administrativa,Universidad del Valle de Guatemala,posted,2026-07-17T09:32:23.107037,1884
b4c1f2185736c2d0,https://gt.linkedin.com/jobs/view/coordinador-administrativo-at-kalea-4438748924,Coordinador administrativo,,scraped,2026-07-17T09:32:29.737164,
066e731480cbb7a0,https://gt.linkedin.com/jobs/view/asistente-administrativa-hoteler%C3%ADa-at-aspiraciones-human-capital-4440266183,Asistente Administrativa (Hotelería),,scraped,2026-07-17T09:32:36.491465,
75046f1bd949ae2d,https://gt.linkedin.com/jobs/view/promotor-popt%C3%BAn-at-central-agr%C3%ADcola-4439895739,Promotor Poptún,,scraped,2026-07-17T09:32:50.634319,
d3d4d38e527b425d,https://gt.linkedin.com/jobs/view/social-media-monitoring-specialist-at-webfx-4380772787,Social Media Monitoring Specialist,WebFX,posted,2026-07-17T09:33:03.674729,1886
71663d1c17a4b7b3,https://gt.linkedin.com/jobs/view/sales-specialist-at-workbetternow-4441611306,Sales Specialist,WorkBetterNow,posted,2026-07-17T09:33:11.367211,1888
e3d9cb38d25a9002,https://gt.linkedin.com/jobs/view/t%C3%A9cnico-recuperador-at-reclutamiento-rt-4441663388,Técnico Recuperador,Reclutamiento RT,posted,2026-07-17T09:33:19.605230,1890
699c6f8bfb73d5ba,https://gt.linkedin.com/jobs/view/freight-broker-at-lean-solutions-group-4421859367,Freight Broker,Lean Solutions Group,posted,2026-07-17T09:33:30.535352,1892
2001879e9cab5b7d,https://gt.linkedin.com/jobs/view/landed-cost-analyst-at-pricesmart-4438410673,Landed Cost Analyst,PriceSmart,posted,2026-07-17T09:33:41.347069,1894
a14fcdfd68bc9567,https://gt.linkedin.com/jobs/view/gestor-de-cobros-at-corpodesa-4440788274,Gestor de cobros,,scraped,2026-07-17T09:33:46.032977,
522457e31e65c103,https://gt.linkedin.com/jobs/view/personal-de-conducci%C3%B3n-servicio-urbano-at-alsa-4438480920,Personal de conducción (servicio urbano),,scraped,2026-07-17T09:34:03.026385,
d9180eba206a2487,https://gt.linkedin.com/jobs/view/ejecutivo-de-desarrollo-comercial-at-canella-s-a-4441670993,EJECUTIVO DE DESARROLLO COMERCIAL,,scraped,2026-07-17T09:34:12.749887,
10a18138d102a88d,https://gt.linkedin.com/jobs/view/freelance-grabaci%C3%B3n-de-tareas-cotidianas-para-proyecto-de-ia-at-toloka-annotators-4440543155,Freelance: grabación de tareas cotidianas para proyecto de IA,Toloka Annotators,posted,2026-07-17T09:34:31.196701,1896
49a8938bfc60f816,https://gt.linkedin.com/jobs/view/freelance-grabaci%C3%B3n-de-tareas-cotidianas-para-proyecto-de-ia-at-toloka-annotators-4440547024,Freelance: grabación de tareas cotidianas para proyecto de IA,Toloka Annotators,posted,2026-07-17T09:34:40.190939,1898
c08f5618a7db28a9,https://gt.linkedin.com/jobs/view/freelance-grabaci%C3%B3n-de-tareas-cotidianas-para-proyecto-de-ia-at-toloka-annotators-4440546051,Freelance: grabación de tareas cotidianas para proyecto de IA,Toloka Annotators,posted,2026-07-17T09:34:49.058172,1900
d99b855cbceb4e0a,https://gt.linkedin.com/jobs/view/coordinador-de-cuentas-comerciales-at-banco-industrial-guatemala-4438008969,Coordinador de Cuentas Comerciales,,scraped,2026-07-17T09:34:51.662954,
c6e902f519b1d8a2,https://gt.linkedin.com/jobs/view/ejecutivo-comercial-gobierno-y-licitaciones-at-sintegradas-s-a-4441402846,Ejecutivo Comercial Gobierno y Licitaciones,,scraped,2026-07-17T09:35:08.851248,
f98a054e61fdbb2b,https://gt.linkedin.com/jobs/view/coordinador-confiabilidad-at-corporaci%C3%B3n-multi-inversiones-4438437375,Coordinador Confiabilidad,CMI-Corporación Multi Inversiones,posted,2026-07-17T09:35:37.335125,1902
98a2cf3a636feab6,https://gt.linkedin.com/jobs/view/jefe-de-mercadeo-y-dise%C3%B1o-at-eshop-group-4438422716,Jefe de Mercadeo Y Diseño,,scraped,2026-07-17T09:35:41.958338,
2ec891f8b6002a59,https://gt.linkedin.com/jobs/view/asistente-de-nominas-y-planillas-zona-10-at-grupo-cfe-4441695045,asistente de nominas y planillas - zona 10,Grupo CFE,posted,2026-07-17T09:36:02.002420,1904
369e3a9b0df9b273,https://gt.linkedin.com/jobs/view/analista-comercial-y-de-ventas-at-sapiens-guatemala-4441124534,Analista comercial y de ventas,Sapiens Guatemala,posted,2026-07-17T09:36:18.613660,1906
0880e0a4a377f857,https://gt.linkedin.com/jobs/view/docente-de-matem%C3%A1tica-centro-at-liceo-canadiense-4441415301,Docente de Matemática (Centro),,scraped,2026-07-17T09:36:21.249200,
1a30dc41d2de925f,https://gt.linkedin.com/jobs/view/dependiente-de-tienda-san-marcos-at-megapaca-4440786357,Dependiente de tienda San marcos,,scraped,2026-07-17T09:36:28.708636,
0e21d5c75913f6ae,https://gt.linkedin.com/jobs/view/asistente-de-contabilidad-zona-7-at-istaff-guatemala-4440256423,Asistente de contabilidad - Zona 7,,scraped,2026-07-17T09:36:35.827186,
db65c575539e22da,https://gt.linkedin.com/jobs/view/analista-de-contabilidad-oficina-contable-at-istaff-guatemala-4440262235,Analista de contabilidad - oficina contable,,scraped,2026-07-17T09:36:41.868335,
76901d4706d4207a,https://gt.linkedin.com/jobs/view/record-your-daily-routine-get-paid-ai-training-remote-at-toloka-annotators-4440522626,Record Your Daily Routine & Get Paid - AI Training (Remote),Toloka Annotators,posted,2026-07-17T09:36:52.319283,325
15d61f5393611a56,https://gt.linkedin.com/jobs/view/record-your-daily-routine-get-paid-ai-training-remote-at-toloka-annotators-4440535237,Record Your Daily Routine & Get Paid - AI Training (Remote),Toloka Annotators,posted,2026-07-17T09:36:57.153338,325
78fbdb2130f47e6d,https://gt.linkedin.com/jobs/view/record-your-daily-routine-get-paid-ai-training-remote-at-toloka-annotators-4440522622,Record Your Daily Routine & Get Paid - AI Training (Remote),Toloka Annotators,posted,2026-07-17T09:37:02.050010,325
b4bcbbaf436f90af,https://gt.linkedin.com/jobs/view/record-your-daily-routine-get-paid-ai-training-remote-at-toloka-annotators-4440540105,Record Your Daily Routine & Get Paid - AI Training (Remote),Toloka Annotators,posted,2026-07-17T09:37:07.182745,325
a8a3377a06a698ef,https://gt.linkedin.com/jobs/view/record-your-daily-routine-get-paid-ai-training-remote-at-toloka-annotators-4440521707,Record Your Daily Routine & Get Paid - AI Training (Remote),Toloka Annotators,posted,2026-07-17T09:37:12.228680,325
d4b1ed51699997a3,https://gt.linkedin.com/jobs/view/subgerente-de-medios-at-walmart-4440061771,Subgerente de Medios,Walmart,posted,2026-07-17T09:37:21.799353,1908
3a79ecbf108db2cc,https://gt.linkedin.com/jobs/view/grade-3-homeroom-teacher-at-teaching-nomad-4440260089,Grade 3 Homeroom Teacher,Teaching Nomad,posted,2026-07-17T09:37:32.738466,1910
07796799c3b7ecc8,https://gt.linkedin.com/jobs/view/ejecutivos-de-cobros-at-activa-group-4440252686,Ejecutivos de Cobros,,scraped,2026-07-17T09:37:35.395892,
5d27898414e09a98,https://gt.linkedin.com/jobs/view/asistente-de-%C3%B3ptica-4441241799,Asistente de óptica,OptiGuate,posted,2026-07-17T09:37:47.494387,1912
f1f6913c2ed1cc4b,https://gt.linkedin.com/jobs/view/ai-data-annotation-specialist-portuguese-gt-at-telus-digital-4441674543,"AI, Data Annotation Specialist Portuguese - GT",,scraped,2026-07-17T09:37:54.155881,
8e65e7690e40139e,https://gt.linkedin.com/jobs/view/analista-de-talent-acquisition-trabajo-remoto-at-bairesdev-4440252026,Analista de Talent Acquisition - Trabajo Remoto,BairesDev,posted,2026-07-17T09:38:19.650349,641
b55203a308ec9237,https://gt.linkedin.com/jobs/view/auxiliar-de-bodega-at-identity-guatemala-4437639160,Auxiliar de bodega,,scraped,2026-07-17T09:38:30.489286,
d0bba437b3964758,https://gt.linkedin.com/jobs/view/product-security-engineer-remote-work-ref%23298291-at-bairesdev-4440862205,Product Security Engineer - Remote Work | REF#298291,BairesDev,posted,2026-07-17T09:38:50.517806,1914
1659d6ebc2af3cd3,https://gt.linkedin.com/jobs/view/promotor-at-hrm-consulting-4439908034,Promotor,,scraped,2026-07-17T09:38:53.070152,
fe63da8f74a4ef2e,https://gt.linkedin.com/jobs/view/t%C3%A9cnico-de-mantenimiento-1-at-corporaci%C3%B3n-multi-inversiones-4437616816,Técnico de Mantenimiento 1,CMI-Corporación Multi Inversiones,posted,2026-07-17T09:39:10.348175,1916
d667100f0d67ea43,https://gt.linkedin.com/jobs/view/treasury-analyst-at-veta-virtual-4439856719,Treasury Analyst,,scraped,2026-07-17T09:39:13.019098,
9d860e0f806dffdc,https://gt.linkedin.com/jobs/view/asistente-administrativo-contable-at-fuera-de-la-caja-4440790170,Asistente Administrativo Contable,Fuera de La Caja,posted,2026-07-17T09:39:29.515648,1918
e7d657cebc7bab9f,https://gt.linkedin.com/jobs/view/administrative-coordinator-at-millicom-tigo-4441619190,Administrative Coordinator,,scraped,2026-07-17T09:39:38.175382,
d363e739f4d5362f,https://gt.linkedin.com/jobs/view/creador-a-de-contenido-pov-para-ia-remoto-at-toloka-annotators-4440586026,Creador(a) de Contenido POV para IA - Remoto,Toloka Annotators,posted,2026-07-17T09:39:52.045452,1920
c09a26d345badcb9,https://gt.linkedin.com/jobs/view/creador-a-de-contenido-pov-para-ia-remoto-at-toloka-annotators-4440572465,Creador(a) de Contenido POV para IA - Remoto,Toloka Annotators,scraped,2026-07-17T09:39:58.138124,
bbaee5c5e0a503e5,https://gt.linkedin.com/jobs/view/programador-de-tr%C3%A1fico-digital-dooh-at-publimovil-latam-4441689217,Programador de Tráfico Digital DOOH,Publimovil LATAM,posted,2026-07-17T09:40:14.421104,1922
28621f81717eacfd,https://gt.linkedin.com/jobs/view/asociado-a-en-participaci%C3%B3n-ciudadana-juventud-y-elecciones-at-undp-careers-4440301487,"Asociado/a en Participación Ciudadana, Juventud y Elecciones",UNDP Careers,posted,2026-07-17T09:40:23.834802,1924
965fe20ccac60266,https://gt.linkedin.com/jobs/view/raw-materials-quality-specialist-at-tangram-hr-solutions-4441267123,Raw Materials Quality Specialist,Tangram - HR Solutions,posted,2026-07-17T09:40:35.571404,1926
23d358b399a52d68,https://gt.linkedin.com/jobs/view/training-facilitator-at-intouchcx-4441147578,Training Facilitator,,scraped,2026-07-17T09:40:38.228966,
40788373c12183d6,https://gt.linkedin.com/jobs/view/ai-data-annotation-specialist-trilingual-german-guatemala-at-telus-digital-ai-data-solutions-4429144802,"AI, Data Annotation Specialist - Trilingual (German) | Guatemala",TELUS Digital AI Data Solutions,posted,2026-07-17T09:40:50.025310,1928
193be4500930da0d,https://gt.linkedin.com/jobs/view/auxiliar-de-compras-zona-11-at-jumbo-sa-4439889999,Auxiliar de Compras - Zona 11,Jumbo SA,posted,2026-07-17T09:41:03.870768,1930
68931afdf41345c3,https://gt.linkedin.com/jobs/view/ejecutivo-comercial-junior-b2b-at-sintegradas-s-a-4440772990,Ejecutivo Comercial Junior B2B,,scraped,2026-07-17T09:41:12.718715,
7710a59eaa0d3e16,https://gt.linkedin.com/jobs/view/auxiliar-de-limpieza-boca-del-monte-at-gol%C3%A1n-4438753791,AUXILIAR DE LIMPIEZA - BOCA DEL MONTE,Golán,posted,2026-07-17T09:41:32.472153,1932
08b0475886d07f2e,https://gt.linkedin.com/jobs/view/asistente-del-hogar-para-residencia-en-zona-14-at-programa-valentina-4440774766,Asistente del Hogar para Residencia en zona 14,Programa Valentina,posted,2026-07-17T09:41:45.092440,1934
e54dacbe51d17ae4,https://gt.linkedin.com/jobs/view/operario-de-producci%C3%B3n-1-at-corporaci%C3%B3n-multi-inversiones-4438780644,Operario de Producción 1,CMI-Corporación Multi Inversiones,posted,2026-07-17T09:41:56.934423,1936
824a15ffc8a25bdc,https://gt.linkedin.com/jobs/view/auxiliar-contable-zona-7-at-hrm-consulting-4439896723,Auxiliar contable - zona 7,,scraped,2026-07-17T09:42:01.528819,
bff14232e6a9784a,https://gt.linkedin.com/jobs/view/profesional-comprador-senior-at-enel-colombia-4441670976,Profesional Comprador Senior,,scraped,2026-07-17T09:42:10.567529,
9dd9c174baccb36f,https://gt.linkedin.com/jobs/view/asistente-operativo-y-administrativo-transporte-barcenas-villa-nueva-at-grupo-distelsa-4438409726,ASISTENTE OPERATIVO Y ADMINISTRATIVO TRANSPORTE - BARCENAS VILLA NUEVA,Grupo Distelsa,posted,2026-07-17T09:42:29.081620,1938
4686fd69a7a3003e,https://gt.linkedin.com/jobs/view/trainee-de-operaciones-at-dollarcity-4441676941,Trainee de Operaciones,Dollarcity,posted,2026-07-17T09:42:41.816377,1940
efcb4f92c31f33e1,https://gt.linkedin.com/jobs/view/sales-representative-at-elvtr-4441629468,Sales Representative,ELVTR,posted,2026-07-17T09:42:50.647385,1858
dd4882c145eb6586,https://gt.linkedin.com/jobs/view/coordinador-sso-at-identity-guatemala-4438773093,Coordinador SSO,,scraped,2026-07-17T09:42:53.261175,
bb139fc664ab6080,https://gt.linkedin.com/jobs/view/bilingual-customer-marketing-coordinator-%E2%80%93-foodservice-at-pepsico-4437612037,Bilingual Customer Marketing Coordinator – Foodservice,PepsiCo,posted,2026-07-17T09:43:11.615139,1942
c1c96de579e741e4,https://gt.linkedin.com/jobs/view/bilingual-customer-marketing-coordinator-%E2%80%93-foodservice-at-pepsico-4437613011,Bilingual Customer Marketing Coordinator – Foodservice,PepsiCo,scraped,2026-07-17T09:43:21.900059,
3d50b27a1bfb1b8c,https://gt.linkedin.com/jobs/view/gestor-de-servicio-al-cliente-at-empresa-confidencial-4441682735,Gestor de Servicio al Cliente,Empresa Confidencial,posted,2026-07-17T09:43:32.401694,1944
1c816f42343fafbf,https://gt.linkedin.com/jobs/view/especialista-de-ventas-work-from-home-at-kodland-latinoam%C3%A9rica-4438423032,Especialista de ventas - Work from home,Kodland Latinoamérica,posted,2026-07-17T09:43:40.373811,1946
b68a1c9ae1c74758,https://gt.linkedin.com/jobs/view/docente-de-multimedia-at-centro-cristiano-fuente-de-vida-4440363888,Docente de Multimedia,CENTRO CRISTIANO FUENTE DE VIDA,posted,2026-07-17T09:43:51.702159,1948
b60376de697fc08f,https://gt.linkedin.com/jobs/view/supervisor-de-cobros-at-grupo-supera-guatemala-4441299602,Supervisor de cobros,Grupo Supera Guatemala,posted,2026-07-17T09:43:59.828824,1165
b66a5571f9a2ec15,https://gt.linkedin.com/jobs/view/crm-central-america-and-caribbean-analyst-at-syngenta-4441691479,CRM Central America and Caribbean Analyst,,scraped,2026-07-17T09:44:02.491018,
eabfe29405a0675a,https://gt.linkedin.com/jobs/view/mensajero-y-auxiliar-de-mantenimiento-at-canella-s-a-4440391696,Mensajero y Auxiliar de Mantenimiento,,scraped,2026-07-17T09:44:09.296578,
cb5c0318bdf0be01,https://gt.linkedin.com/jobs/view/piloto-de-transporte-pesado-at-corporaci%C3%B3n-multi-inversiones-4438755623,Piloto de Transporte Pesado,CMI-Corporación Multi Inversiones,posted,2026-07-17T09:44:25.230233,1950
43374e3872d505e5,https://gt.linkedin.com/jobs/view/supervisor-de-mantenimiento-e-instalaciones-at-integra-psicologia-4440598042,Supervisor de Mantenimiento e Instalaciones,Integra Psicologia,posted,2026-07-17T09:44:43.614997,1952
8378489829d9dd22,https://gt.linkedin.com/jobs/view/ingeniero-a-industrial-%E2%80%93-instalaciones-ferroviarias-at-1a-ingenieros-4437676419,Ingeniero/a Industrial – Instalaciones Ferroviarias,1A Ingenieros,posted,2026-07-17T09:44:55.238259,1954
b01d8d57ff74e0ca,https://gt.linkedin.com/jobs/view/gerente-de-producci%C3%B3n-de-planta-at-corbuma-corp-4414935927,Gerente de Producción de Planta,Corbuma Corp,posted,2026-07-17T09:45:08.462061,1956
489eb9bab9fa3fe8,https://gt.linkedin.com/jobs/view/robotics-engineer-jobs-guatemala-at-rex-zone-4440658357,Robotics Engineer Jobs Guatemala,Rex.zone,posted,2026-07-17T09:45:17.130140,1958
83ca2f72599f1774,https://gt.linkedin.com/jobs/view/executive-assistant-at-workbetternow-4440987760,Executive Assistant,WorkBetterNow,posted,2026-07-17T09:45:22.550567,669
2eb4315511cba724,https://gt.linkedin.com/jobs/view/artificial-intelligence-and-digital-transformation-consultant-at-inter-american-development-bank-4438753266,Artificial Intelligence and Digital Transformation Consultant,Banco Interamericano de Desarrollo,posted,2026-07-17T09:45:31.291583,1960
24aa828c25ffee6a,https://gt.linkedin.com/jobs/view/coordinador-de-planificaci%C3%B3n-at-intepro-4440772406,Coordinador de planificación,,scraped,2026-07-17T09:45:37.917161,
14bbca6e9e9a1306,https://gt.linkedin.com/jobs/view/backend-developer-at-core-code-io-4438961313,Backend Developer,Core Code io,posted,2026-07-17T09:45:52.572741,1962
29465c1e5ec50774,https://gt.linkedin.com/jobs/view/influencer-operations-coordinator-at-aden-grey-4441675541,Influencer Operations Coordinator,Aden Grey,posted,2026-07-17T09:46:03.746958,1964
b8a4c97a87409975,https://gt.linkedin.com/jobs/view/coordinador-de-inventario-at-netser-group-usa-4438721956,Coordinador de inventario,Netser Group USA,posted,2026-07-17T09:46:12.075003,1966
12139369e471bfa4,https://gt.linkedin.com/jobs/view/monitor-de-salud-y-seguridad-ocupacional-at-voccare-4441496700,Monitor de Salud y Seguridad Ocupacional,Voccare,posted,2026-07-17T09:46:29.043384,1968
9fe1d978dc0d261b,https://gt.linkedin.com/jobs/view/data-engineer-gt-at-core-code-io-4438959479,Data Engineer GT,Core Code io,posted,2026-07-17T09:46:43.426072,1970
9b6fe2d221e78fd3,https://gt.linkedin.com/jobs/view/auxiliar-de-tesorer%C3%ADa-at-exeltis-4438024499,AUXILIAR DE TESORERÍA,,scraped,2026-07-17T09:46:46.037633,
f72da8308b6ed772,https://gt.linkedin.com/jobs/view/dise%C3%B1adora-gr%C3%A1fica-jr-at-soluciones-cosmeticas-s-a-4441618331,Diseñadora gráfica Jr.,Soluciones Cosmeticas S.A,posted,2026-07-17T09:47:00.104254,1972
b7807d4fe1398eae,https://gt.linkedin.com/jobs/view/promotor-de-telefonia-chips-tel%C3%A9fonos-e-internet-at-istaff-guatemala-4440258364,Promotor de telefonia /chips teléfonos e internet,,scraped,2026-07-17T09:47:02.683429,
7c5c950d982857bc,https://gt.linkedin.com/jobs/view/supervisor-de-sso-y-ap-at-pricesmart-4438413688,Supervisor de SSO y AP,PriceSmart,posted,2026-07-17T09:47:14.760597,1974
23645d456ba09652,https://gt.linkedin.com/jobs/view/estimator-assistant-at-jjas-door-installations-inc-4440563462,Estimator Assistant,"JJas Door Installations, Inc",posted,2026-07-17T09:47:26.663363,1976
1a88793e44d1de3e,https://gt.linkedin.com/jobs/view/fullstack-developer-gt-3-at-core-code-io-4439117345,Fullstack Developer GT 3,Core Code io,posted,2026-07-17T09:47:35.715751,1978
3ab6ac8f426bfa51,https://gt.linkedin.com/jobs/view/supervisor-de-despacho-comercial-at-grupo-bimbo-4437687927,Supervisor de Despacho Comercial,Grupo Bimbo,posted,2026-07-17T09:47:49.582453,1980
a2515f468231a408,https://gt.linkedin.com/jobs/view/ejecutivo-de-marketing-y-ventas-at-grupo-integral-4441640006,Ejecutivo de marketing y ventas,,scraped,2026-07-17T09:47:52.181542,
17243863ec4c8110,https://gt.linkedin.com/jobs/view/ejecutivo-de-ventas-telef%C3%B3nicas-at-bac-4441626634,Ejecutivo de Ventas Telefónicas,,scraped,2026-07-17T09:48:00.933768,
7fb3fa080f32b547,https://gt.linkedin.com/jobs/view/auxiliar-de-pagos-y-administracion-12414-48833-at-grupo-ficohsa-hn-4431233446,AUXILIAR DE PAGOS Y ADMINISTRACION (12414)(48833),Grupo Ficohsa HN,posted,2026-07-17T09:48:21.219993,1982
c61dc7c0d245edc4,https://gt.linkedin.com/jobs/view/administrador-de-aplicaciones-at-banco-industrial-guatemala-4438021677,Administrador de Aplicaciones,,scraped,2026-07-17T09:48:23.881840,
3460284700d66a95,https://gt.linkedin.com/jobs/view/ingeniero-de-datos-at-blanco-silva-consultor%C3%ADa-inform%C3%A1tica-bsci-4441499640,Ingeniero de datos,,scraped,2026-07-17T09:48:35.333894,
87a5280fa122895e,https://gt.linkedin.com/jobs/view/sales-intern-at-procter-gamble-4429423501,Sales Intern,Procter &amp; Gamble,posted,2026-07-17T09:48:56.451581,1984
a9025d37894353a0,https://gt.linkedin.com/jobs/view/auxiliar-contable-at-dasa-4441219346,Auxiliar Contable,,scraped,2026-07-17T09:49:02.997428,
88885c185ef9322b,https://gt.linkedin.com/jobs/view/asesor-de-servicio-de-flotas-at-canella-s-a-4441674718,ASESOR DE SERVICIO DE FLOTAS,,scraped,2026-07-17T09:49:12.626010,
b1efef5a38eb717d,https://gt.linkedin.com/jobs/view/embajador-de-servicio-al-cliente-at-grupodent-4440836781,Embajador de Servicio al Cliente,,scraped,2026-07-17T09:49:22.241388,
1e5c5b4b67a07310,https://gt.linkedin.com/jobs/view/analista-de-calidad-at-nutritec-4440264256,Analista de calidad,Nutritec,posted,2026-07-17T09:49:36.858681,1986
44b3377c23b47cd4,https://gt.linkedin.com/jobs/view/contador-de-costos-en-agroindustria-at-go-talent-consulting-4441468307,Contador de Costos en Agroindustria,GO Talent Consulting,posted,2026-07-17T09:49:46.594383,1988
d50596ae76ebfdbc,https://gt.linkedin.com/jobs/view/ejecutivo-de-producto-spectrum-media-at-spectrum-4437629286,Ejecutivo de Producto (Spectrum Media),,scraped,2026-07-17T09:49:49.244780,
bc8fbb04bc0b3371,https://gt.linkedin.com/jobs/view/docente-de-matem%C3%A1ticas-at-centro-cristiano-fuente-de-vida-4440367833,Docente de Matemáticas,CENTRO CRISTIANO FUENTE DE VIDA,posted,2026-07-17T09:50:03.761977,1990
8014775d53a3ac09,https://gt.linkedin.com/jobs/view/senior-devsecops-engineer-remote-work-at-bairesdev-4439447361,Senior DevSecOps Engineer - Remote Work,BairesDev,posted,2026-07-17T09:50:10.723762,1093
db89f937bd8a1d83,https://gt.linkedin.com/jobs/view/analista-contable-biling%C3%BCe-at-istaff-guatemala-4440249700,Analista contable -bilingüe,,scraped,2026-07-17T09:50:13.408682,
809a533adaed3726,https://gt.linkedin.com/jobs/view/asesor-a-integral-suplente-en-zona-occidente-at-bam-4441417738,ASESOR/A INTEGRAL SUPLENTE EN ZONA OCCIDENTE,,scraped,2026-07-17T09:50:21.432478,
f223eb9b1315bddc,https://gt.linkedin.com/jobs/view/analista-de-siniestros-en-seguros-de-autom%C3%B3vil-at-banco-industrial-guatemala-4438759343,Analista de Siniestros en Seguros de Automóvil,,scraped,2026-07-17T09:50:27.931336,
290ebe0fb14c3f0a,https://gt.linkedin.com/jobs/view/talent-network-social-media-brand-strategist-at-toptal-4441903851,Talent Network Social Media Brand Strategist,Toptal,posted,2026-07-17T09:50:44.548233,1992
863b2f9907083046,https://gt.linkedin.com/jobs/view/customer-advocate-level-i-at-medrisk-4440747858,Customer Advocate Level I,MedRisk,posted,2026-07-17T09:50:53.708305,1994
bad76dfc7ca9f4f5,https://gt.linkedin.com/jobs/view/ingeniero-de-data-center-at-bac-4441694889,Ingeniero de Data Center,,scraped,2026-07-17T09:50:56.567197,
395563bcc7150c75,https://gt.linkedin.com/jobs/view/full-stack-engineer-react-%2B-kotlin-remote-latin-america-at-fullstack-4432049122,Full Stack Engineer (React + Kotlin) - Remote - Latin America,FullStack,posted,2026-07-17T09:51:09.242024,957
596599148c2fb5d0,https://gt.linkedin.com/jobs/view/gerente-de-tienda-pradera-concepci%C3%B3n-at-grupo-disresa-4441641202,Gerente de Tienda Pradera Concepción,Grupo Disresa,posted,2026-07-17T09:51:33.817936,1996
9258f9cddf322d17,https://gt.linkedin.com/jobs/view/ejecutivo-comercial-gobierno-y-licitaciones-at-sintegradas-s-a-4440792159,Ejecutivo Comercial Gobierno y licitaciones,,scraped,2026-07-17T09:51:38.365968,
d8f7f12500b36a51,https://gt.linkedin.com/jobs/view/contador-general-antigua-guatemala-at-m-a-group-solutions-4440251095,Contador General | Antigua Guatemala,M&A Group Solutions,posted,2026-07-17T09:52:00.006583,1998
7d19fd8c13287746,https://gt.linkedin.com/jobs/view/senior-security-data-scientist-python-remote-work-at-bairesdev-4439433861,Senior Security Data Scientist (Python) - Remote Work,BairesDev,posted,2026-07-17T09:52:04.861662,1005
c09e66c72cf74178,https://gt.linkedin.com/jobs/view/product-support-specialist-guatemala-at-podium-4381663464,Product Support Specialist (Guatemala),Podium,posted,2026-07-17T09:52:13.573846,2000
e7628daf95a51472,https://gt.linkedin.com/jobs/view/jefe-de-territorio-at-sherwin-williams-de-centroam%C3%A9rica-4441204617,Jefe de Territorio,,scraped,2026-07-17T09:52:16.242831,
20e7f4803b860120,https://gt.linkedin.com/jobs/view/jefe-de-recursos-humanos-at-manpowergroup-4439484286,Jefe de recursos humanos,ManpowerGroup,posted,2026-07-17T09:52:28.994367,2002
5b5ad769940b722d,https://gt.linkedin.com/jobs/view/l%C3%ADder-de-tienda-at-grupo-disresa-4441607465,Líder de Tienda,Grupo Disresa,posted,2026-07-17T09:52:42.136740,2004
e3321f2621a0df4e,https://gt.linkedin.com/jobs/view/pre-and-post-sales-engineer-jr-at-operadores-nacionales-4441649929,Pre And Post Sales Engineer JR,,scraped,2026-07-17T09:52:44.799542,
b86ae61c7a3f3b4f,https://gt.linkedin.com/jobs/view/hr-business-partner-at-empresa-confidencial-4441610091,HR Business Partner,Empresa Confidencial,posted,2026-07-17T09:53:00.058155,2006
fe00479ed04acd2a,https://gt.linkedin.com/jobs/view/transaction-monitoring-analyst-at-telus-digital-4441625859,Transaction Monitoring Analyst,,scraped,2026-07-17T09:53:02.705889,
8e5676d1df88f92a,https://gt.linkedin.com/jobs/view/vehicle-listing-verification-specialist-at-veta-virtual-4439871352,Vehicle Listing & Verification Specialist,,scraped,2026-07-17T09:53:09.284711,
479d7e215961991e,https://gt.linkedin.com/jobs/view/workforce-capacity-planning-insights-analyst-at-icon-solutions-group-s-a-4440286054,Workforce Capacity Planning & Insights Analyst,,scraped,2026-07-17T09:53:15.535085,
45f744e7658bde33,https://gt.linkedin.com/jobs/view/especialista-de-selecci%C3%B3n-de-personal-at-solvo-global-4438429476,Especialista de selección de personal,Solvo Global,posted,2026-07-17T09:53:29.629772,2008
9ec83d898027d764,https://gt.linkedin.com/jobs/view/analista-programador-full-stack-at-banco-industrial-guatemala-4438012776,Analista Programador Full Stack,,scraped,2026-07-17T09:53:32.364278,
6538027505aff3b7,https://gt.linkedin.com/jobs/view/asesor-de-ventas-oriente-occidente-at-omr-human-talent-4441696997,ASESOR DE VENTAS ORIENTE / OCCIDENTE,OMR HUMAN TALENT,posted,2026-07-17T09:54:08.832550,2010
9edfcea685cca483,https://gt.linkedin.com/jobs/view/asistente-de-ventas-at-aisa-millenium-guatemala-4441493544,Asistente de Ventas,Aisa Millenium Guatemala,posted,2026-07-17T09:54:20.729377,2012
9c33595626cc3a0a,https://gt.linkedin.com/jobs/view/director-a-de-ventas-canal-tradicional-at-colombina-4438760759,Director/a de Ventas Canal Tradicional,,scraped,2026-07-17T09:54:25.336468,
65bcceda52aaa68d,https://gt.linkedin.com/jobs/view/executive-assistant-at-athena-4390398730,Executive Assistant,,scraped,2026-07-17T09:54:36.704186,
171f10be2993e878,https://gt.linkedin.com/jobs/view/full-stack-engineer-react-%2B-kotlin-remote-latin-america-at-fullstack-4432029874,Full Stack Engineer (React + Kotlin) - Remote - Latin America,FullStack,posted,2026-07-17T09:54:47.482380,957
9b36f36169c47855,https://gt.linkedin.com/jobs/view/full-stack-engineer-react-%2B-kotlin-remote-latin-america-at-fullstack-4432049119,Full Stack Engineer (React + Kotlin) - Remote - Latin America,FullStack,posted,2026-07-17T09:54:52.863424,957
ed341f1e3eb4e2ec,https://gt.linkedin.com/jobs/view/full-stack-engineer-react-%2B-kotlin-remote-latin-america-at-fullstack-4432050144,Full Stack Engineer (React + Kotlin) - Remote - Latin America,FullStack,posted,2026-07-17T09:55:00.382774,957
8c54e5f50276d70b,https://gt.linkedin.com/jobs/view/full-stack-engineer-react-%2B-kotlin-remote-latin-america-at-fullstack-4432028978,Full Stack Engineer (React + Kotlin) - Remote - Latin America,FullStack,scraped,2026-07-17T09:55:04.624082,
251fadbc4c75c1f1,https://gt.linkedin.com/jobs/view/asesor-de-venta-de-motocicletas-yamaha-roosevelt-at-canella-s-a-4441675724,Asesor de Venta de Motocicletas - Yamaha Roosevelt,,scraped,2026-07-17T09:55:11.361491,
e1d8d1c0b215e405,https://gt.linkedin.com/jobs/view/asesor-a-integral-suplente-en-zona-roosevelt-at-bam-4441675291,ASESOR/A INTEGRAL SUPLENTE EN ZONA ROOSEVELT,,scraped,2026-07-17T09:55:22.395737,
59a11ac38e9d84c8,https://gt.linkedin.com/jobs/view/senior-product-designer-figma-%2B-cloud-cursor-remote-latin-america-at-fullstack-4413089165,Senior Product Designer (Figma + Cloud Cursor) - Remote - Latin America,FullStack,posted,2026-07-17T09:55:39.071444,1872
f5dc890f022b0a8c,https://gt.linkedin.com/jobs/view/ai-qa-engineer-agentic-testing-at-applaudo-4440862163,AI QA Engineer (Agentic Testing),,scraped,2026-07-17T09:55:41.731645,
fca7323e2daac7ca,https://gt.linkedin.com/jobs/view/asesor-sala-de-ventas-materiales-de-construcci%C3%B3n-at-procreto-4439873758,Asesor Sala de Ventas (Materiales de Construcción),,scraped,2026-07-17T09:55:48.191473,
9befcc6fc3b6bf36,https://gt.linkedin.com/jobs/view/robotics-engineer-at-rex-zone-4440647811,Robotics Engineer,Rex.zone,posted,2026-07-17T09:56:02.991567,2014
2061c2bc911f129b,https://gt.linkedin.com/jobs/view/director-study-abroad-programs-latin-america-maximo-nivel-at-guardian-jobs-4433535646,"Director, Study Abroad Programs - Latin America, MAXIMO NIVEL",,scraped,2026-07-17T09:56:13.439756,
70d112169a809ede,https://gt.linkedin.com/jobs/view/especialista-de-planning-inmobiliario-at-grupo-strata-4440049790,Especialista de Planning Inmobiliario,,scraped,2026-07-17T09:56:20.421503,
2cd13e83691a3196,https://gt.linkedin.com/jobs/view/learning-content-developer-remote-work-at-bairesdev-4439891992,Learning Content Developer - Remote Work,BairesDev,posted,2026-07-17T09:56:30.643859,463
ddd74e67b905f864,https://gt.linkedin.com/jobs/view/jefe-de-producci%C3%B3n-de-hule-at-happymondays-com-gt-4441600522,Jefe de Producción de Hule,,scraped,2026-07-17T09:56:33.057955,
5171121645ba879a,https://gt.linkedin.com/jobs/view/asesor-de-monitoreo-y-evaluaci%C3%B3n-at-jhpiego-4441252248,Asesor de Monitoreo y Evaluación,Jhpiego,posted,2026-07-17T09:56:49.694260,2016
7b44b94a4fa13f4d,https://gt.linkedin.com/jobs/view/talent-acquisition-specialist-at-toptal-4432101447,Talent Acquisition Specialist,Toptal,posted,2026-07-17T09:56:56.569129,1197
af9e72c9d72ad056,https://gt.linkedin.com/jobs/view/quality-asurrance-specialist-at-lean-solutions-group-4441671637,Quality Asurrance Specialist,Lean Solutions Group,posted,2026-07-17T09:57:07.380645,2018
93d227758d1d6d16,https://gt.linkedin.com/jobs/view/receptor-pagador-rotativo-zona-1-y-zona-17-5433-48996-at-grupo-ficohsa-hn-4440907783,RECEPTOR PAGADOR ROTATIVO: ZONA 1 Y ZONA 17 (5433)(48996),Grupo Ficohsa HN,posted,2026-07-17T09:57:20.436669,2020
8a3dcddf4d4b096f,https://gt.linkedin.com/jobs/view/associate-record-to-analyze-process-expert-at-capgemini-4441286295,Associate Record to Analyze Process Expert,,scraped,2026-07-17T09:57:27.049637,
e23bdea902c6de9c,https://gt.linkedin.com/jobs/view/technical-support-engineer-upto-%2450k-yr-at-mercor-4413252639,Technical Support Engineer | Upto $50K/yr,Mercor,posted,2026-07-17T09:57:42.362497,2022
ee00dd0e5d276119,https://gt.linkedin.com/jobs/view/software-architect-python-aws-ai-at-3pillar-4440350187,"Software Architect (Python, AWS, AI)",3Pillar,posted,2026-07-17T09:57:59.022527,2024
5c209e85081918c7,https://gt.linkedin.com/jobs/view/spanish-english-audio-collection-transcription-project-central-american-at-chemin-ai-4440887808,Spanish-English Audio Collection & Transcription Project - Central American,,scraped,2026-07-17T09:58:01.547227,
af374e61d4c300ce,https://gt.linkedin.com/jobs/view/asesor-de-ventas-externas-4440857752,Asesor de ventas externas,Talentos Integrados Profesionales,posted,2026-07-17T09:58:12.231439,2026
e0d5ed1266ebfed5,https://gt.linkedin.com/jobs/view/herrero-soldador-at-conecta-reclutamiento-4441699908,HERRERO/SOLDADOR,Conecta Reclutamiento,posted,2026-07-17T09:58:22.051691,2028
008b176e72f6b0e5,https://gt.linkedin.com/jobs/view/especialista-de-ciencia-y-anal%C3%ADtica-de-datos-at-bantrab-4438469133,Especialista de Ciencia y Analítica de Datos,Bantrab,posted,2026-07-17T09:58:33.819700,2030
f04fb661babe4b16,https://gt.linkedin.com/jobs/view/auxiliar-contable-zona-16-at-triangulo-guatemala-4441667056,Auxiliar contable zona 16,Triangulo Guatemala,posted,2026-07-17T09:58:42.545540,2032
c54e6c8473f90055,https://gt.linkedin.com/jobs/view/asesor-de-venta-de-veh%C3%ADculos-at-grupo-continental-motores-4440210949,Asesor de Venta de Vehículos,Grupo Continental Motores,posted,2026-07-17T09:58:51.488200,2034
5999f33305364831,https://gt.linkedin.com/jobs/view/supervisor-de-proyectos-t%C3%A9cnico-at-vitec-4439897679,Supervisor de Proyectos/Técnico,,scraped,2026-07-17T09:58:54.093576,
c4c7ef5a1c6ee070,https://gt.linkedin.com/jobs/view/vendedor-senior-at-envia-com-4438749574,Vendedor Senior,,scraped,2026-07-17T09:59:04.949304,
6627a8386671514d,https://gt.linkedin.com/jobs/view/asesor-senior-de-seguridad-sanitaria-global-at-jhpiego-4441240580,Asesor Senior de Seguridad Sanitaria Global,Jhpiego,posted,2026-07-17T09:59:18.296247,2036
38155937b674633f,https://gt.linkedin.com/jobs/view/contador-general-at-krediya-4441604759,Contador general,,scraped,2026-07-17T09:59:24.904599,
1d5541c005665532,https://gt.linkedin.com/jobs/view/media-solutions-sr-analyst-at-pedidosya-4403991894,Media Solutions Sr Analyst,,scraped,2026-07-17T09:59:31.457880,
f1f0b11f80fc8d7a,https://gt.linkedin.com/jobs/view/ejecutivo-a-t%C3%A9cnico-a-comercial-sr-porcicultura-at-cargill-4440287036,Ejecutivo(a) Técnico(a) Comercial Sr. - Porcicultura,Cargill,posted,2026-07-17T09:59:46.298634,2038
4eae465a9732d48b,https://gt.linkedin.com/jobs/view/especialista-de-desarrollo-de-productos-alimentos-at-grupo-campe%C3%B3n-4440997761,Especialista de Desarrollo de Productos - Alimentos,,scraped,2026-07-17T09:59:48.902447,
517d0ebfa96845e2,https://gt.linkedin.com/jobs/view/ingeniero-mecanico-industrial-4435827850,Ingeniero Mecanico Industrial,BIOTRASH,posted,2026-07-17T10:00:06.235522,2040
8e29026b2cf85ae7,https://gt.linkedin.com/jobs/view/associate-c2c-collections-process-expert-at-capgemini-4440867183,Associate C2C Collections Process Expert,,scraped,2026-07-17T10:00:08.922501,
39c4e56801cd8497,https://gt.linkedin.com/jobs/view/profesor-y-profesora-para-mix-san-crist%C3%B3bal-at-smart-fit-guatemala-4440259367,Profesor y profesora para Mix San Cristóbal,,scraped,2026-07-17T10:00:15.268549,
4259017f699c1860,https://gt.linkedin.com/jobs/view/analista-de-datos-jr-at-miscorp-s-a-4441108085,Analista de datos Jr,,scraped,2026-07-17T10:00:21.614368,
09448183cad2279f,https://gt.linkedin.com/jobs/view/settlement-coordinator-at-topdog-law-4391613352,Settlement Coordinator,TopDog Law,posted,2026-07-17T10:00:34.354715,2042
626dbfa97cbd5e1d,https://gt.linkedin.com/jobs/view/auxiliar-de-ventas-ciudad-guatemala-at-cargill-4438734820,Auxiliar de Ventas - Ciudad Guatemala,Cargill,posted,2026-07-17T10:00:53.392879,2044
7c4028ba5252705a,https://gt.linkedin.com/jobs/view/senior-technical-program-manager-id70121-at-agileengine-4440762080,Senior Technical Program Manager ID70121,AgileEngine,posted,2026-07-17T10:01:09.205989,2046
5f7a8f977b858ab9,https://gt.linkedin.com/jobs/view/custodian-1-at-the-church-of-jesus-christ-of-latter-day-saints-4441129999,Custodian 1,The Church of Jesus Christ of Latter-day Saints,posted,2026-07-17T10:01:20.107156,2048
b7f4a11e668ef7de,https://gt.linkedin.com/jobs/view/oftalm%C3%B3logo-4440996015,Oftalmólogo,Visualiza S.A.,posted,2026-07-17T10:01:27.381132,2050
100cd8544e756811,https://gt.linkedin.com/jobs/view/senior-qa-automation-engineer-id72456-at-agileengine-4440234954,Senior QA Automation Engineer ID72456,AgileEngine,posted,2026-07-17T10:01:36.156895,2052
962771e2b204d1b7,https://gt.linkedin.com/jobs/view/senior-software-engineer-id72455-at-agileengine-4441248407,Senior Software Engineer ID72455,AgileEngine,posted,2026-07-17T10:01:44.580534,2054
c31a01b70c190c2f,https://gt.linkedin.com/jobs/view/senior-accounting-manager-at-veta-virtual-4439873192,Senior Accounting Manager,,scraped,2026-07-17T10:01:47.199193,
69f52f319c08fdf8,https://gt.linkedin.com/jobs/view/t%C3%A9cnico-de-servicios-at-qc-international-a-buisness-partner-of-qsc-inc-4440567981,Técnico de Servicios,,scraped,2026-07-17T10:01:57.591284,
40b814bfcb04cc01,https://gt.linkedin.com/jobs/view/senior-backend-engineer-tech-lead-3-4-month-long-remote-latin-america-at-fullstack-4441205884,Senior Backend Engineer Tech Lead (3-4 month long) - Remote - Latin America,FullStack,posted,2026-07-17T10:02:12.006746,1868
deee7cb7de9ad9bd,https://gt.linkedin.com/jobs/view/lead-backend-engineer-id76299-at-agileengine-4440885580,Lead Backend Engineer ID76299,AgileEngine,posted,2026-07-17T10:02:17.005003,1730
f5d204cbcb86cead,https://gt.linkedin.com/jobs/view/senior-product-designer-figma-%2B-cloud-cursor-remote-latin-america-at-fullstack-4413093072,Senior Product Designer (Figma + Cloud Cursor) - Remote - Latin America,FullStack,posted,2026-07-17T10:02:22.313738,1872
9ab90306d959b372,https://gt.linkedin.com/jobs/view/cyber-security-engineer-at-empresa-confidencial-4441210534,Cyber Security Engineer,Empresa Confidencial,posted,2026-07-17T10:02:32.645864,2056
b5213267b7c46cd6,https://gt.linkedin.com/jobs/view/senior-product-designer-figma-%2B-cloud-cursor-remote-latin-america-at-fullstack-4413072971,Senior Product Designer (Figma + Cloud Cursor) - Remote - Latin America,FullStack,posted,2026-07-17T10:02:37.480289,1872
0fb8a4a895477e87,https://gt.linkedin.com/jobs/view/senior-product-designer-figma-%2B-cloud-cursor-remote-latin-america-at-fullstack-4413091093,Senior Product Designer (Figma + Cloud Cursor) - Remote - Latin America,FullStack,posted,2026-07-17T10:02:42.437535,1872
cef323c556d4295a,https://gt.linkedin.com/jobs/view/senior-technical-program-manager-id70121-at-agileengine-4441639990,Senior Technical Program Manager ID70121,AgileEngine,posted,2026-07-17T10:02:47.265129,2046
a2ce6180b6d8e13e,https://gt.linkedin.com/jobs/view/senior-backend-engineer-tech-lead-3-4-month-long-remote-latin-america-at-fullstack-4441203961,Senior Backend Engineer Tech Lead (3-4 month long) - Remote - Latin America,FullStack,posted,2026-07-17T10:02:52.349045,1868
7f507402e80b9ba4,https://gt.linkedin.com/jobs/view/tornero-fresador-at-desarrollo-mecanico-industrial-4440081792,TORNERO FRESADOR,Desarrollo Mecanico Industrial,posted,2026-07-17T10:03:02.600138,2058
59d27b7048ba133b,https://gt.linkedin.com/jobs/view/senior-technical-program-manager-remote-work-at-bairesdev-4439474063,Senior Technical Program Manager - Remote Work,BairesDev,posted,2026-07-17T10:03:11.449762,1365
d1c4121c06132e5f,https://gt.linkedin.com/jobs/view/t%C3%A9cnico-de-servicios-de-campo-at-ketplus-guatemala-4441202650,Técnico de servicios de campo,,scraped,2026-07-17T10:03:18.032286,
344df72797f91fa8,https://gt.linkedin.com/jobs/view/customer-experience-associate-ii-at-conduent-4441947045,Customer Experience Associate II,Conduent,posted,2026-07-17T10:03:29.361079,751
2fe104ffc5e699ca,https://gt.linkedin.com/jobs/view/health-and-safety-specialist-at-amazon-4414239220,Health and Safety Specialist,Amazon,posted,2026-07-18T08:30:44.819654,2060
974d28aac29e86c2,https://gt.linkedin.com/jobs/view/estimator-at-pronto-bpo-4441348241,Estimator,,scraped,2026-07-18T08:30:47.410188,
b2abf7d93d022a36,https://gt.linkedin.com/jobs/view/project-estimator-at-pronto-bpo-4442166312,Project Estimator,,scraped,2026-07-18T08:31:00.498683,
f85469918a00b15c,https://gt.linkedin.com/jobs/view/piloto-para-restaurante-at-the-andres-talent-4441902773,PILOTO para restaurante,The Andres Talent,posted,2026-07-18T08:31:22.868743,2062
e2424dc69f419aa9,https://gt.linkedin.com/jobs/view/lg001-courier-at-fedex-4442196447,LG001 Courier,FedEx,posted,2026-07-18T08:31:33.340886,2064
30f76cd3c377097a,https://gt.linkedin.com/jobs/view/asistente-administrativa-experiencia-guatecompras-at-identity-guatemala-4439284159,Asistente Administrativa Experiencia Guatecompras,,scraped,2026-07-18T08:31:49.972817,
c497dfa842010e43,https://gt.linkedin.com/jobs/view/ejecutiv-%40-de-atenci%C3%B3n-al-cliente-y-ventas-en-tienda-at-identity-guatemala-4439265953,Ejecutiv @ de Atención al Cliente y Ventas en Tienda,,scraped,2026-07-18T08:32:04.257517,
deb7bdb540fea13b,https://gt.linkedin.com/jobs/view/gerente-de-categor%C3%ADa-motos-at-grupo-distelsa-4439274628,Gerente de Categoría - Motos-,Grupo Distelsa,posted,2026-07-18T08:32:28.306060,2066
d5f1a19fe3630624,https://gt.linkedin.com/jobs/view/coordinador-de-regulatorio-e-innovacion-at-nutritec-4440248767,Coordinador de Regulatorio e Innovacion,Nutritec,posted,2026-07-18T08:32:37.305379,2068
44a44d97181f55f1,https://gt.linkedin.com/jobs/view/coordinador-de-it-at-2it-jobs-4441699918,Coordinador de IT,,scraped,2026-07-18T08:32:39.913844,
a89c09a9eee61088,https://gt.linkedin.com/jobs/view/auxiliar-de-cobro-telef%C3%B3nico-mora-90-at-interconsumo-4438084873,Auxiliar de Cobro Telefónico Mora 90,,scraped,2026-07-18T08:32:47.128825,
8e636557502058ae,https://gt.linkedin.com/jobs/view/asistente-de-ventas-zona-12-sin-experiencia-at-ghc-talent-4440875964,Asistente de ventas / Zona 12/ Sin experiencia,GHC Talent,posted,2026-07-18T08:33:04.231380,2070
aa9d4b07c43c430f,https://gt.linkedin.com/jobs/view/docente-hora-clase-medico-at-ecopower-efici%C3%AAncia-energ%C3%A9tica-4442406729,Docente hora clase- Medico,EcoPower - Eficiência Energética,posted,2026-07-18T08:33:12.933769,2072
781b4ca1798b366d,https://gt.linkedin.com/jobs/view/coordinador-de-mejora-operacional-at-corporaci%C3%B3n-multi-inversiones-4437622684,Coordinador de Mejora Operacional,CMI-Corporación Multi Inversiones,posted,2026-07-18T08:33:25.097734,2074
7764b3e7717dc7bd,https://gt.linkedin.com/jobs/view/ejecutivo-a-de-ventas-h%C3%ADbrido-at-sapiens-guatemala-4441369510,Ejecutivo(a) de Ventas Híbrido,Sapiens Guatemala,posted,2026-07-18T08:33:42.174231,2076
90b1abf8715a5253,https://gt.linkedin.com/jobs/view/auxiliar-de-empaque-el-tejar-30400299-at-mission-foods-4439286039,AUXILIAR DE EMPAQUE EL TEJAR (30400299),Mission Foods,posted,2026-07-18T08:33:47.081306,1133
849bad8a4a3feda5,https://gt.linkedin.com/jobs/view/asistente-para-el-area-comercial-at-rh-inmova-4440880790,Asistente para el Area Comercial,RH INMOVA,posted,2026-07-18T08:33:59.106351,2078
7dd417f98b801f53,https://gt.linkedin.com/jobs/view/virtual-executive-assistant-remote-at-viva-talent-4442101871,Virtual Executive Assistant (Remote),Viva Talent,posted,2026-07-18T08:34:03.984446,349
f7385e0aa195cbbc,https://gt.linkedin.com/jobs/view/operador-de-monitoreo-y-control-de-accesos-michatoya-at-gol%C3%A1n-4438446041,OPERADOR DE MONITOREO Y CONTROL DE ACCESOS - MICHATOYA,Golán,posted,2026-07-18T08:34:20.286721,2080
5412a1acb31fcb8b,https://gt.linkedin.com/jobs/view/gestor-de-emisi%C3%B3n-de-p%C3%B3lizas-aseguradora-at-istaff-guatemala-4440249718,Gestor de emisión de pólizas - aseguradora,,scraped,2026-07-18T08:34:24.916920,
3db5a7f2eab08add,https://gt.linkedin.com/jobs/view/record-your-daily-routine-get-paid-ai-training-remote-at-toloka-annotators-4440528456,Record Your Daily Routine & Get Paid - AI Training (Remote),Toloka Annotators,posted,2026-07-18T08:34:37.297423,325
fc65b2addcc4e55d,https://gt.linkedin.com/jobs/view/gerente-de-banco-azteca-at-grupo-salinas-guatemala-4437693074,Gerente de Banco Azteca,Grupo Salinas Guatemala,posted,2026-07-18T08:34:47.773461,2082
b02ebcc989ce24fb,https://gt.linkedin.com/jobs/view/analista-de-tesorer%C3%ADa-at-corporaci%C3%B3n-multi-inversiones-4441283515,Analista de Tesorería,CMI-Corporación Multi Inversiones,posted,2026-07-18T08:35:00.008533,2084
20a783836cfbc1c4,https://gt.linkedin.com/jobs/view/mercaderista-guatemala-at-foam-industrial-4441914405,MERCADERISTA GUATEMALA,FOAM INDUSTRIAL,posted,2026-07-18T08:35:15.527487,2086
0daf15c50dab021c,https://gt.linkedin.com/jobs/view/asistente-comercial-experiencia-guatecompras-at-identity-guatemala-4439264909,Asistente Comercial Experiencia Guatecompras,,scraped,2026-07-18T08:35:18.181148,
a9d39be8376bb0d4,https://gt.linkedin.com/jobs/view/secretaria-tienda-ferretera-el-rancho-el-progreso-at-didelasa-4439893842,Secretaria tienda ferretera - El Rancho El Progreso,,scraped,2026-07-18T08:35:49.670400,
f8c69926131f4ca9,https://gt.linkedin.com/jobs/view/dwz-business-intelligence-assistant-freelance-at-the-darwinzone-4438445077,DWZ - Business Intelligence Assistant Freelance,,scraped,2026-07-18T08:35:55.908910,
61a57e9d7d6ddd59,https://gt.linkedin.com/jobs/view/analista-de-atencion-al-colaborador-at-gol%C3%A1n-4438460785,ANALISTA DE ATENCION AL COLABORADOR,Golán,posted,2026-07-18T08:36:12.151853,2088
c6509e0ebf068f6e,https://gt.linkedin.com/jobs/view/gestor-de-cobros-at-identity-guatemala-4439279624,Gestor de Cobros,,scraped,2026-07-18T08:36:14.775179,
e0e3636b736bed19,https://gt.linkedin.com/jobs/view/innovation-project-manager-at-capgemini-4440077115,Innovation Project Manager,,scraped,2026-07-18T08:36:32.593968,
54ad51765524d964,https://gt.linkedin.com/jobs/view/piloto-escolta-at-hrm-consulting-4439893848,Piloto Escolta,,scraped,2026-07-18T08:36:40.844635,
731dbb547a1cb15b,https://gt.linkedin.com/jobs/view/visitadora-m%C3%A9dica-jr-at-dasa-4441319699,Visitadora Médica Jr.,,scraped,2026-07-18T08:36:51.726887,
47dd832ed1e1595a,https://gt.linkedin.com/jobs/view/accountant-hotel-industry-at-howard-4441648475,Accountant (Hotel Industry),Howard,posted,2026-07-18T08:37:09.892348,485
e1de5bb1dabd51e0,https://gt.linkedin.com/jobs/view/project-manager-professional-at-5b-transacciones-y-transferencias-s-a-4442166975,Project Manager Professional,,scraped,2026-07-18T08:37:16.456584,
dcbab61bfd768132,https://gt.linkedin.com/jobs/view/supervisor-t%C3%A9cnico-at-eshop-group-4439281083,Supervisor Técnico,,scraped,2026-07-18T08:37:24.769395,
72c1f096af4d9fa0,https://gt.linkedin.com/jobs/view/asistente-de-cr%C3%A9ditos-fha-at-desarrolladora-bloque-4441609208,Asistente de créditos Fha,Desarrolladora Bloque,posted,2026-07-18T08:37:41.864893,2090
724e54ddef217fc4,https://gt.linkedin.com/jobs/view/monitores-de-sso-zonas-5-16-y-17-at-talento-efectivo-4440265220,Monitores de SSO / Zonas 5 16 y 17,,scraped,2026-07-18T08:37:46.493596,
cea585d786660922,https://gt.linkedin.com/jobs/view/electricista-at-eca-electricidad-4442187294,Electricista,,scraped,2026-07-18T08:38:00.772776,
ea7f0a8453a15a62,https://gt.linkedin.com/jobs/view/innovation-project-manager-at-capgemini-4440059899,Innovation Project Manager,,scraped,2026-07-18T08:38:13.070298,
f04ab4e43a63257a,https://gt.linkedin.com/jobs/view/gerente-comercial-%E2%80%93-repuestos-yamaha-at-canella-s-a-4441206431,GERENTE COMERCIAL – REPUESTOS YAMAHA,,scraped,2026-07-18T08:38:31.435637,
2df98578d0cb972f,https://gt.linkedin.com/jobs/view/cloud-operations-manager-at-escala-24x7-inc-4441624966,Cloud Operations Manager,Escala 24x7 Inc.,posted,2026-07-18T08:38:48.017158,2092
330a9ba077255210,https://gt.linkedin.com/jobs/view/supervisor-de-servicio-al-cliente-at-dhl-global-forwarding-4441919360,Supervisor de Servicio al Cliente,DHL Global Forwarding,posted,2026-07-18T08:39:25.929135,2094
55c054e12ea55e86,https://gt.linkedin.com/jobs/view/auxiliar-contable-at-rentokil-guatemala-4442170501,Auxiliar contable,,scraped,2026-07-18T08:39:40.479562,
59c3e6d35f5aecfc,https://gt.linkedin.com/jobs/view/panadero-at-hotel-hilton-guatemala-city-4440784422,Panadero,Hotel Hilton Guatemala City,posted,2026-07-18T08:40:06.194174,2096
e7c4830fbe60a514,https://gt.linkedin.com/jobs/view/encargado-de-costo-at-rosul-4440596224,Encargado de Costo,,scraped,2026-07-18T08:40:08.768913,
df73e2efd0f5300a,https://gt.linkedin.com/jobs/view/sales-representative-at-faldekor-gt-4440590685,Sales Representative,Faldekor GT,posted,2026-07-18T08:40:22.967093,1858
daa144fbb77b9ab6,https://gt.linkedin.com/jobs/view/asesor-b2b-at-corporaci%C3%B3n-fb-4440568944,Asesor B2B,,scraped,2026-07-18T08:40:25.591876,
e6fa447733de9e37,https://gt.linkedin.com/jobs/view/ejecutiva-senior-de-desarrollo-de-negocios-at-grupo-itsa-4440896038,Ejecutiva Senior de Desarrollo de Negocios,,scraped,2026-07-18T08:40:36.918211,
1521ccf2907d650a,https://gt.linkedin.com/jobs/view/analista-financiero-senior-at-the-darwinzone-4441329952,Analista Financiero Senior,,scraped,2026-07-18T08:40:45.463973,
1c2b8d67ce578ef2,https://gt.linkedin.com/jobs/view/profesor-o-profesora-de-medio-tiempo-para-oakland-mall-at-smart-fit-guatemala-4440254510,Profesor o profesora de medio tiempo para Oakland Mall,,scraped,2026-07-18T08:40:52.185900,
b9c6abb4a075cd76,https://gt.linkedin.com/jobs/view/t%C3%A9cnico-a-de-mantenimiento-e%C3%B3lico-palencia-at-vestas-4349303333,Técnico/a de Mantenimiento Eólico- Palencia,,scraped,2026-07-18T08:41:02.501544,
94d5fbfb2ed570d2,https://gt.linkedin.com/jobs/view/asesor-comercial-at-nuvela-italian-design-4416962255,Asesor comercial,,scraped,2026-07-18T08:41:12.929648,
54a4e44a3f525dd5,https://gt.linkedin.com/jobs/view/supervisor-a-el%C3%A9ctrico-a-junior-at-enhol-group-4438746337,SUPERVISOR/A ELÉCTRICO/A JUNIOR,,scraped,2026-07-18T08:41:23.062400,
05edd61352af61e2,https://gt.linkedin.com/jobs/view/encargado-a-de-camarer%C3%ADa-at-santa-teresita-4441276925,Encargado(a) de Camarería,,scraped,2026-07-18T08:41:32.547096,
0b555520e52808d6,https://gt.linkedin.com/jobs/view/ingeniero-de-aplicaciones-de-energia-at-roderotas-4440379159,Ingeniero de Aplicaciones de Energia,,scraped,2026-07-18T08:41:41.348393,
72c88711a80066ce,https://gt.linkedin.com/jobs/view/contador-junior-at-rsm-guatemala-4441626931,Contador Junior,,scraped,2026-07-18T08:41:47.995132,
76081d08ac003d07,https://gt.linkedin.com/jobs/view/ingeniero-en-sistemas-empresariales-y-transformaci%C3%B3n-digital-at-happymondays-com-gt-4441293136,Ingeniero en Sistemas Empresariales y Transformación Digital,,scraped,2026-07-18T08:41:54.808325,
a68133bb725121b0,https://gt.linkedin.com/jobs/view/business-development-representative-at-ottomatik-io-4440662420,Business Development Representative,Ottomatik.io,posted,2026-07-18T08:42:09.735634,2098
1deda5c1f089052a,https://gt.linkedin.com/jobs/view/analista-de-contabilidad-at-empresa-confidencial-4440258114,ANALISTA DE CONTABILIDAD,Empresa Confidencial,posted,2026-07-18T08:42:24.367165,2100
77ec1406e8e098e7,https://gt.linkedin.com/jobs/view/asesor-de-ventas-con-veh%C3%ADculo-at-identity-guatemala-4439278620,Asesor de Ventas con Vehículo,,scraped,2026-07-18T08:42:30.926753,
6ff172ab00a1c11f,https://gt.linkedin.com/jobs/view/pasantia-universitaria-talento-b-at-bam-4441362454,PASANTIA UNIVERSITARIA- TALENTO B,,scraped,2026-07-18T08:42:45.734192,
81fcc6022c17ac68,https://gt.linkedin.com/jobs/view/administrador-de-base-de-datos-at-empresa-confidencial-4441266725,Administrador de Base de Datos,Empresa Confidencial,posted,2026-07-18T08:43:00.423196,2102
13b7936501e5495a,https://gt.linkedin.com/jobs/view/epidemi%C3%B3logo-a-para-seguridad-sanitaria-global-at-jhpiego-4441252244,Epidemiólogo/a para Seguridad Sanitaria Global,Jhpiego,posted,2026-07-18T08:43:09.284864,2104
c063ff2a87e9f7af,https://gt.linkedin.com/jobs/view/jefe-de-tienda-at-cemaco-4439235713,Jefe de tienda,,scraped,2026-07-18T08:43:13.936190,
77ca4a09caed580f,https://gt.linkedin.com/jobs/view/engineering-sales-specialist-datacenter-at-adistec-4439236910,Engineering Sales Specialist - Datacenter,Adistec,posted,2026-07-18T08:43:26.108505,2106
755a0ccd75a32159,https://gt.linkedin.com/jobs/view/chief-data-scientist-at-epam-systems-4438487649,Chief Data Scientist,EPAM Systems,posted,2026-07-18T08:43:35.739016,2108
61f446e30f4ad5bf,https://gt.linkedin.com/jobs/view/jefe-de-transporte-at-canella-s-a-4441236413,Jefe de Transporte,,scraped,2026-07-18T08:43:38.331122,
58745130cab100b7,https://gt.linkedin.com/jobs/view/analista-sr-de-cr%C3%A9ditos-corporativos-zona-10-at-grupo-ficohsa-gt-4439426378,Analista SR. de Créditos Corporativos: Zona 10,Grupo Ficohsa GT,posted,2026-07-18T08:44:02.080824,2110
48444647f1931282,https://gt.linkedin.com/jobs/view/piloto-vendedor-rutero-en-coatepeque-quetzaltenango-at-business-development-experts-4441981410,"Piloto Vendedor Rutero en Coatepeque, Quetzaltenango",,scraped,2026-07-18T08:44:06.685471,
21df73c9b545fc69,https://gt.linkedin.com/jobs/view/operador-a-de-cargador-frontal-planta-concreto-vas-at-holcim-guatemala-4431652745,Operador/a de Cargador Frontal - Planta Concreto VAS,Holcim Guatemala,posted,2026-07-18T08:44:26.843959,2112
83cf0c803ffeb9e9,https://gt.linkedin.com/jobs/view/lead-data-scientist-at-epam-systems-4438477843,Lead Data Scientist,EPAM Systems,posted,2026-07-18T08:44:34.295745,2114
c27b6fe7d6f0ff82,https://gt.linkedin.com/jobs/view/supervisor-de-workforce-at-atento-4438436445,Supervisor de Workforce,Atento,posted,2026-07-18T08:44:48.292235,2116
66c91e916d5c23ea,https://gt.linkedin.com/jobs/view/especialista-senior-de-laboratorio-at-jhpiego-4441236729,Especialista Senior de Laboratorio,Jhpiego,posted,2026-07-18T08:45:07.866644,2118
ecc46b03686ead59,https://gt.linkedin.com/jobs/view/integrations-lead-at-red-efectiva-4439832545,Integrations Lead,,scraped,2026-07-18T08:45:10.413258,
bee90f1d1a00c750,https://gt.linkedin.com/jobs/view/m%C3%A9dico-general-at-bantrab-4442115836,Médico general,Bantrab,posted,2026-07-18T08:45:28.646674,2120
6863460bcd9d8120,https://gt.linkedin.com/jobs/view/especialista-en-ventas-y-marketing-at-sitecpro-guatemala-4442117975,Especialista en ventas y marketing,,scraped,2026-07-18T08:45:35.221511,
73281009699a952d,https://gt.linkedin.com/jobs/view/piloto-repartidor-ciudad-o-departamental-at-cosenza-rh-4439894821,Piloto Repartidor - Ciudad o Departamental,,scraped,2026-07-18T08:45:43.607101,
2b37979e8abf438d,https://gt.linkedin.com/jobs/view/analista-de-auditoria-para-cuilapa-santa-rosa-at-sociedad-anonima-4441678239,Analista de Auditoria para Cuilapa Santa Rosa,,scraped,2026-07-18T08:45:50.076218,
0363b5fd6c3ab60b,https://gt.linkedin.com/jobs/view/asesor-de-ventas-jutiapa-at-tigo-guatemala-4437689124,Asesor de Ventas Jutiapa,Tigo Guatemala,posted,2026-07-18T08:46:16.119447,2122
e52c229a81a1ebe7,https://gt.linkedin.com/jobs/view/customer-experience-associate-ii-at-conduent-4441478168,Customer Experience Associate II,Conduent,posted,2026-07-18T08:46:20.892249,751
db05c0e5951748fd,https://gt.linkedin.com/jobs/view/senior-lead-qa-automation-engineer-id71661-at-agileengine-4441416177,Senior/Lead QA Automation Engineer ID71661,AgileEngine,posted,2026-07-18T08:46:29.812336,2124
31e0310e5ce8bcfd,https://gt.linkedin.com/jobs/view/contratamos%21%21-ejecutiva-o-de-ventas-con-experiencia-ventas-de-transporte-a%C3%A9reo-mar%C3%ADtimo-y-terrestre-at-asesor%C3%ADa-integral-consultores-4439478290,"CONTRATAMOS!! EJECUTIVA/O DE VENTAS CON EXPERIENCIA VENTAS DE TRANSPORTE AÉREO, MARÍTIMO Y TERRESTRE.",,scraped,2026-07-18T08:46:32.396096,
f3cef782f203631c,https://gt.linkedin.com/jobs/view/asesor-a-integral-en-agencia-nueva-concepcion-at-bam-4441669622,ASESOR/A INTEGRAL EN AGENCIA NUEVA CONCEPCION,,scraped,2026-07-18T08:46:42.874866,
4a54b7c57b600d75,https://gt.linkedin.com/jobs/view/senior-sap-fico-consultant-%E2%80%93-s-4hana-public-cloud-%E2%80%93-english-c1-%E2%80%93-latam-remote-guatemala-at-sapindex-4429107755,Senior SAP FICO Consultant – S/4HANA Public Cloud – English C1 – LATAM Remote - Guatemala,,scraped,2026-07-18T08:46:53.364112,
32bec0c332a7a5b1,https://gt.linkedin.com/jobs/view/bodeguero-y-piloto-para-libreria-at-instituto-neurovida-4442411436,BODEGUERO Y PILOTO  PARA LIBRERIA,Instituto NeuroVida,posted,2026-07-19T09:33:15.710101,2126
528beb696eea5115,https://gt.linkedin.com/jobs/view/auxiliar-de-bodega-at-grupo-buena-4442419078,Auxiliar de Bodega,,scraped,2026-07-19T09:33:18.279328,
fb9468b4422a1708,https://gt.linkedin.com/jobs/view/gestor-a-de-la-tecnolog%C3%ADa-educativa-at-universidad-del-valle-de-guatemala-4441925560,Gestor/a de la Tecnología Educativa,Universidad del Valle de Guatemala,posted,2026-07-19T09:33:33.829192,2128
d52e26085078d9e4,https://gt.linkedin.com/jobs/view/administrador-de-centro-comercial-at-istaff-guatemala-4440794111,Administrador de Centro Comercial,,scraped,2026-07-19T09:33:38.443385,
235ff84754d29445,https://gt.linkedin.com/jobs/view/asistente-administrativa-zona-14-at-macro-recursos-humanos-4442198056,Asistente Administrativa / Zona 14,Macro Recursos Humanos,posted,2026-07-19T09:33:53.420708,2130
07f22a6183cbdfee,https://gt.linkedin.com/jobs/view/auxiliar-de-bodega-at-identity-guatemala-4439223676,Auxiliar de bodega,,scraped,2026-07-19T09:33:56.049793,
1957089f443d0539,https://gt.linkedin.com/jobs/view/auditor-interno-de-procesos-industriales-at-corporaci%C3%B3n-multi-inversiones-4439265617,Auditor Interno de Procesos Industriales,CMI-Corporación Multi Inversiones,posted,2026-07-19T09:34:17.368965,2132
3f9dad26d3bd7cf3,https://gt.linkedin.com/jobs/view/auxiliar-de-tienda-miniso-sankris-at-miniso-colombia-4440860685,Auxiliar de Tienda-Miniso Sankris,,scraped,2026-07-19T09:34:19.936521,
ae8d3d43e703a6ba,https://gt.linkedin.com/jobs/view/encargado-de-aseguramiento-de-la-calidad-hombre-at-central-agr%C3%ADcola-4440786360,Encargado de Aseguramiento de la Calidad - Hombre,,scraped,2026-07-19T09:34:26.467131,
63071a7612860499,https://gt.linkedin.com/jobs/view/inspector-de-aseguramiento-de-la-calidad-hombre-at-central-agr%C3%ADcola-4441402848,Inspector de Aseguramiento de la Calidad - Hombre,,scraped,2026-07-19T09:34:32.840794,
a09edd4d4efd94ce,https://gt.linkedin.com/jobs/view/especialista-en-gesti%C3%B3n-administrativa-del-centro-de-investigaciones-arqueol%C3%B3gicas-y-antropol%C3%B3gicas-at-universidad-del-valle-de-guatemala-4441270783,Especialista en Gestión Administrativa del Centro de Investigaciones Arqueológicas y Antropológicas,Universidad del Valle de Guatemala,posted,2026-07-19T09:34:50.759855,2134
712defb29f27b6c7,https://gt.linkedin.com/jobs/view/supervisor-de-bodegas-departamentales-sector-retail-at-conecta-reclutamiento-4441696988,SUPERVISOR DE BODEGAS DEPARTAMENTALES (SECTOR RETAIL),Conecta Reclutamiento,posted,2026-07-19T09:35:06.896189,2136
c1805ddbe4c855b7,https://gt.linkedin.com/jobs/view/gerente-de-proyectos-vivienda-vertical-at-sapiens-guatemala-4441359867,Gerente de Proyectos vivienda vertical,Sapiens Guatemala,posted,2026-07-19T09:35:21.432537,2138
41d5a10dc0b21c97,https://gt.linkedin.com/jobs/view/conserje-at-identity-guatemala-4439274790,Conserje,,scraped,2026-07-19T09:35:26.109896,
466a133c0c1f97f1,https://gt.linkedin.com/jobs/view/encargado-de-compras-locales-at-identity-guatemala-4439620513,Encargado de Compras Locales,,scraped,2026-07-19T09:35:37.897887,
603c5d9d9bcfa078,https://gt.linkedin.com/jobs/view/jefe-de-producci%C3%B3n-at-identity-guatemala-4439277728,Jefe de Producción,,scraped,2026-07-19T09:35:49.422756,
73973e05af62fc8c,https://gt.linkedin.com/jobs/view/supervisor-de-%C3%A1rea-fr%C3%ADo-y-congelado-at-corporaci%C3%B3n-multi-inversiones-4438720800,Supervisor de Área Frío y Congelado,CMI-Corporación Multi Inversiones,posted,2026-07-19T09:36:12.517099,2140
6c9c27918a424d47,https://gt.linkedin.com/jobs/view/puesto-piloto-1000-at-grupo-sega-4439922628,Puesto piloto 1000,,scraped,2026-07-19T09:36:17.078573,
12a1a0d85021ebcd,https://gt.linkedin.com/jobs/view/coordinador-comercial-at-istaff-guatemala-4440247911,Coordinador comercial,,scraped,2026-07-19T09:36:25.579198,
1fa6f2bc5b04c99c,https://gt.linkedin.com/jobs/view/cajero-a-at-centro-m%C3%A9dico-4437680475,Cajero/a,,scraped,2026-07-19T09:36:31.490074,
3fe021289843f16e,https://gt.linkedin.com/jobs/view/auxiliar-de-compras-at-compugangas-4441914401,Auxiliar de Compras,,scraped,2026-07-19T09:36:38.233515,
43d0da950e842779,https://gt.linkedin.com/jobs/view/auxiliar-contable-at-activa-group-4442487856,Auxiliar Contable,,scraped,2026-07-19T09:36:46.435084,
4337d1ff77670df8,https://gt.linkedin.com/jobs/view/analista-de-reclutamiento-at-truckslogic-4441705727,Analista de Reclutamiento,,scraped,2026-07-19T09:36:53.997406,
610b692716f6f14f,https://gt.linkedin.com/jobs/view/asistente-de-calidad-at-corporaci%C3%B3n-multi-inversiones-4438740966,Asistente de Calidad,CMI-Corporación Multi Inversiones,posted,2026-07-19T09:37:19.795656,2142
37353d50ce1be0b4,https://gt.linkedin.com/jobs/view/jefe-de-taller-guatemala-at-central-agr%C3%ADcola-4440794108,Jefe de taller guatemala,,scraped,2026-07-19T09:37:32.429620,
f57601b8d4fc9466,https://gt.linkedin.com/jobs/view/gerente-comercial-at-corporaci%C3%B3n-de-taxi-y-turismo-confianza-s-a-c-4438098159,Gerente Comercial,Corporación de Taxi y Turismo Confianza S.A.C.,posted,2026-07-19T09:37:48.003350,2144
b0a3dcf3874da792,https://gt.linkedin.com/jobs/view/fraijanes-at-compra-casa-en-guate-4441755602,Fraijanes,,scraped,2026-07-19T09:37:54.618112,
2e4402c0532be6a2,https://gt.linkedin.com/jobs/view/t%C3%A9cnico-de-soporte-at-identity-guatemala-4438045088,Técnico de Soporte,,scraped,2026-07-19T09:38:19.396901,
354358b023ae2ae3,https://gt.linkedin.com/jobs/view/analista-de-facturaci%C3%B3n-y-cobros-i-at-topke-4441740484,Analista de Facturación y cobros I,,scraped,2026-07-19T09:38:34.740360,
0af40dc955c9cf5c,https://gt.linkedin.com/jobs/view/operario-de-producci%C3%B3n-1-at-corporaci%C3%B3n-multi-inversiones-4438782507,Operario de Producción 1,CMI-Corporación Multi Inversiones,posted,2026-07-19T09:38:51.718573,2146
3e9d12d61257c268,https://gt.linkedin.com/jobs/view/gerencia-estrat%C3%A9gica-de-mercadeo-at-empresa-confidencial-4441230540,Gerencia Estratégica de Mercadeo,Empresa Confidencial,posted,2026-07-19T09:39:02.357813,2148
92b2ec6ef486e436,https://gt.linkedin.com/jobs/view/gestor-de-cobros-at-somar-supermercados-4441913413,Gestor de Cobros,Somar Supermercados,posted,2026-07-19T09:39:07.072844,1750
6b160c1f90402137,https://gt.linkedin.com/jobs/view/administraci%C3%B3n-de-personal-at-industrias-san-miguel-4439282062,Administración de personal,,scraped,2026-07-19T09:39:11.679675,
8d6b55f9bb4545f2,https://gt.linkedin.com/jobs/view/analista-de-recursos-humanos-at-empresa-confidencial-4442115733,Analista de recursos humanos,Empresa Confidencial,posted,2026-07-19T09:39:29.875820,2150
72fff130fb512327,https://gt.linkedin.com/jobs/view/asistente-de-mercadeo-museo-miraflores-at-spectrum-4437636033,Asistente de Mercadeo (Museo Miraflores),,scraped,2026-07-19T09:39:32.476575,
4987e95f60e2b8a8,https://gt.linkedin.com/jobs/view/store-supervisor-capital-at-tigo-guatemala-4438704904,Store Supervisor Capital,Tigo Guatemala,posted,2026-07-19T09:39:51.874395,2152
31824a9a03f9806e,https://gt.linkedin.com/jobs/view/cobrador-domiciliar-capital-at-gestionadora-de-cr%C3%A9ditos-4442490424,Cobrador Domiciliar Capital,Gestionadora de Créditos,posted,2026-07-19T09:40:23.965322,2154
91e3b02079da0b11,https://gt.linkedin.com/jobs/view/gerente-de-estrategia-financiera-at-empresa-confidencial-4441643110,Gerente de Estrategia Financiera,Empresa Confidencial,posted,2026-07-19T09:40:39.040444,2156
8be7444b3c3fbd6a,https://gt.linkedin.com/jobs/view/operario-de-producci%C3%B3n-2-at-corporaci%C3%B3n-multi-inversiones-4439281144,Operario de Producción 2,CMI-Corporación Multi Inversiones,posted,2026-07-19T09:40:51.468538,2158
4f641fbbc995dc66,https://gt.linkedin.com/jobs/view/senior-financial-controller-at-capgemini-4440852965,Senior Financial Controller,,scraped,2026-07-19T09:40:54.076005,
ea86a9c283adb54d,https://gt.linkedin.com/jobs/view/t%C3%A9cnico-de-mantenimiento-1-at-corporaci%C3%B3n-multi-inversiones-4439261820,Técnico de Mantenimiento 1,CMI-Corporación Multi Inversiones,posted,2026-07-19T09:41:15.386029,2160
4ab43152ef0cb078,https://gt.linkedin.com/jobs/view/analista-de-recursos-humanos-at-gol%C3%A1n-4438746992,Analista de Recursos Humanos,Golán,posted,2026-07-19T09:41:25.770373,2150
99e4816d44b2afea,https://gt.linkedin.com/jobs/view/analista-de-reclutamiento-y-selecci%C3%B3n-at-confindential-company-4441100022,Analista de Reclutamiento y Selección,Confindential company,posted,2026-07-19T09:41:38.428102,2162
97fb4f8f403215ff,https://gt.linkedin.com/jobs/view/operador-de-centro-de-operaciones-at-gol%C3%A1n-4438063377,Operador de Centro de Operaciones,Golán,posted,2026-07-19T09:41:54.307261,2164
968ead69167acacd,https://gt.linkedin.com/jobs/view/tecnico-de-celulares-rc039-repcel-san-benito-peten-rc039-at-grupo-distelsa-4439282211,TECNICO DE CELULARES (RC039) - REPCEL SAN BENITO PETEN (RC039),Grupo Distelsa,posted,2026-07-19T09:42:08.257884,2166
5d0ab5b568ac1940,https://gt.linkedin.com/jobs/view/jefe-de-ventas-cuentas-clave-y-exportaciones-at-confidential-4442192392,JEFE DE VENTAS CUENTAS CLAVE Y EXPORTACIONES,Confidential,posted,2026-07-19T09:42:17.223116,2168
e4c337a28539cc55,https://gt.linkedin.com/jobs/view/reclutadora-temporal-at-industrias-san-miguel-4439264044,Reclutadora temporal,,scraped,2026-07-19T09:42:23.841774,
c952fd3446704cb6,https://gt.linkedin.com/jobs/view/perito-contador-chimaltenango-at-copersa-4441685540,Perito Contador-Chimaltenango,,scraped,2026-07-19T09:42:44.357472,
6500ddde3ff7480f,https://gt.linkedin.com/jobs/view/enfermero-a-jornada-mixta-campus-sur-at-universidad-del-valle-de-guatemala-4442471622,Enfermero (a) Jornada Mixta- Campus Sur,Universidad del Valle de Guatemala,posted,2026-07-19T09:43:01.136933,2170
e551e10c0dc10b66,https://gt.linkedin.com/jobs/view/auxiliar-contable-zona-10-at-people-evolution-4441378975,Auxiliar Contable (zona 10),,scraped,2026-07-19T09:43:05.702918,
bb76ec58dc5a3b0b,https://gt.linkedin.com/jobs/view/auxiliar-de-digitaci%C3%B3n-temporal-at-class-equipos-y-construcciones-de-guatemala-s-a-4441285613,Auxiliar de digitación - Temporal,,scraped,2026-07-19T09:43:28.799554,
79e5fff85b29cb37,https://gt.linkedin.com/jobs/view/customer-support-specialist-at-veta-virtual-4439860630,Customer Support Specialist,,scraped,2026-07-19T09:43:50.967597,
184733ced4a73f1a,https://gt.linkedin.com/jobs/view/trainee-mar%C3%ADtimo-at-dhl-global-forwarding-4442422207,Trainee Marítimo,DHL Global Forwarding,posted,2026-07-19T09:44:30.798084,2172
6e4894565c13f98a,https://gt.linkedin.com/jobs/view/analista-de-contabilidad-at-grupo-wol-4442172896,Analista de contabilidad,Grupo WOL,posted,2026-07-19T09:44:36.834095,2100
2a90322219d8ab72,https://gt.linkedin.com/jobs/view/profesora-fitness-medio-tiempo-para-portales-at-smart-fit-guatemala-4440247907,Profesora fitness medio tiempo para Portales,,scraped,2026-07-19T09:44:43.479445,
b177924224bd6633,https://gt.linkedin.com/jobs/view/dise%C3%B1ador-y-productor-de-contenido-at-empresa-confidencial-4441684147,Diseñador y Productor de Contenido,Empresa Confidencial,posted,2026-07-19T09:44:57.751172,2174
d2c70342425acd8a,https://gt.linkedin.com/jobs/view/ejecutivo-a-de-telemarketing-h%C3%ADbrido-zona-5-at-talento-efectivo-4440779580,Ejecutivo(a) de Telemarketing (híbrido) / Zona 5,,scraped,2026-07-19T09:45:08.591468,
4c7f0e68f91c87b5,https://gt.linkedin.com/jobs/view/loyalty-operations-specialist-at-5-5-4440589800,Loyalty Operations Specialist,5&5,posted,2026-07-19T09:45:22.037099,2176
7c6193c4375e7bc4,https://gt.linkedin.com/jobs/view/analista-inmobiliario-at-walmart-centroam%C3%A9rica-4440041971,Analista inmobiliario,,scraped,2026-07-19T09:45:24.672191,
ea37d571d6213531,https://gt.linkedin.com/jobs/view/asistente-contralor%C3%ADa-experiencia-en-ciclo-contable-completo-bulevar-los-pr%C3%B3ceres-zona-10-at-biogroup-4441689309,Asistente Contraloría (Experiencia en ciclo contable completo)- Bulevar los próceres zona 10,Biogroup,posted,2026-07-19T09:45:39.228036,2178
d951be3d9b49dfc9,https://gt.linkedin.com/jobs/view/dise%C3%B1ador-gr%C3%A1fico-producci%C3%B3n-zona-11-at-jumbo-sa-4439890853,Diseñador Gráfico - (Producción) zona 11,Jumbo SA,posted,2026-07-19T09:45:47.642281,2180
87a0f00e2fe4ecbd,https://gt.linkedin.com/jobs/view/promotor-de-marca-%E2%80%93-mazatenango-suchitep%C3%A9quez-at-business-development-experts-4441980359,"Promotor de Marca – Mazatenango, Suchitepéquez",,scraped,2026-07-19T09:45:56.173331,
8ad580653f2c1ce9,https://gt.linkedin.com/jobs/view/administrador-de-aplicaciones-devops-at-claro-guatemala-4441207776,Administrador de Aplicaciones (DevOps),,scraped,2026-07-19T09:46:04.714724,
13b021e342ca3183,https://gt.linkedin.com/jobs/view/especialista-en-iluminaci%C3%B3n-at-elecsa-4442142433,Especialista en iluminación,,scraped,2026-07-19T09:46:11.468935,
606d4f9e1ca24d79,https://gt.linkedin.com/jobs/view/asesor-legal-jr-at-grupo-apolo-4441616957,Asesor Legal Jr.,,scraped,2026-07-19T09:46:19.152181,
dc9aaeaf47f81f5a,https://gt.linkedin.com/jobs/view/coordinador-noc-at-empresa-confidencial-4442173570,Coordinador NOC,Empresa Confidencial,posted,2026-07-19T09:46:31.985102,2182
657b7290396a012b,https://gt.linkedin.com/jobs/view/project-manager-cxai-at-telus-digital-4433274510,Project Manager - CXAI,,scraped,2026-07-19T09:46:36.617365,
7ae98233d804ce32,https://gt.linkedin.com/jobs/view/supervisor-de-mantenimiento-at-confidencial-4440318834,Supervisor de Mantenimiento,Confidencial,posted,2026-07-19T09:46:51.509996,2184
6d6d270d0c33483c,https://gt.linkedin.com/jobs/view/ejecutivo-de-ventas-empresariales-at-confidencial-4440062630,Ejecutivo de ventas empresariales,CONFIDENCIAL,posted,2026-07-19T09:47:07.981413,2186
c272b166336b5513,https://gt.linkedin.com/jobs/view/encargada-de-kiosko-centro-comercial-miraflores-at-programa-valentina-4439906089,Encargada de kiosko Centro Comercial Miraflores,Programa Valentina,posted,2026-07-19T09:47:26.114558,2188
a0b4583a65c21dd2,https://gt.linkedin.com/jobs/view/ejecutivo-de-ruta-jacaltenango-at-tigo-guatemala-4439272753,Ejecutivo de Ruta  Jacaltenango,Tigo Guatemala,posted,2026-07-19T09:47:46.878257,2190
852cf53e97249fb1,https://gt.linkedin.com/jobs/view/asistente-ejecutiva-coordinadora-administrativa-at-grand-play-s-a-4441693213,Asistente Ejecutiva / Coordinadora Administrativa,,scraped,2026-07-19T09:47:49.465638,
fb7cf886d702e79b,https://gt.linkedin.com/jobs/view/customer-service-agent-bilingual-b2-up-to-q6-700-zona-11-at-gentelabora-4441124634,"Customer Service Agent (Bilingual B2) - Up to Q6,700 - Zona 11",,scraped,2026-07-19T09:47:58.163717,
d92f664d77dbac05,https://gt.linkedin.com/jobs/view/ingeniero-de-datos-zona-12-guatemala-at-c807-operador-log%C3%ADstico-4442485742,Ingeniero de Datos - Zona 12 Guatemala,,scraped,2026-07-19T09:48:04.462111,
ed5cf1f9eb50876d,https://gt.linkedin.com/jobs/view/sr-specialist-customer-operations-at-crowley-4433521125,"Sr. Specialist, Customer Operations",Crowley,posted,2026-07-19T09:48:24.801478,2192
8f5b97c71abd0a4a,https://gt.linkedin.com/jobs/view/associate-c2c-credit-management-process-expert-at-capgemini-4440542205,Associate C2C Credit Management Process Expert,,scraped,2026-07-19T09:48:29.407698,
b6494a369ec57cf5,https://gt.linkedin.com/jobs/view/python-engineer-appsec-id71670-at-agileengine-4441420098,Python Engineer (AppSec) ID71670,AgileEngine,posted,2026-07-19T09:48:47.905392,2194
6baf34969a842d54,https://gt.linkedin.com/jobs/view/ejecutivo-de-cuentas-marketing-digital-4439950359,Ejecutivo de Cuentas Marketing Digital,Talento Correcto / Agencia de Reclutamiento & Seleccion,posted,2026-07-19T09:48:56.999874,2196
7410668c9ca91324,https://gt.linkedin.com/jobs/view/it-product-support-at-ericsson-4404454531,IT PRODUCT SUPPORT,,scraped,2026-07-19T09:48:59.588458,
737fd6e0c28f8b31,https://gt.linkedin.com/jobs/view/t%C3%A9cnico-a-de-servicio-de-eliminaci%C3%B3n-de-plagas-at-ecolab-4424142048,Técnico/a de Servicio de eliminación de plagas,Ecolab,posted,2026-07-19T09:49:15.612952,2198
4806db7826416990,https://gt.linkedin.com/jobs/view/tecnico-mecanico-de-motocicletas-yamaha-rotativo-at-canella-s-a-4441676618,TECNICO MECANICO DE MOTOCICLETAS YAMAHA ROTATIVO,,scraped,2026-07-19T09:49:20.235862,
c341d73d35f34cd8,https://gt.linkedin.com/jobs/view/senior-qa-automation-engineer-id72456-at-agileengine-4441251295,Senior QA Automation Engineer ID72456,AgileEngine,posted,2026-07-19T09:49:29.864769,2052
10f08113f84f2b69,https://gt.linkedin.com/jobs/view/agente-de-experiencia-kemik-at-kemik-com-4440779581,Agente de Experiencia Kemik,,scraped,2026-07-19T09:49:32.447705,
d9458f3d04968352,https://gt.linkedin.com/jobs/view/desarrollador-salesforce-at-babel-4439914793,Desarrollador Salesforce,,scraped,2026-07-19T09:49:39.403526,
dc266f1de40307a6,https://gt.linkedin.com/jobs/view/insurance-associate-spanish-guatemala-at-savvital-4439236288,Insurance Associate (Spanish) - Guatemala,Savvital,posted,2026-07-19T09:50:00.585141,2200
69a62289200a47da,https://gt.linkedin.com/jobs/view/account-manager-agencia-marketing-digital-4441378069,Account Manager (Agencia Marketing Digital),Talento Correcto / Agencia de Reclutamiento & Seleccion,posted,2026-07-19T09:50:13.757836,2202
de8f992be991e32d,https://gt.linkedin.com/jobs/view/senior-java-engineer-id77079-at-agileengine-4439889091,Senior Java Engineer ID77079,AgileEngine,posted,2026-07-19T09:50:22.680552,2204
b8ac888a33dffbc7,https://gt.linkedin.com/jobs/view/t%C3%A9cnico-en-calderas-c-guatemala-at-cargill-4439262145,Técnico en Calderas - C.Guatemala,Cargill,posted,2026-07-19T09:50:41.033849,2206
7d61e60ed5d7fa1c,https://gt.linkedin.com/jobs/view/ejecutivo-de-ventas-corporativas-para-eventos-at-tyf-agency-consulting-4439890027,Ejecutivo de Ventas Corporativas para Eventos,TYF Agency Consulting,posted,2026-07-19T09:50:52.742213,2208
524676664fe8e5aa,https://gt.linkedin.com/jobs/view/appointment-setter-at-magnifyde-4437777270,Appointment Setter,Magnifyde,posted,2026-07-20T12:02:07.575576,2210
0e94b05eb3d801c1,https://gt.linkedin.com/jobs/view/vendedor-canal-institucional-at-central-agr%C3%ADcola-4441423133,Vendedor Canal Institucional,,scraped,2026-07-20T12:02:24.179258,
8746e6b1d0e8032d,https://gt.linkedin.com/jobs/view/vendedor-tiempo-completo-zona-17-at-hola-moda-4438750836,VENDEDOR TIEMPO COMPLETO ZONA 17,Hola Moda,posted,2026-07-20T12:02:39.398847,2212
3c04c9b0a4e2ff08,https://gt.linkedin.com/jobs/view/supervisor-de-rutas-y-log%C3%ADstica-at-corporaci%C3%B3n-multi-inversiones-4439264613,Supervisor de Rutas y Logística,,scraped,2026-07-20T12:02:44.041728,
ebbed5d1ca6b7efb,https://gt.linkedin.com/jobs/view/ejecutivo-de-relaci%C3%B3n-pyme-at-interconsumo-4438087839,Ejecutivo de Relación PYME,,scraped,2026-07-20T12:02:50.820155,
c0c1651bc13ea17e,https://gt.linkedin.com/jobs/view/financial-controller-contract-at-entrepreneur-cooperative-4440892192,Financial Controller (Contract),Entrepreneur Cooperative,posted,2026-07-20T12:03:04.922935,2214
fcb556cbd6fc796f,https://gt.linkedin.com/jobs/view/auxiliar-de-empaque-el-tejar-30400299-at-mission-foods-4439272731,AUXILIAR DE EMPAQUE EL TEJAR (30400299),Mission Foods,posted,2026-07-20T12:03:17.765713,1133
69e42bd37e02af9a,https://gt.linkedin.com/jobs/view/auxiliar-de-empaque-el-tejar-30400299-at-mission-foods-4439269874,AUXILIAR DE EMPAQUE EL TEJAR (30400299),Mission Foods,scraped,2026-07-20T12:03:21.978761,
9b6d6f8795fe904c,https://gt.linkedin.com/jobs/view/direcci%C3%B3n-creativa-dise%C3%B1o-gr%C3%A1fico-at-sapiens-guatemala-4441375338,Dirección Creativa / Diseño Gráfico,Sapiens Guatemala,posted,2026-07-20T12:03:39.025870,2216
89f1168b5824b972,https://gt.linkedin.com/jobs/view/supervisor-de-producci%C3%B3n-at-laboratorio-farmac%C3%A9utico-neo-ltda-4441699921,SUPERVISOR DE PRODUCCIÓN,Laboratorio Farmacéutico Neo Ltda,posted,2026-07-20T12:03:51.880267,2218
a6ed00c17504e71a,https://gt.linkedin.com/jobs/view/l%C3%ADder-comercial-empresa-tecnologia-honduras-at-sapiens-guatemala-4442131116,Líder comercial / Empresa Tecnologia Honduras,Sapiens Guatemala,posted,2026-07-20T12:04:07.437584,2220
a4d85559d7f84973,https://gt.linkedin.com/jobs/view/auxiliar-de-limpieza-zona-1-at-identity-guatemala-4439610756,Auxiliar de Limpieza / Zona 1,,scraped,2026-07-20T12:04:10.087945,
3ab615bf4693c5db,https://gt.linkedin.com/jobs/view/operario-de-producci%C3%B3n-1-at-corporaci%C3%B3n-multi-inversiones-4439275385,Operario de producción 1,,scraped,2026-07-20T12:04:29.136016,
adeada56e7088c1a,https://gt.linkedin.com/jobs/view/health-and-safety-specialist-at-amazon-4443059143,Health and Safety Specialist,Amazon,posted,2026-07-21T10:38:29.525282,2060
f37f51ec8046fa81,https://gt.linkedin.com/jobs/view/coordinador-de-tienda-at-reclutamiento-it-4442254903,Coordinador de Tienda,,scraped,2026-07-21T10:38:42.021047,
56b0a78d0ecf5ca9,https://gt.linkedin.com/jobs/view/comsec-technician-at-peraton-4441159422,COMSEC Technician,Peraton,posted,2026-07-21T10:38:52.580264,1548
deb831a2f095c331,https://gt.linkedin.com/jobs/view/jefe-comercial-empresarial-at-bac-4442796477,Jefe Comercial Empresarial,,scraped,2026-07-21T10:38:57.431978,
960b7c9824cbf927,https://gt.linkedin.com/jobs/view/custodian-1-at-a-igreja-de-jesus-cristo-dos-santos-dos-%C3%BAltimos-dias-4441926117,Custodian 1,,scraped,2026-07-21T10:39:06.047554,
38d460295b50736d,https://gt.linkedin.com/jobs/view/ejecutiv-%40-de-atenci%C3%B3n-al-cliente-y-ventas-en-tienda-at-identity-guatemala-4439270879,Ejecutiv @ de Atención al Cliente y Ventas en Tienda,,scraped,2026-07-21T10:39:12.428613,
cf19795b4bb24558,https://gt.linkedin.com/jobs/view/asesor-de-ventas-junior-poseer-carro-propio-y-licencia-vigente-at-biogroup-4442272165,Asesor de Ventas Junior- poseer carro propio y licencia vigente,,scraped,2026-07-21T10:39:24.247045,
d8cfff2f358d8de7,https://gt.linkedin.com/jobs/view/auxiliar-de-recursos-humanos-at-gol%C3%A1n-4438746992,Auxiliar de Recursos Humanos,Golán,posted,2026-07-21T10:39:44.747830,2222
9ba5aed5d149c74b,https://gt.linkedin.com/jobs/view/ux-designer-at-zigi-app-4441737139,UX Designer,Zigi App,posted,2026-07-21T10:39:57.797326,2224
43f9306c32703206,https://gt.linkedin.com/jobs/view/analista-de-compras-zona-10-at-hrm-consulting-4442258678,Analista de Compras - Zona 10,,scraped,2026-07-21T10:40:00.413535,
73313ae34c67edb4,https://gt.linkedin.com/jobs/view/analista-de-validaciones-at-laboratorios-vizca%C3%ADno-s-a-4441901816,Analista de Validaciones,,scraped,2026-07-21T10:40:07.474525,
3bb79eaf5835fb34,https://gt.linkedin.com/jobs/view/logistic-specialist-at-nestl%C3%A9-4442766265,Logistic Specialist,Nestlé,posted,2026-07-21T10:40:27.464374,2226
088055983f52234d,https://gt.linkedin.com/jobs/view/community-manager-naranjo-mall-y-portales-at-spectrum-4440409039,Community Manager (Naranjo Mall y Portales),,scraped,2026-07-21T10:40:32.153594,
35cd8689ee9469c9,https://gt.linkedin.com/jobs/view/visitadores-m%C3%A9dicos-at-laboratorios-vizca%C3%ADno-s-a-4441900803,Visitadores Médicos,,scraped,2026-07-21T10:40:39.754747,
60e0b1f5bf9fa7fd,https://gt.linkedin.com/jobs/view/piloto-bodeguero-con-licencia-tipo-b-at-personnel-jobs-4442212491,Piloto Bodeguero con Licencia Tipo B,,scraped,2026-07-21T10:40:51.803683,
0cc5cb34f56f3fb8,https://gt.linkedin.com/jobs/view/liquidador-at-coca-cola-femsa-4440637282,Liquidador,,scraped,2026-07-21T10:40:59.128774,
809fa45b645edc97,https://gt.linkedin.com/jobs/view/supervisor-de-c%C3%A1maras-at-corporaci%C3%B3n-multi-inversiones-4438496310,Supervisor de Cámaras,,scraped,2026-07-21T10:41:06.022265,
d41d2d481b19957e,https://gt.linkedin.com/jobs/view/asistente-de-importaciones-at-identity-guatemala-4439264912,Asistente de Importaciones,,scraped,2026-07-21T10:41:14.111882,
89727dd5f5f7036e,https://gt.linkedin.com/jobs/view/analista-de-cobros-corporativos-at-truckslogic-4442609120,Analista de Cobros Corporativos,,scraped,2026-07-21T10:41:23.673938,
329a1fc82ad91419,https://gt.linkedin.com/jobs/view/encargado-de-area-at-hola-moda-4440199566,ENCARGADO DE AREA,Hola Moda,posted,2026-07-21T10:41:42.880499,2228
e188401b90bf5dee,https://gt.linkedin.com/jobs/view/gestor-de-cobros-domiciliar-at-bam-4438093621,Gestor de Cobros Domiciliar,,scraped,2026-07-21T10:41:45.661794,
635a6cca4cfda305,https://gt.linkedin.com/jobs/view/virtual-assistant-to-ceo-remote-at-viva-talent-4442763657,Virtual Assistant to CEO (Remote),Viva Talent,posted,2026-07-21T10:41:54.699124,1053
f3bd78f7a791a1f9,https://gt.linkedin.com/jobs/view/t%C3%A9cnico-electricista-auxiliar-de-instalaci%C3%B3n-sector-energ%C3%ADa-at-enertiva-4442215338,Técnico electricista - Auxiliar de instalación - Sector energía,,scraped,2026-07-21T10:41:59.331790,
c953ed5032557cc0,https://gt.linkedin.com/jobs/view/analista-de-protecci%C3%B3n-de-activos-at-rent-a-pallet-colombia-4442259660,Analista de Protección de Activos,RENT A PALLET COLOMBIA,posted,2026-07-21T10:42:16.057221,2230
75eb5938244a2807,https://gt.linkedin.com/jobs/view/handyman-technician-needed-at-fixtman-llc-4442730622,Handyman/Technician Needed,fixTman LLC,posted,2026-07-21T10:42:23.994349,2232
baaaf2b9914c11db,https://gt.linkedin.com/jobs/view/analista-de-telecomunicaciones-oficinas-centrales-at-grupo-distelsa-4440409038,ANALISTA DE TELECOMUNICACIONES - OFICINAS CENTRALES,Grupo Distelsa,posted,2026-07-21T10:42:36.927351,2234
6736d7df02fdf566,https://gt.linkedin.com/jobs/view/dependiente-de-tienda-megapaca-planes-de-b%C3%A1rcenas-at-megapaca-4442218261,Dependiente de  Tienda  Megapaca  Planes de Bárcenas.,,scraped,2026-07-21T10:42:45.787991,
676fe687d800a606,https://gt.linkedin.com/jobs/view/asistente-de-contabilidad-ciclo-contable-completo-at-biogroup-4442272171,Asistente de Contabilidad (ciclo contable completo),,scraped,2026-07-21T10:43:56.559610,
3840abaa3efe6454,https://gt.linkedin.com/jobs/view/ejecutivo-comercial-junior-b2b-at-sintegradas-s-a-4441410501,Ejecutivo Comercial Junior B2B,,scraped,2026-07-21T10:44:07.730504,
84600def698d5556,https://gt.linkedin.com/jobs/view/analista-de-control-de-inventario-at-cervecer%C3%ADa-ambev-4441683004,Analista de Control de Inventario,Cervecería Ambev,posted,2026-07-21T10:44:29.751633,2236
330e23b9183dccf8,https://gt.linkedin.com/jobs/view/l%C3%ADder-de-soluciones-comerciales-at-bac-4442765715,Líder de Soluciones Comerciales,,scraped,2026-07-21T10:44:36.419000,
51deb9abd58b6021,https://gt.linkedin.com/jobs/view/gerente-de-producci%C3%B3n-at-identity-guatemala-4437680472,Gerente de Producción,,scraped,2026-07-21T10:44:46.775772,
0d600457948171c0,https://gt.linkedin.com/jobs/view/practicante-universitario-%E2%80%93-marketing-digital-at-ecopower-efici%C3%AAncia-energ%C3%A9tica-4442553717,Practicante Universitario – Marketing Digital,EcoPower - Eficiência Energética,posted,2026-07-21T10:45:06.071130,2238
38346c56829f6ea5,https://gt.linkedin.com/jobs/view/dependiente-de-tienda-megapaca-san-jose-vn-at-megapaca-4442212488,Dependiente de  Tienda  Megapaca  San Jose VN.,,scraped,2026-07-21T10:45:08.686443,
93168f004a6ae6f2,https://gt.linkedin.com/jobs/view/auxiliar-contable-at-taco-bell-guatemala-4442787678,Auxiliar contable,Taco Bell Guatemala,posted,2026-07-21T10:45:22.994808,71
23b1f81924300acf,https://gt.linkedin.com/jobs/view/especialista-senior-de-transformaci%C3%B3n-organizacional-aseguradora-at-bantrab-4441671628,Especialista Senior de Transformación Organizacional (Aseguradora),Bantrab,posted,2026-07-21T10:45:38.258765,2240
147a8b4c49f1fe0d,https://gt.linkedin.com/jobs/view/auxiliar-de-bodega-zona-12-at-dhl-global-forwarding-4442102484,Auxiliar de Bodega - Zona 12,DHL Global Forwarding,posted,2026-07-21T10:46:14.301722,2242
126498b1998ecdd3,https://gt.linkedin.com/jobs/view/jefe-de-pricing-y-costeo-at-truckslogic-4442295603,Jefe de Pricing y Costeo,,scraped,2026-07-21T10:46:16.995079,
f2586fc10d76c6ac,https://gt.linkedin.com/jobs/view/supervisor-de-operaciones-at-jg-consulting-latam-4440620665,Supervisor de operaciones,JG Consulting Latam,posted,2026-07-21T10:46:32.696669,2244
45b83e82c676abe1,https://gt.linkedin.com/jobs/view/modelador-bim-at-sinergia-arquitectura-4441204549,Modelador BIM,,scraped,2026-07-21T10:46:39.299542,
9ec8acbd39b38779,https://gt.linkedin.com/jobs/view/ejecutivo-de-ventas-industriales-b2b-guatemala-at-hq-platinum-4441759478,"Ejecutivo de Ventas Industriales B2B, Guatemala",,scraped,2026-07-21T10:46:47.615451,
6c32ea51320e375d,https://gt.linkedin.com/jobs/view/piloto-de-cami%C3%B3n-at-identity-guatemala-4438704911,Piloto de Camión,,scraped,2026-07-21T10:46:57.889842,
d4fb390905d65322,https://gt.linkedin.com/jobs/view/t%C3%A9cnico-de-soporte-it-ubicaci%C3%B3n-bulevar-los-pr%C3%B3ceres-zona-10-at-biogroup-4442273150,Técnico de Soporte IT- ubicación bulevar los próceres zona 10,,scraped,2026-07-21T10:47:09.883793,
175fe09b52f867c4,https://gt.linkedin.com/jobs/view/jefe-de-producto-agronegocios-y-alianzas-at-triangulo-guatemala-4443025035,Jefe de producto agronegocios y alianzas,Triangulo Guatemala,posted,2026-07-21T10:47:29.949090,2246
4f2313ccbc5cfde2,https://gt.linkedin.com/jobs/view/auxiliar-ii-de-contabilidad-en-seccion-de-gestion-de-pagos-at-bam-4441911978,AUXILIAR II DE CONTABILIDAD EN SECCION DE GESTION DE PAGOS,,scraped,2026-07-21T10:47:32.564176,
71583c263dabd0b1,https://gt.linkedin.com/jobs/view/jefe-de-producci%C3%B3n-at-identity-guatemala-4437685313,Jefe de Producción,,scraped,2026-07-21T10:47:39.280761,
58a10d6107841f3d,https://gt.linkedin.com/jobs/view/analista-de-seguridad-inform%C3%A1tica-at-globalemploy-4440169921,Analista de Seguridad Informática,GLOBALEMPLOY,posted,2026-07-21T10:47:54.411146,2248
81d3d636c4add4c7,https://gt.linkedin.com/jobs/view/dise%C3%B1ador-de-autocad-at-workforce-skills-academy-4442736332,Diseñador de AutoCAD,Workforce Skills Academy,posted,2026-07-21T10:48:06.974666,2250
f14da116ee95895b,https://gt.linkedin.com/jobs/view/analista-de-negocios-trabajo-remoto-at-bairesdev-4442206643,Analista de Negocios - Trabajo Remoto,BairesDev,posted,2026-07-21T10:48:15.000477,2252
3a9db32a66210ed8,https://gt.linkedin.com/jobs/view/asistente-contable-para-impuestos-at-rsm-guatemala-4440791188,Asistente Contable para Impuestos,,scraped,2026-07-21T10:48:17.648136,
101ae72c4a10bc99,https://gt.linkedin.com/jobs/view/ejecutivo-de-negocios-pyme-at-interbanco-guatemala-4440833775,Ejecutivo de negocios PYME,InterBanco Guatemala,posted,2026-07-21T10:48:34.583585,2254
b0e719e689e8b045,https://gt.linkedin.com/jobs/view/dependiente-de-tienda-megapaca-arkadia-at-megapaca-4442205727,Dependiente de  Tienda  Megapaca  Arkadia,,scraped,2026-07-21T10:48:37.290719,
4729325e283652f8,https://gt.linkedin.com/jobs/view/coordinador-de-cr%C3%A9ditos-y-cobros-at-grupo-globalflex-oficial-4435194509,Coordinador de Créditos y Cobros,Grupo Globalflex Oficial,posted,2026-07-21T10:48:50.740582,2256
44181e37ac36aaee,https://gt.linkedin.com/jobs/view/record-your-daily-routine-get-paid-ai-training-remote-at-toloka-annotators-4443335902,Record Your Daily Routine & Get Paid - AI Training (Remote),Toloka Annotators,posted,2026-07-21T10:49:01.838090,325
bbe5b8be050d2ad3,https://gt.linkedin.com/jobs/view/dise%C3%B1ador-gr%C3%A1fico-at-admonsa-4442761381,Diseñador gráfico,,scraped,2026-07-21T10:49:04.444570,
76c142484f905bee,https://gt.linkedin.com/jobs/view/trainer-remote-at-viva-talent-4442776148,Trainer (Remote),Viva Talent,posted,2026-07-21T10:49:18.673666,1642
a10e8b622c756cad,https://gt.linkedin.com/jobs/view/asesor-comercial-de-tienda-mostrador-at-identity-guatemala-4439279623,Asesor Comercial de Tienda / Mostrador,,scraped,2026-07-21T10:49:21.439735,
52eebc22f29df15e,https://gt.linkedin.com/jobs/view/presupuestador-de-obras-de-construcci%C3%B3n-at-soliscolomer-4441647928,Presupuestador de Obras de Construcción,,scraped,2026-07-21T10:49:33.394289,
152dc9fd3d72229d,https://gt.linkedin.com/jobs/view/analista-de-planogramas-zona-10-at-macro-recursos-humanos-4442179940,Analista de Planogramas zona 10,,scraped,2026-07-21T10:49:44.262786,
f73c5b2c089a2b62,https://gt.linkedin.com/jobs/view/cajero-a-tf063-tecno-facil-zacapa-tf063-at-grupo-distelsa-4439259996,CAJERO (A) (TF063) - TECNO FACIL ZACAPA (TF063),Grupo Distelsa,posted,2026-07-21T10:50:07.290365,2258
eb8194d07928adc3,https://gt.linkedin.com/jobs/view/lider-coordinador-legal-at-manpowergroup-4440291277,Lider / Coordinador Legal,ManpowerGroup,posted,2026-07-21T10:50:16.561817,2260
7e20a06ac93b6516,https://gt.linkedin.com/jobs/view/loan-operations-internal-audit-analyst-at-world-business-lenders-llc-4440574555,Loan Operations Internal Audit Analyst,"World Business Lenders, LLC",posted,2026-07-21T10:50:25.573024,2262
1d8ec257616cc3b6,https://gt.linkedin.com/jobs/view/on-page-seo-specialist-at-plumber-marketing-usa-4442737389,On-Page SEO Specialist,Plumber Marketing USA,posted,2026-07-21T10:50:33.441377,2264
94cf79ede217ee51,https://gt.linkedin.com/jobs/view/picker-reponedor-at-pedidosya-4283816842,Picker - Reponedor,,scraped,2026-07-21T10:50:40.125242,
4f9c2cd533d014f1,https://gt.linkedin.com/jobs/view/jefe-a-de-impuestos-regional-at-people-evolution-4441720802,Jefe (a) de Impuestos Regional,,scraped,2026-07-21T10:50:51.487398,
0530f202311239cd,https://gt.linkedin.com/jobs/view/supervisor-comercial-de-puntos-de-servicio-y-ventas-at-grupo-ficohsa-gt-4441132161,Supervisor Comercial de Puntos de Servicio y Ventas,Grupo Ficohsa GT,posted,2026-07-21T10:51:06.378156,2266
82b895538f38529b,https://gt.linkedin.com/jobs/view/auxiliar-de-validacion-5105-48934-at-grupo-ficohsa-hn-4442780116,AUXILIAR DE VALIDACION (5105)(48934),Grupo Ficohsa HN,posted,2026-07-21T10:51:17.359487,2268
c537ac8ac120e230,https://gt.linkedin.com/jobs/view/profesor-fitness-1-2-tiempo-para-rambla-10-at-smart-fit-guatemala-4440774757,Profesor Fitness 1/2 Tiempo para Rambla 10,,scraped,2026-07-21T10:51:20.037685,
968802e555d14245,https://gt.linkedin.com/jobs/view/experienced-spanish-interpreter-latam-at-kreato-global-bpo-and-language-solutions-4438726782,Experienced Spanish Interpreter  (LATAM),Kreato Global | BPO and Language Solutions,posted,2026-07-21T10:51:31.909106,2270
ff04dc8d3d466d08,https://gt.linkedin.com/jobs/view/gerente-de-mantenimiento-at-confidential-4442139816,Gerente de Mantenimiento,Confidential,posted,2026-07-21T10:51:41.215646,2272
ecb7a88e90f35256,https://gt.linkedin.com/jobs/view/gestor-de-cobros-at-oca-guatemala-4443006358,Gestor de cobros,,scraped,2026-07-21T10:51:43.856509,
e62b864ea79ca30c,https://gt.linkedin.com/jobs/view/vendedor-at-corporaci%C3%B3n-seguridad-integral-s-a-4442126069,Vendedor,,scraped,2026-07-21T10:51:56.451496,
70972b102a67e039,https://gt.linkedin.com/jobs/view/auxiliar-administrativo-de-ingenier%C3%ADa-at-s-g-consulting-gt-4443071594,Auxiliar administrativo de ingeniería,S&G Consulting.GT,posted,2026-07-21T10:52:16.614830,2274
5ce88497dfdc69e2,https://gt.linkedin.com/jobs/view/operations-manager-at-intouchcx-4442234438,Operations Manager,,scraped,2026-07-21T10:52:19.330760,
f0041ad18d9b999b,https://gt.linkedin.com/jobs/view/ejecutivo-de-ventas-at-banco-promerica-guatemala-4440152611,Ejecutivo de ventas,,scraped,2026-07-21T10:52:26.217734,
3d2ff90df2e836f5,https://gt.linkedin.com/jobs/view/optimizador-de-medios-at-grupo-wol-4442744923,Optimizador de Medios,Grupo WOL,posted,2026-07-21T10:52:41.134296,2276
64af6ed15c4664cb,https://gt.linkedin.com/jobs/view/analista-de-ejecuci%C3%B3n-de-estrategia-at-personnel-jobs-4442225032,Analista de Ejecución de Estrategia,,scraped,2026-07-21T10:52:43.802199,
801201479d0a2a3e,https://gt.linkedin.com/jobs/view/operario-de-granja-at-corporaci%C3%B3n-multi-inversiones-4438748748,Operario de Granja,,scraped,2026-07-21T10:52:50.832588,
b2c6ad2f8226fcc8,https://gt.linkedin.com/jobs/view/estimator-at-seattle-sustainable-landscapes-4442661482,Estimator,Seattle Sustainable Landscapes,posted,2026-07-22T10:39:22.959452,2278
7e66952cf7351ac8,https://gt.linkedin.com/jobs/view/executive-headhunter-remote-work-at-bairesdev-4442688450,Executive Headhunter - Remote Work,BairesDev,posted,2026-07-22T10:39:33.967344,759
72c56cad9b9565b4,https://gt.linkedin.com/jobs/view/tax-at-ami-n-bhatt-gujarat-high-court-4442663261,Tax,Ami N Bhatt Gujarat High Court,posted,2026-07-22T10:39:45.612474,2280
a9c2d252db11e130,https://gt.linkedin.com/jobs/view/executive-headhunter-remote-work-at-bairesdev-4442698116,Executive Headhunter - Remote Work,BairesDev,posted,2026-07-22T10:39:50.621981,759
8d2534638acd1c1b,https://gt.linkedin.com/jobs/view/piloto-de-transporte-institucional-at-universidad-del-valle-de-guatemala-4443569891,Piloto de Transporte Institucional,Universidad del Valle de Guatemala,posted,2026-07-22T10:40:04.345136,2282
3f2d4a0777444a7c,https://gt.linkedin.com/jobs/view/auxiliar-de-bodega-at-tas-4442926718,Auxiliar de Bodega,TAS,posted,2026-07-22T10:40:20.990912,313
b720c3eb30b87ea5,https://gt.linkedin.com/jobs/view/planificador-inventarios-at-corporaci%C3%B3n-multi-inversiones-4438742976,Planificador Inventarios,,scraped,2026-07-22T10:40:25.797014,
b25fe7daa99f3f07,https://gt.linkedin.com/jobs/view/conserje-auxiliar-de-bodega-at-identity-guatemala-4439265952,Conserje  / Auxiliar de Bodega,Identity Guatemala,posted,2026-07-22T10:41:04.546546,2284
cd6aa24b9cf200d4,https://gt.linkedin.com/jobs/view/project-manager-junior-de-soluciones-tecnol%C3%B3gicas-at-blanco-silva-consultor%C3%ADa-inform%C3%A1tica-bsci-4441334572,Project Manager Junior de Soluciones Tecnológicas,,scraped,2026-07-22T10:41:09.237425,
92e5eaf4f62eb74b,https://gt.linkedin.com/jobs/view/asistente-de-cuentas-por-pagar-at-universidad-del-valle-de-guatemala-4443506897,Asistente de Cuentas Por Pagar,Universidad del Valle de Guatemala,posted,2026-07-22T10:41:29.887115,2286
4c308358a8850a1c,https://gt.linkedin.com/jobs/view/analista-de-recursos-humanos-at-corporaci%C3%B3n-multi-inversiones-4441009501,Analista de Recursos Humanos,,scraped,2026-07-22T10:41:34.716883,
1a3ec73bcca25ef8,https://gt.linkedin.com/jobs/view/profesional-de-desarrollo-organizacional-y-psicolog%C3%ADa-empresarial-at-sapiens-guatemala-4441123573,Profesional de Desarrollo Organizacional y Psicología Empresarial,Sapiens Guatemala,posted,2026-07-22T10:41:58.810786,2288
d3953fb627e0326f,https://gt.linkedin.com/jobs/view/analista-de-recursos-humanos-1-at-corporaci%C3%B3n-multi-inversiones-4439265618,Analista de Recursos Humanos 1,,scraped,2026-07-22T10:42:03.504759,
615243ee65975e2e,https://gt.linkedin.com/jobs/view/administrador-de-redes-at-universidad-del-valle-de-guatemala-4443571868,Administrador de Redes,Universidad del Valle de Guatemala,posted,2026-07-22T10:42:19.104038,2290
3a12992b88c5df91,https://gt.linkedin.com/jobs/view/oportunidad-de-pasant%C3%ADas-at-central-agr%C3%ADcola-4442938162,Oportunidad de Pasantías,,scraped,2026-07-22T10:42:21.749132,
a7646bd63db27387,https://gt.linkedin.com/jobs/view/auxiliar-de-contabilidad-mixco-guatemala-at-business-development-experts-4441972550,Auxiliar de Contabilidad - Mixco Guatemala,,scraped,2026-07-22T10:42:28.616677,
e74291fe720be7e5,https://gt.linkedin.com/jobs/view/auxiliar-de-almac%C3%A9n-y-reparto-at-identity-guatemala-4439618539,Auxiliar de Almacén y Reparto,,scraped,2026-07-22T10:42:36.584916,
47721bff545380c9,https://gt.linkedin.com/jobs/view/estamos-contratando-docentes-at-centro-cristiano-fuente-de-vida-4442418090,Estamos contratando docentes,CENTRO CRISTIANO FUENTE DE VIDA,posted,2026-07-22T10:42:56.078622,2292
5535903e66bfc5a5,https://gt.linkedin.com/jobs/view/auxiliar-de-almac%C3%A9n-y-reparto-at-identity-guatemala-4439222723,Auxiliar de Almacén y Reparto,,scraped,2026-07-22T10:42:58.662075,
1866a911021baa7e,https://gt.linkedin.com/jobs/view/asistente-de-presupuestos-de-construcci%C3%B3n-at-compras-en-asia-4442665920,Asistente De Presupuestos De Construcción,Compras en Asia,posted,2026-07-22T10:43:23.165082,2294
b559000b19755d54,https://gt.linkedin.com/jobs/view/operario-de-producci%C3%B3n-1-at-corporaci%C3%B3n-multi-inversiones-4440487202,Operario de Producción 1,,scraped,2026-07-22T10:43:25.805843,
16e1c17a65b41d70,https://gt.linkedin.com/jobs/view/auxiliar-de-limpieza-at-hotel-vista-quince-4442662927,Auxiliar de Limpieza,,scraped,2026-07-22T10:43:33.923511,
5535cd004ef5c787,https://gt.linkedin.com/jobs/view/ni%C3%B1era-certificada-at-grupo-helvetica-4442257744,Niñera Certificada,Grupo Helvetica,posted,2026-07-22T10:43:48.531732,2296
700a09a71776cc88,https://gt.linkedin.com/jobs/view/auxiliar-de-contabilidad-zona-10-at-roderotas-4442943045,Auxiliar de Contabilidad zona 10,,scraped,2026-07-22T10:43:55.163689,
1ba51fae17285719,https://gt.linkedin.com/jobs/view/operario-de-producci%C3%B3n-con-sin-experiencia-at-identity-guatemala-4441031148,"Operario de Producción, Con/Sin Experiencia",,scraped,2026-07-22T10:44:02.259998,
b34dc3cbbaf2b51e,https://gt.linkedin.com/jobs/view/%C3%A1rbitro-de-torneos-internos-uvg-at-universidad-del-valle-de-guatemala-4442756153,Árbitro de Torneos Internos UVG,Universidad del Valle de Guatemala,posted,2026-07-22T10:44:22.440832,2298
1743d722d18c84e9,https://gt.linkedin.com/jobs/view/head-h-s-at-holcim-guatemala-4441284937,HEAD H&S,Holcim Guatemala,posted,2026-07-22T10:44:33.000521,2300
7e5a9e5939f2a512,https://gt.linkedin.com/jobs/view/fdlc-asistente-administrativo-contable-at-the-darwinzone-4438766125,FDLC - Asistente Administrativo / Contable,,scraped,2026-07-22T10:44:39.618378,
c18866b4782be395,https://gt.linkedin.com/jobs/view/customer-support-representative-accounting-support-at-teamswell-4443586047,Customer Support Representative/Accounting Support,Teamswell,posted,2026-07-22T10:44:54.179451,2302
1ec39d3a91e9d68b,https://gt.linkedin.com/jobs/view/gerente-comercial-sector-construcci%C3%B3n-at-grupo-cfe-4443590291,Gerente comercial - Sector Construcción,Grupo CFE,posted,2026-07-22T10:45:06.713974,2304
b7b69f8f8283d2c7,https://gt.linkedin.com/jobs/view/t%C3%A9cnico-de-mantenimiento-electrico-at-corporaci%C3%B3n-multi-inversiones-4439271515,Técnico de Mantenimiento Electrico,,scraped,2026-07-22T10:45:21.116008,
7b23fbf551784258,https://gt.linkedin.com/jobs/view/abogado-corporativo-derecho-mercantil-y-notarial-at-sapiens-guatemala-4441377179,Abogado Corporativo | Derecho Mercantil y Notarial,Sapiens Guatemala,posted,2026-07-22T10:45:44.263754,2306
0321f2aae62a20be,https://gt.linkedin.com/jobs/view/jefe-de-sucursal-salcaj%C3%A1-at-central-agr%C3%ADcola-4442257742,Jefe de Sucursal Salcajá,,scraped,2026-07-22T10:45:48.987086,
7cb5b810053a1e24,https://gt.linkedin.com/jobs/view/operario-de-incubaci%C3%B3n-at-corporaci%C3%B3n-multi-inversiones-4438732546,Operario de Incubación,,scraped,2026-07-22T10:45:57.804933,
750715eb7605832f,https://gt.linkedin.com/jobs/view/especialista-operaciones-abasto-comex-at-coca-cola-femsa-4441011480,ESPECIALISTA OPERACIONES ABASTO (COMEX),Coca-Cola FEMSA,posted,2026-07-22T10:46:16.594535,2308
36cc41c08f2f0a80,https://gt.linkedin.com/jobs/view/administrador-de-redes-sociales-mixco-at-identity-guatemala-4439619492,Administrador de Redes Sociales /  Mixco,,scraped,2026-07-22T10:46:19.268653,
ca5b2946bee005e9,https://gt.linkedin.com/jobs/view/dependiente-de-tienda-megapaca-plaza-pinula-at-megapaca-4442221208,Dependiente de Tienda Megapaca Plaza Pinula,,scraped,2026-07-22T10:46:30.611383,
42c0113e26a3c824,https://gt.linkedin.com/jobs/view/jefe-comunicaciones-y-relaciones-p%C3%BAblicas-at-empresa-confidencial-4443559977,Jefe comunicaciones y relaciones públicas,Empresa Confidencial,posted,2026-07-22T10:46:44.384288,2310
323bacb018a3dbea,https://gt.linkedin.com/jobs/view/coordinador-a-comercial-at-grupo-imd-4442909731,Coordinador/a Comercial,Grupo Imd.,posted,2026-07-22T10:46:58.955607,2312
590b25aab39bf9ed,https://gt.linkedin.com/jobs/view/ejecutivo-de-negocios-de-banca-de-inversi%C3%B3n-at-corporaci%C3%B3n-multi-inversiones-4441018129,Ejecutivo de Negocios de Banca de Inversión,,scraped,2026-07-22T10:47:01.680875,
77d27f4b17a3e1dc,https://gt.linkedin.com/jobs/view/relationship-coach-at-lifttalk-com-4442731635,Relationship Coach,,scraped,2026-07-22T10:47:09.682833,
164e42cb0f259271,https://gt.linkedin.com/jobs/view/t%C3%A9cnico-de-soporte-cctv-at-tas-4442932438,Técnico de Soporte CCTV,TAS,posted,2026-07-22T10:47:38.054847,2314
d4e382a5ba5c59a1,https://gt.linkedin.com/jobs/view/asistente-administrativa-junior-at-confidencial-4443579415,Asistente Administrativa Junior,Confidencial,posted,2026-07-22T10:47:49.497713,2316
849f024bb3e07d91,https://gt.linkedin.com/jobs/view/auxiliar-de-rr-hh-at-empresa-confidencial-4443000467,Auxiliar de RR. HH.,Empresa Confidencial,posted,2026-07-22T10:48:00.772467,2318
9d7d27cc75072a11,https://gt.linkedin.com/jobs/view/supervisor-de-cobros-at-identity-guatemala-4439273792,Supervisor de Cobros,,scraped,2026-07-22T10:48:07.366565,
0444a9268334e085,https://gt.linkedin.com/jobs/view/piloto-mercedes-benz-at-inchcape-am%C3%A9ricas-4442138136,Piloto - Mercedes-Benz,Inchcape Américas,posted,2026-07-22T10:48:29.181715,2320
ead267852f69d1f6,https://gt.linkedin.com/jobs/view/asesor-a-comercial-de-jardinizaci%C3%B3n-y-paisajismo-at-joint-venture-co-4442927719,Asesor(a) Comercial de Jardinización y Paisajismo,Joint Venture &amp; Co.,posted,2026-07-22T10:48:38.424812,2322
d8d58733797b2dd0,https://gt.linkedin.com/jobs/view/auxiliar-de-bodega-huehuetenango-at-business-development-experts-4441987093,Auxiliar de Bodega - Huehuetenango,,scraped,2026-07-22T10:48:40.805309,
a6cba51c0274a4e9,https://gt.linkedin.com/jobs/view/barista-at-hotel-vista-quince-4442681265,Barista,,scraped,2026-07-22T10:48:49.845822,
b2f73a50a45703a5,https://gt.linkedin.com/jobs/view/creador-a-de-contenido-pov-para-ia-remoto-at-mindrift-data-annotation-projects-4443356896,Creador(a) de Contenido POV para IA - Remoto,Mindrift Data Annotation Projects,posted,2026-07-22T10:49:05.264947,2324
96e9b00886b93952,https://gt.linkedin.com/jobs/view/asistente-ejecutiva-at-empresa-confidencial-4442750270,Asistente Ejecutiva,Empresa Confidencial,posted,2026-07-22T10:49:18.925333,2326
d3f3daea30590ae2,https://gt.linkedin.com/jobs/view/ejecutiva-comercial-%E2%80%93-materiales-para-construcci%C3%B3n-at-identity-guatemala-4441036000,Ejecutiva Comercial – Materiales para Construcción,,scraped,2026-07-22T10:49:23.587649,
54cb0f14e1b7ad83,https://gt.linkedin.com/jobs/view/dise%C3%B1ador-gr%C3%A1fico-senior-at-antigua-cerveza-4442938164,Diseñador gráfico senior,,scraped,2026-07-22T10:49:37.017181,
92162c80f5b25678,https://gt.linkedin.com/jobs/view/administrador-1890-bowling-at-spectrum-4440400406,Administrador (1890 Bowling),,scraped,2026-07-22T10:49:45.624247,
09276d7a15ae0fd9,https://gt.linkedin.com/jobs/view/ejecutivo-de-relaci%C3%B3n-pyme-at-interbanco-guatemala-4443710374,Ejecutivo de Relación Pyme,InterBanco Guatemala,posted,2026-07-22T10:50:04.212402,2328
5411210900470c96,https://gt.linkedin.com/jobs/view/especialista-de-estrategia-at-bac-4442769057,Especialista de Estrategia,,scraped,2026-07-22T10:50:08.850954,
6baf07239db16113,https://gt.linkedin.com/jobs/view/record-your-daily-routine-get-paid-ai-training-remote-at-mindrift-data-annotation-projects-4443340542,Record Your Daily Routine & Get Paid - AI Training (Remote),Mindrift Data Annotation Projects,posted,2026-07-22T10:50:18.043027,325
a5aea51a410e8276,https://gt.linkedin.com/jobs/view/ingeniero-industrial-sin-experiencia-at-talent-match-guatemala-4443537153,Ingeniero industrial Sin experiencia,Talent Match Guatemala,posted,2026-07-22T10:50:31.104444,2330
75ea220284b813f9,https://gt.linkedin.com/jobs/view/analista-de-selecci%C3%B3n-de-personal-at-empresa-confidencial-4440156315,Analista de selección de personal,Empresa Confidencial,posted,2026-07-22T10:50:41.708675,2332
2b28ce8e17a2c08a,https://gt.linkedin.com/jobs/view/pasant%C3%ADa-laboral-media-strategy-at-deinsa-global-4441749253,Pasantía Laboral / Media Strategy,DEINSA GLOBAL,posted,2026-07-22T10:50:50.810050,2334
35691a829513c22b,https://gt.linkedin.com/jobs/view/especialista-en-capacitaci%C3%B3n-at-walmart-4442775213,Especialista en Capacitación,Walmart,posted,2026-07-22T10:51:02.031194,2336
0518b8b852bf17b7,https://gt.linkedin.com/jobs/view/record-your-daily-routine-get-paid-ai-training-remote-at-mindrift-data-annotation-projects-4443335902,Record Your Daily Routine & Get Paid - AI Training (Remote),Mindrift Data Annotation Projects,posted,2026-07-22T10:51:06.959288,325
0284f7bde7c6e8fb,https://gt.linkedin.com/jobs/view/ejecutivo-a-de-cuentas-mid-level-agencia-de-publicidad-at-grupo-comercial-de-comunicaciones-4443592014,Ejecutivo(a) de Cuentas Mid Level / Agencia de Publicidad,,scraped,2026-07-22T10:51:11.715317,
63275c8fee94f228,https://gt.linkedin.com/jobs/view/t%C3%A9cnico-en-sistemas-de-control-y-automatizaci%C3%B3n-at-idc-network-4442932426,Técnico en Sistemas de Control y Automatización,,scraped,2026-07-22T10:51:21.972879,
6263b14d6b29709b,https://gt.linkedin.com/jobs/view/record-your-daily-routine-get-paid-ai-training-remote-at-mindrift-data-annotation-projects-4443354027,Record Your Daily Routine & Get Paid - AI Training (Remote),Mindrift Data Annotation Projects,posted,2026-07-22T10:51:31.599497,325
2c65617fc5e0d539,https://gt.linkedin.com/jobs/view/bi-developer-at-arkanum-digital-consulting-4442729267,BI Developer,Arkanum Digital &amp; Consulting,posted,2026-07-22T10:51:40.995729,2338
9a965f1e2037c043,https://gt.linkedin.com/jobs/view/auxiliar-de-bodega-at-transportes-log%C3%ADsticos-corporativos-4443397737,AUXILIAR DE BODEGA,,scraped,2026-07-22T10:51:43.673740,
483f07a0c4e7f2b7,https://gt.linkedin.com/jobs/view/asesor%40-de-ventas-de-mostrador-at-identity-guatemala-4439279622,Asesor@ de Ventas de Mostrador,,scraped,2026-07-22T10:51:54.036039,
4a91ab518c17f2dd,https://gt.linkedin.com/jobs/view/dependiente-de-tienda-megapaca-cc-gran-plaza-at-megapaca-4442221207,Dependiente de  Tienda  Megapaca  CC Gran Plaza.,,scraped,2026-07-22T10:52:05.120904,
3cd43baa23fe2fc8,https://gt.linkedin.com/jobs/view/t%C3%A9cnico-de-mantenimiento-mec%C3%A1nico-at-corporaci%C3%B3n-multi-inversiones-4442962454,Técnico de Mantenimiento Mecánico,,scraped,2026-07-22T10:52:12.172273,
daa0e8390e89efed,https://gt.linkedin.com/jobs/view/auxiliar-t%C3%A9cnico-en-mantenimiento-sin-experiencia-licencia-c-y-m-chiquimula-at-identity-guatemala-4439220726,Auxiliar Técnico en Mantenimiento Sin Experiencia  (Licencia C y M) Chiquimula,,scraped,2026-07-22T10:52:19.697779,
8a1ce968ac6a7c84,https://gt.linkedin.com/jobs/view/residente-de-obra-miraflores-at-spectrum-4440407110,Residente de Obra (Miraflores),,scraped,2026-07-22T10:52:30.396100,
6baf06845504382f,https://gt.linkedin.com/jobs/view/counselor-2-at-a-igreja-de-jesus-cristo-dos-santos-dos-%C3%BAltimos-dias-4442411766,Counselor 2,,scraped,2026-07-22T10:52:38.276167,
45db0c040060b6eb,https://gt.linkedin.com/jobs/view/creador-de-contenido-videos-y-fotograf%C3%ADa-at-tu-chance-net-4443732357,Creador de Contenido Videos y Fotografía,Tu Chance.net,posted,2026-07-22T10:52:54.095871,2340
972abe770e3a7eea,https://gt.linkedin.com/jobs/view/residente-de-estructura-met%C3%A1lica-at-e4-4441206338,Residente de Estructura Metálica,,scraped,2026-07-22T10:52:56.639018,
2d5149d147592160,https://gt.linkedin.com/jobs/view/ejecutivo-comercial-remoto-mercado-latam-at-ally-pro-4443719769,Ejecutivo Comercial | Remoto | Mercado LATAM,ALLY PRO,posted,2026-07-22T10:53:10.637641,2342
153adb7ccd538792,https://gt.linkedin.com/jobs/view/global-learning-and-development-specialist-at-intouchcx-4441108322,Global Learning and Development Specialist,,scraped,2026-07-22T10:53:13.373389,
abc1ba8fe7e7f03b,https://gt.linkedin.com/jobs/view/mep-bim-modeler-latam-timezone-at-utopia-design-4440470502,MEP BIM Modeler - LATAM timezone,,scraped,2026-07-22T10:53:20.371092,
390181b1727fc445,https://gt.linkedin.com/jobs/view/project-manager-at-sociedad-anonima-4443503649,PROJECT MANAGER,,scraped,2026-07-22T10:53:27.203902,
bbc1e38d68a3efba,https://gt.linkedin.com/jobs/view/encargado-de-auditor%C3%ADa-at-baker-tilly-guatemala-4443389573,Encargado de auditoría,,scraped,2026-07-22T10:53:34.206280,
9dacf36b3f03482a,https://gt.linkedin.com/jobs/view/business-intelligence-analyst-at-confidential-careers-4440157047,Business Intelligence Analyst,,scraped,2026-07-22T10:53:42.263760,
541b54e2a87af1be,https://gt.linkedin.com/jobs/view/commercial-analyst-at-millicom-tigo-4443098472,Commercial Analyst,,scraped,2026-07-22T10:53:49.735555,
67be52d8519233fb,https://gt.linkedin.com/jobs/view/customer-account-specialist-%E2%80%94-order-management-customer-service-at-safeguard-global-4440151937,Customer Account Specialist — Order Management & Customer Service,Safeguard Global,posted,2026-07-22T10:54:08.184496,2344
28ef6e69aea117f1,https://gt.linkedin.com/jobs/view/ingeniero-de-infraestructura-at-confidential-careers-4439250859,Ingeniero de infraestructura,Confidential Careers,posted,2026-07-22T10:54:21.556923,2346
7526aba30657434e,https://gt.linkedin.com/jobs/view/asistente-de-facilities-temporal-at-corporaci%C3%B3n-multi-inversiones-4442401018,Asistente de Facilities Temporal,,scraped,2026-07-22T10:54:24.159167,
ea294e065f539cb2,https://gt.linkedin.com/jobs/view/analista-de-procesos-y-datos-at-confidencial-4443563222,Analista de procesos y datos,Confidencial,posted,2026-07-22T10:54:46.503257,2348
5a2828926b2ea0cc,https://gt.linkedin.com/jobs/view/pasant%C3%ADa-para-el-%C3%A1rea-de-consultor%C3%ADa-funcional-dynamics-at-blanco-silva-consultor%C3%ADa-inform%C3%A1tica-bsci-4441728986,Pasantía para el área de Consultoría Funcional Dynamics,,scraped,2026-07-22T10:54:49.168950,
3bf712bffc6b53f9,https://gt.linkedin.com/jobs/view/operario-de-carga-at-corporaci%C3%B3n-multi-inversiones-4442957615,Operario de Carga,,scraped,2026-07-22T10:55:00.966455,
9628270787781196,https://gt.linkedin.com/jobs/view/sales-representative-at-vertu-agent-4443530427,Sales Representative,Vertu Agent,posted,2026-07-22T10:55:11.226387,1858
febe7f86fdbe0d54,https://gt.linkedin.com/jobs/view/business-analyst-at-telus-digital-4416644905,Business Analyst,,scraped,2026-07-22T10:55:14.051957,
de36375e369212a8,https://gt.linkedin.com/jobs/view/supervisores-y-coordinadores-de-its-at-marhnos-4443388650,Supervisores y coordinadores de ITS,,scraped,2026-07-22T10:55:21.150160,
26571a5a8444fa2c,https://gt.linkedin.com/jobs/view/innovation-income-deduction-at-pitch-law-4444400092,Innovation Income Deduction,,scraped,2026-07-23T10:41:33.734390,
a9b2853a0ab25187,https://gt.linkedin.com/jobs/view/mensajero-at-corporacion-aps-4443935125,MENSAJERO,,scraped,2026-07-23T10:41:40.493019,
5449ac7c103d0889,https://gt.linkedin.com/jobs/view/t%C3%A9cnico-de-calidad-at-laboratorios-vizca%C3%ADno-s-a-4442932432,Técnico de Calidad,,scraped,2026-07-23T10:41:59.181546,
8b214f8ec01e8943,https://gt.linkedin.com/jobs/view/encargado-de-manejo-y-estacionamiento-centros-comerciales-at-spectrum-4443121457,Encargado de Manejo y Estacionamiento (Centros Comerciales),,scraped,2026-07-23T10:42:14.162685,
5d54a888c7955f94,https://gt.linkedin.com/jobs/view/supervisor-entretenimiento-air-square-at-spectrum-4443119515,Supervisor Entretenimiento (Air Square),,scraped,2026-07-23T10:42:24.011013,
24a766412df2057a,https://gt.linkedin.com/jobs/view/director-de-control-de-calidad-at-se7en-group-s-a-4443452204,Director de Control de Calidad,,scraped,2026-07-23T10:42:33.301556,
a2cba75a268bce3b,https://gt.linkedin.com/jobs/view/t%C3%A9cnico-de-soporte-ti-at-corporaci%C3%B3n-multi-inversiones-4443472608,Técnico de Soporte TI,,scraped,2026-07-23T10:42:41.303734,
857aaea17aac3b72,https://gt.linkedin.com/jobs/view/accounting-officer-at-vivant-4443506672,Accounting Officer,Vivant,posted,2026-07-23T10:42:59.758802,2350
0bb4fa4c38d5293d,https://gt.linkedin.com/jobs/view/coordinador-de-comunicaci%C3%B3n-e-imagen-de-marca-at-antigua-cerveza-4442921977,Coordinador de Comunicación e Imagen de Marca,,scraped,2026-07-23T10:43:02.492796,
9c882ba1ec49b627,https://gt.linkedin.com/jobs/view/dependiente-de-mostrador-at-identity-guatemala-4439265951,Dependiente de Mostrador,,scraped,2026-07-23T10:43:08.862321,
e8580ca022db3633,https://gt.linkedin.com/jobs/view/executive-assistant-operations-manager-at-teamswell-4441613720,Executive Assistant/Operations Manager,Teamswell,posted,2026-07-23T10:43:27.175960,2352
07297a40d58d87c5,https://gt.linkedin.com/jobs/view/agente-de-call-center-para-cobros-at-gestionadora-de-cr%C3%A9ditos-4442479886,Agente de Call Center para Cobros,,scraped,2026-07-23T10:43:29.982388,
0cc44ac939b56af6,https://gt.linkedin.com/jobs/view/gestor-de-control-de-calidad-at-grupo-distelsa-4443485838,Gestor de Control de Calidad,Grupo Distelsa,posted,2026-07-23T10:43:50.879078,2354
7e17237c85ef524f,https://gt.linkedin.com/jobs/view/asesora-comercial-de-mostrador-at-identity-guatemala-4441020599,Asesora Comercial de Mostrador,,scraped,2026-07-23T10:43:53.533038,
a4d4970171b03ee0,https://gt.linkedin.com/jobs/view/gerente-de-proyectos-inmobiliarios-at-sapiens-guatemala-4442910661,Gerente de Proyectos inmobiliarios,Sapiens Guatemala,posted,2026-07-23T10:44:20.472178,2356
c2f270a75176444a,https://gt.linkedin.com/jobs/view/operaciones-empresa-de-carga-log%C3%ADstica-at-people-evolution-4441388648,Operaciones (Empresa de Carga Logística),,scraped,2026-07-23T10:44:23.221440,
f25b88c384709193,https://gt.linkedin.com/jobs/view/asistente-operativo-de-transporte-delta-barcenas-at-grupo-distelsa-4440196773,ASISTENTE OPERATIVO DE TRANSPORTE - DELTA BARCENAS,Grupo Distelsa,posted,2026-07-23T10:44:40.750149,2358
8f3a0662803d10e1,https://gt.linkedin.com/jobs/view/pre-vendedor-1-at-corporaci%C3%B3n-multi-inversiones-4441087412,Pre Vendedor 1,,scraped,2026-07-23T10:44:45.437016,
5703edf5ee71fee7,https://gt.linkedin.com/jobs/view/gerente-comercial-at-empresa-confidencial-4443174099,Gerente comercial,Empresa Confidencial,posted,2026-07-23T10:44:59.353062,2144
280e40a5610dba85,https://gt.linkedin.com/jobs/view/encargado-de-facturaci%C3%B3n-y-liquidaciones-at-identity-guatemala-4438759791,Encargado de Facturación y Liquidaciones,,scraped,2026-07-23T10:45:04.041448,
a85fd444462365cb,https://gt.linkedin.com/jobs/view/jefe-de-taller-maqsa-at-central-agr%C3%ADcola-4441902767,JEFE DE TALLER MAQSA,,scraped,2026-07-23T10:45:17.042674,
7f4223aba113c635,https://gt.linkedin.com/jobs/view/coordinador-de-marca-comercial-at-corporaci%C3%B3n-multi-inversiones-4440195592,Coordinador de Marca Comercial,,scraped,2026-07-23T10:45:23.997164,
aae19d564d8b645e,https://gt.linkedin.com/jobs/view/pasant%C3%ADa-dise%C3%B1ador-jr-at-topke-4443188362,Pasantía Diseñador jr,,scraped,2026-07-23T10:45:31.372904,
b83728a43575be7c,https://gt.linkedin.com/jobs/view/freelance-grabaci%C3%B3n-de-tareas-cotidianas-para-proyecto-de-ia-at-mindrift-data-annotation-projects-4443362072,Freelance: grabación de tareas cotidianas para proyecto de IA,Mindrift Data Annotation Projects,posted,2026-07-23T10:45:47.142531,2360
c9c1d8b4a428feec,https://gt.linkedin.com/jobs/view/freelance-grabaci%C3%B3n-de-tareas-cotidianas-para-proyecto-de-ia-at-mindrift-data-annotation-projects-4443341861,Freelance: grabación de tareas cotidianas para proyecto de IA,Mindrift Data Annotation Projects,posted,2026-07-23T10:45:55.915445,2362
63575b2e0a06588c,https://gt.linkedin.com/jobs/view/supervisor-negocios-de-entretenimiento-at-spectrum-4441015476,Supervisor (Negocios de Entretenimiento),,scraped,2026-07-23T10:45:58.608236,
8b239b2db43c1205,https://gt.linkedin.com/jobs/view/operario-de-producci%C3%B3n-1-at-corporaci%C3%B3n-multi-inversiones-4442956677,Operario de Producción 1,,scraped,2026-07-23T10:46:06.304482,
8871ccfebb41f6c1,https://gt.linkedin.com/jobs/view/operario-de-producci%C3%B3n-1-at-corporaci%C3%B3n-multi-inversiones-4442953825,Operario de Producción 1,,scraped,2026-07-23T10:46:13.554090,
f811908c80ce9eb2,https://gt.linkedin.com/jobs/view/monitor-de-salud-y-seguridad-ocupacional-at-proelectric-s-a-4443193245,Monitor de Salud y Seguridad Ocupacional,"Proelectric, S.A.",posted,2026-07-23T10:46:25.302498,1968
1dcf708c422aa060,https://gt.linkedin.com/jobs/view/auxiliar-de-maniobra-vehicular-at-corporaci%C3%B3n-multi-inversiones-4441071930,Auxiliar de Maniobra Vehicular,,scraped,2026-07-23T10:46:27.972120,
699767a113fdc2e6,https://gt.linkedin.com/jobs/view/auxiliar-de-operaciones-at-grupo-distelsa-4443490077,Auxiliar de Operaciones,Grupo Distelsa,posted,2026-07-23T10:46:46.508604,2364
31bec09a44e4600c,https://gt.linkedin.com/jobs/view/servicio-al-cliente-at-kalea-4440189966,Servicio al cliente,,scraped,2026-07-23T10:46:49.180890,
8c9db96cc5d7d7d2,https://gt.linkedin.com/jobs/view/virtual-assistant-to-ceo-remote-at-viva-talent-4443947314,Virtual Assistant to CEO (Remote),Viva Talent,posted,2026-07-23T10:46:58.045809,1053
9f02ec8b6f124c0b,https://gt.linkedin.com/jobs/view/team-leader-de-electronica-oficinas-centro-de-distribucion-at-grupo-distelsa-4441077916,TEAM LEADER DE ELECTRONICA - OFICINAS CENTRO DE DISTRIBUCION,Grupo Distelsa,posted,2026-07-23T10:47:11.256263,2366
2d58059b791e0194,https://gt.linkedin.com/jobs/view/operario-de-despacho-at-corporaci%C3%B3n-multi-inversiones-4441011477,Operario de Despacho,,scraped,2026-07-23T10:47:13.735796,
41e987d41952c874,https://gt.linkedin.com/jobs/view/auxiliar-contable-cuenta-por-cobrar-at-identity-guatemala-4439620516,Auxiliar Contable Cuenta por Cobrar,,scraped,2026-07-23T10:47:21.538860,
a2fe2f4da5410f73,https://gt.linkedin.com/jobs/view/logistics-manager-at-pedidosya-4425537366,Logistics Manager,,scraped,2026-07-23T10:47:36.299490,
6dac1a20e6b8c0f2,https://gt.linkedin.com/jobs/view/operario-de-producci%C3%B3n-1-at-corporaci%C3%B3n-multi-inversiones-4441078729,Operario de Producción 1,,scraped,2026-07-23T10:47:45.256333,
704dd722aed583af,https://gt.linkedin.com/jobs/view/ejecutivo-a-de-ventas-ciudad-de-guatemala-y-quetzaltenango-at-dep%C3%B3sito-dental-denteco-s-a-4440453479,Ejecutivo(a) de Ventas  Ciudad de Guatemala y Quetzaltenango,"Depósito Dental Denteco, S.A.",posted,2026-07-23T10:48:07.119155,2368
f578f0437d59ab4f,https://gt.linkedin.com/jobs/view/consumer-app-support-specialist-at-teamswell-4443570816,Consumer App Support Specialist,Teamswell,posted,2026-07-23T10:48:18.192037,2370
e884141df060f87e,https://gt.linkedin.com/jobs/view/pre-vendedor-1-at-corporaci%C3%B3n-multi-inversiones-4438759459,Pre Vendedor 1,,scraped,2026-07-23T10:48:20.854168,
739168d555f6b35b,https://gt.linkedin.com/jobs/view/operario-de-producci%C3%B3n-en-planta-de-producci%C3%B3n-hombre-at-central-agr%C3%ADcola-4442681268,Operario de Producción en Planta de Producción / Hombre,,scraped,2026-07-23T10:48:34.333450,
074d9f680f093bcd,https://gt.linkedin.com/jobs/view/asesor-de-ventas-viajero-at-somar-supermercados-4442934398,Asesor de Ventas Viajero,Somar Supermercados,posted,2026-07-23T10:48:47.939061,2372
689a0801e31ef95f,https://gt.linkedin.com/jobs/view/ejecutivo-de-relaci%C3%B3n-at-banco-promerica-guatemala-4443961107,Ejecutivo De Relación,,scraped,2026-07-23T10:48:52.742413,
971c2b87ad6af1e1,https://gt.linkedin.com/jobs/view/account-executive-jr-agencia-de-publicidad-atl-digital-at-grupo-comercial-de-comunicaciones-4444201884,Account Executive Jr. | Agencia de Publicidad | ATL & Digital,,scraped,2026-07-23T10:49:06.157093,
b63acacb294b5839,https://gt.linkedin.com/jobs/view/especialista-en-estrategia-de-marketing-at-comelasa-4444200263,Especialista en estrategia de marketing,,scraped,2026-07-23T10:49:12.540020,
269e633bc0f297ec,https://gt.linkedin.com/jobs/view/consultor%C3%ADa-de-coordinaci%C3%B3n-y-monitoreo-de-operaciones-at-inter-american-development-bank-4441066763,Consultoría de Coordinación y Monitoreo de Operaciones,Banco Interamericano de Desarrollo,posted,2026-07-23T10:49:29.545541,2374
8fef47515b2e9a0f,https://gt.linkedin.com/jobs/view/junior-trafficker-digital-at-capgemini-4442428600,Junior Trafficker Digital,,scraped,2026-07-23T10:49:32.204620,
36a320706696634a,https://gt.linkedin.com/jobs/view/operador-de-montacarga-at-grupo-distelsa-4443482819,Operador de Montacarga,Grupo Distelsa,posted,2026-07-23T10:49:47.371057,769
a774306a0b6aa08d,https://gt.linkedin.com/jobs/view/gerente-de-cadena-de-suministro-manufactura-at-confidential-4443967060,Gerente de Cadena de Suministro - Manufactura,Confidential,posted,2026-07-23T10:49:57.087377,2376
c07b4010c7c49c8a,https://gt.linkedin.com/jobs/view/coordinador-de-rr-hh-at-empresa-confidencial-4443417336,Coordinador de RR. HH.,Empresa Confidencial,posted,2026-07-23T10:50:10.583266,2378
4119764e776816e8,https://gt.linkedin.com/jobs/view/bi-reporting-analyst-at-riverstone-4443911478,BI Reporting Analyst,RiverStone,posted,2026-07-23T10:50:21.007088,2380
df3c6f19ad0fdf32,https://gt.linkedin.com/jobs/view/ejecutivo-de-ventas-at-identity-guatemala-4439651068,Ejecutivo de Ventas,,scraped,2026-07-23T10:50:27.655480,
ccd650ca70e3e2c0,https://gt.linkedin.com/jobs/view/facilitador-comercial-de-seguros-at-banco-industrial-guatemala-4441044866,Facilitador Comercial de Seguros,,scraped,2026-07-23T10:50:42.451603,
c70f34edbed093cd,https://gt.linkedin.com/jobs/view/creador-a-de-contenido-pov-para-ia-remoto-at-mindrift-data-annotation-projects-4443367385,Creador(a) de Contenido POV para IA - Remoto,Mindrift Data Annotation Projects,posted,2026-07-23T10:50:58.897063,2382
f13ccfad8d30cf0b,https://gt.linkedin.com/jobs/view/creador-a-de-contenido-pov-para-ia-remoto-at-mindrift-data-annotation-projects-4443359875,Creador(a) de Contenido POV para IA - Remoto,Mindrift Data Annotation Projects,posted,2026-07-23T10:51:07.501382,2384
6b3a2d66b0e9bf93,https://gt.linkedin.com/jobs/view/encargado-de-equipos-especiales-at-identity-guatemala-4441029206,Encargado de Equipos Especiales,,scraped,2026-07-23T10:51:12.184895,
b4205be88ebcf30f,https://gt.linkedin.com/jobs/view/empleada-domestica-zona-1-at-identity-guatemala-4439628215,Empleada Domestica / Zona 1,,scraped,2026-07-23T10:51:24.761917,
3797a15e742af35b,https://gt.linkedin.com/jobs/view/auxiliar-de-cobros-at-mapfre-4443540488,AUXILIAR DE COBROS,,scraped,2026-07-23T10:51:40.009221,
9fdc55855fd9d794,https://gt.linkedin.com/jobs/view/asistente-de-negocios-en-departamento-comercial-de-gastos-medicos-mayores-at-bam-4441933085,ASISTENTE DE NEGOCIOS EN DEPARTAMENTO COMERCIAL DE GASTOS MEDICOS MAYORES,,scraped,2026-07-23T10:51:47.376295,
c8b1b04ff3b599d3,https://gt.linkedin.com/jobs/view/gerente-de-recursos-humanos-at-msc-mediterranean-shipping-company-4441069604,Gerente de Recursos Humanos,MSC Mediterranean Shipping Company,posted,2026-07-23T10:52:05.431858,2386
8928d23749ac8c37,https://gt.linkedin.com/jobs/view/asistente-de-mercadeo-museo-miraflores-at-spectrum-4442920134,Asistente de Mercadeo (Museo Miraflores),,scraped,2026-07-23T10:52:08.144931,
6dcdf099d40fff8e,https://gt.linkedin.com/jobs/view/t%C3%A9cnico-en-gesti%C3%B3n-de-calidad-at-navaru-empresarial-4442663926,Técnico en gestión de Calidad,,scraped,2026-07-23T10:52:15.979608,
4e4d54acf2be7878,https://gt.linkedin.com/jobs/view/auxiliar-at-bam-4443578304,Auxiliar,,scraped,2026-07-23T10:52:22.769035,
e270438477f1af57,https://gt.linkedin.com/jobs/view/ejecutivo-a-de-cuentas-clave-regional-at-cargill-4441060773,Ejecutivo(a) de Cuentas Clave Regional,Cargill,posted,2026-07-23T10:52:41.537427,2388
375f5cf193503e45,https://gt.linkedin.com/jobs/view/especialista-de-aplicaciones-food-at-brenntag-4443999430,Especialista de Aplicaciones Food,Brenntag,posted,2026-07-23T10:53:01.422024,2390
394e96db68698a68,https://gt.linkedin.com/jobs/view/abogado-a-en-unidad-juridica-de-negocios-at-bam-4443567590,ABOGADO/A EN UNIDAD JURIDICA DE NEGOCIOS,,scraped,2026-07-23T10:53:06.251680,
889ab3be63f2f6ea,https://gt.linkedin.com/jobs/view/supervisor-de-construcci%C3%B3n-de-naves-industriales-at-labora-talento-humano-4443966794,Supervisor de Construcción de Naves Industriales,Labora Talento Humano,posted,2026-07-23T10:53:28.632033,2392
1326adc7efadb2aa,https://gt.linkedin.com/jobs/view/training-manager-at-empresa-confidencial-4442659973,Training Manager,Empresa Confidencial,posted,2026-07-23T10:53:39.922517,2394
5e2a047a82e4d2de,https://gt.linkedin.com/jobs/view/director-a-de-entidad-de-certificaci%C3%B3n-iso-at-staregister-international-management-system-certification-4440697322,Director/a de Entidad de Certificación ISO,"STAREGISTER International, Management System Certification",posted,2026-07-23T10:53:49.885375,2396
01524c15dbc379d5,https://gt.linkedin.com/jobs/view/operario-de-bodega-at-cofrasa-4443021438,Operario de bodega,,scraped,2026-07-23T10:53:52.473432,
3901a459ccaa6712,https://gt.linkedin.com/jobs/view/analista-de-talent-acquisition-trabajo-remoto-at-bairesdev-4442666239,Analista de Talent Acquisition - Trabajo Remoto,BairesDev,posted,2026-07-23T10:54:02.172581,641
864d7296325451a7,https://gt.linkedin.com/jobs/view/cobrador-at-cervecer%C3%ADa-centro-americana-s-a-4441361464,Cobrador,,scraped,2026-07-23T10:54:04.751208,
12d568506c8cbac2,https://gt.linkedin.com/jobs/view/people-sr-analyst-at-pedidosya-4441343265,People Sr Analyst,,scraped,2026-07-23T10:54:11.806821,
f27c4d08357d4fd3,https://gt.linkedin.com/jobs/view/spanish-bilingual-customer-service-specialist-at-talentpop-app-4442998189,Spanish Bilingual Customer Service Specialist,TalentPop App,posted,2026-07-23T10:54:21.233595,885
2f17fc52f6858f04,https://gt.linkedin.com/jobs/view/sub-gerente-manucfactura-planta-de-producci%C3%B3n-mixco-turno-nocturno-at-walmart-centroam%C3%A9rica-4443707378,Sub Gerente Manucfactura Planta de Producción Mixco / Turno nocturno,,scraped,2026-07-23T10:54:25.858739,
0ca5a1e3b29e347d,https://gt.linkedin.com/jobs/view/manager-account-executive-at-visa-4442197087,"Manager, Account Executive",Visa,posted,2026-07-23T10:54:40.461894,2398
0fb6455c7df8567b,https://gt.linkedin.com/jobs/view/media-planner-360-digital-%2B-atl-at-starcom-4442182445,Media Planner 360 Digital + ATL,Starcom,posted,2026-07-23T10:54:51.883038,2400
21f4a8f3bebb038b,https://gt.linkedin.com/jobs/view/process-and-documentation-multimedia-specialist-at-pricesmart-4441006514,Process and Documentation Multimedia Specialist,PriceSmart,posted,2026-07-23T10:55:01.601972,2402
ae21a8a244139a5a,https://gt.linkedin.com/jobs/view/oficial-de-cadena-de-suministros-at-save-the-children-international-4443581611,Oficial de Cadena de Suministros,,scraped,2026-07-23T10:55:04.397060,
ddbeec2bf870bfa4,https://gt.linkedin.com/jobs/view/senior-ai-engineer-at-athenaworks-4441707642,Senior AI Engineer,Athenaworks,posted,2026-07-23T10:55:18.432423,2404
e435459acedf49f8,https://gt.linkedin.com/jobs/view/qa-tester-at-bav-group-m%C3%A9xico-4444263350,QA Tester,,scraped,2026-07-23T10:55:25.099853,
f6e64bfab8ae963a,https://gt.linkedin.com/jobs/view/monitor-qhse-at-rope-4443988759,Monitor QHSE,,scraped,2026-07-23T10:55:33.357671,
0261929f29ee2d7a,https://gt.linkedin.com/jobs/view/jefe-de-sucursal-at-la-casa-de-las-baterias-4443445227,Jefe de Sucursal,,scraped,2026-07-23T10:55:43.104327,
5cc678fa3e84528e,https://gt.linkedin.com/jobs/view/full-stack-developer-at-bav-group-m%C3%A9xico-4444251781,Full Stack Developer,,scraped,2026-07-23T10:55:50.547458,
743cf87bb0100655,https://gt.linkedin.com/jobs/view/estudiante-carrera-ingenieria-mec%C3%A1nico-industrial-electronica-y-o-industrial-m%C3%ADnimo-segundo-a%C3%B1o-at-strong-latam-4441668983,"Estudiante Carrera Ingenieria Mecánico Industrial; Electronica, y/o Industrial (Mínimo Segundo Año)",,scraped,2026-07-23T10:55:56.729530,
b8663e7f4bd60885,https://gt.linkedin.com/jobs/view/gestor-de-cobros-at-negocom-4443544180,Gestor de cobros,NEGOCOM,posted,2026-07-23T10:56:10.178410,1750
2ad2c2d831813ed4,https://gt.linkedin.com/jobs/view/asesor-comercial-servicios-at-resource-hub-4443516040,Asesor Comercial - Servicios,Resource Hub,posted,2026-07-23T10:56:21.584023,2406
afc2e0e3c9cf55e3,https://gt.linkedin.com/jobs/view/especialista-comercial-jr-at-tas-tecnolog%C3%ADa-acceso-seguridad-4443015151,Especialista Comercial Jr,,scraped,2026-07-23T10:56:24.293316,
b884cfded839d913,https://gt.linkedin.com/jobs/view/oficial-de-medio-ambiente-y-clima-at-empresa-confidencial-4443437234,Oficial de Medio Ambiente y Clima,Empresa Confidencial,posted,2026-07-23T10:56:45.999043,2408
1617dab8f2bc2e46,https://gt.linkedin.com/jobs/view/asesor-de-ventas-b2b-trabajo-en-zona-16-ciudad-cayal%C3%A1-at-bpo361-4429576208,Asesor de ventas B2B - Trabajo en Zona 16 Ciudad Cayalá,,scraped,2026-07-23T10:56:48.714491,
f42160770da7fd51,https://gt.linkedin.com/jobs/view/analista-de-precios-at-empresa-confidencial-4443932898,Analista de Precios,Empresa Confidencial,posted,2026-07-23T10:57:07.855192,2410
46ea2554f6afce44,https://gt.linkedin.com/jobs/view/executive-assistant-revenue-operations-specialist-at-veta-virtual-4443734118,Executive Assistant & Revenue Operations Specialist,,scraped,2026-07-23T10:57:10.592498,
e911ed6b16588a62,https://gt.linkedin.com/jobs/view/gerente-de-relaci%C3%B3n-junior-experiencia-en-banca-at-empresa-confidencial-4440463690,Gerente de relación junior (experiencia en banca),Empresa Confidencial,posted,2026-07-23T10:57:31.221356,2412
3f9e0bde647d10cb,https://gt.linkedin.com/jobs/view/abogado-corporativo-experiencia-en-inmobiliarias-at-reclutamiento-efectivo-gt-4443934889,Abogado Corporativo experiencia en inmobiliarias,RECLUTAMIENTO EFECTIVO GT,posted,2026-07-23T10:57:40.592400,2414
43a920ec280cfb6f,https://gt.linkedin.com/jobs/view/cientifico-a-de-datos-beg-18-en-unidad-de-estrategia-y-gestion-comercial-beg-at-bam-4443565604,CIENTIFICO/A DE DATOS (BEG 18) EN UNIDAD DE ESTRATEGIA Y GESTION COMERCIAL BEG,,scraped,2026-07-23T10:57:43.257808,
f88b6354467ef45d,https://gt.linkedin.com/jobs/view/asesor-comercial-digital-at-talent-match-guatemala-4442682229,Asesor Comercial Digital,,scraped,2026-07-23T10:57:50.201543,
2681d99ba6bd1bb1,https://gt.linkedin.com/jobs/view/asesor-a-de-servicio-en-agencia-santa-cruz-del-quiche-t1-at-bam-4441669619,ASESOR/A DE SERVICIO EN AGENCIA SANTA CRUZ DEL QUICHE (T1),,scraped,2026-07-23T10:58:01.497913,
997bff211eac4521,https://gt.linkedin.com/jobs/view/gerente-senior-transformaci%C3%B3n-digital-y-estrategia-servicios-financieros-at-deloitte-4443702435,Gerente Senior Transformación Digital y Estrategia | Servicios Financieros,Deloitte,posted,2026-07-23T10:58:15.640313,2416
7f224b63add6f586,https://gt.linkedin.com/jobs/view/t%C3%A9cnico-de-laboratorio-cl%C3%ADnico-at-excelencia-en-capital-humano-4443576097,Técnico de laboratorio clínico,Excelencia en Capital Humano,posted,2026-07-23T10:58:25.515601,2418
dbd849a6fd981a76,https://gt.linkedin.com/jobs/view/auditor-a-senior-de-seguros-at-bam-4442920033,AUDITOR(A) SENIOR DE SEGUROS,,scraped,2026-07-23T10:58:34.242327,
6a995273b48850e3,https://gt.linkedin.com/jobs/view/trafficker-digital-at-red-azul-publicidad-4442181639,trafficker digital,Red Azul Publicidad,posted,2026-07-23T10:58:51.667138,2420
efa6053e78e72a9b,https://gt.linkedin.com/jobs/view/supervisor-de-producci%C3%B3n-at-grupo-lamfer-4443515974,Supervisor de producción,,scraped,2026-07-23T10:58:54.289816,
667a73ef79e28384,https://gt.linkedin.com/jobs/view/jr-legal-assistant-at-solvo-global-4441069625,Jr Legal Assistant,Solvo Global,posted,2026-07-23T10:59:09.451296,2422
d0d0279a1cb7dd36,https://gt.linkedin.com/jobs/view/supervisor-a-de-desempe%C3%B1o-de-transporte-1-at-holcim-4443493473,Supervisor/a de desempeño de transporte 1,,scraped,2026-07-23T10:59:12.374886,
634e4ceb494fe82d,https://gt.linkedin.com/jobs/view/semi-senior-fullstack-developer-nuxt-vuejs-blazor-net-remote-latam-at-dacodes-4443021140,Semi-Senior Fullstack Developer (Nuxt VueJs / Blazor .NET) - Remote LATAM,DaCodes.,posted,2026-07-23T10:59:27.964893,2424
e3cdd98fddfcdda9,https://gt.linkedin.com/jobs/view/housing-specialist-at-cs-outsource-4440793847,Housing Specialist,CS Outsource,posted,2026-07-23T10:59:36.577471,2426
4355e93bde4b990d,https://gt.linkedin.com/jobs/view/impulsadoras-y-display-la-democracia-huehuetenango-at-business-development-experts-4441974525,"Impulsadoras y Display - La Democracia, Huehuetenango",,scraped,2026-07-23T10:59:43.347910,
c745c365a4f9488e,https://gt.linkedin.com/jobs/view/ejecutivo-de-cuentas-corporativas-at-empleos-cable-color-gt-4398074947,Ejecutivo de cuentas corporativas,,scraped,2026-07-23T10:59:51.102788,
4f0493c65af4c993,https://gt.linkedin.com/jobs/view/gerente-de-proyecto-proyecto-residencial-premium-4443510484,Gerente de Proyecto-Proyecto Residencial Premium,EMPRESA INMOBILIARIA,posted,2026-07-23T11:00:04.207108,2428
5495e05b0969e1e7,https://gt.linkedin.com/jobs/view/ingeniero-especializado-en-tratamiento-de-agua-at-aquasistemas-4442729437,Ingeniero Especializado en Tratamiento de Agua,Aquasistemas,posted,2026-07-23T11:00:30.719792,2430
428de7aaaf46f6c1,https://gt.linkedin.com/jobs/view/exemption-from-the-professional-withholding-tax-for-knowledge-staff-at-pitch-law-4444294497,Exemption from the professional withholding tax for knowledge staff,,scraped,2026-07-23T11:00:33.364647,
bcf61891cf446f66,https://gt.linkedin.com/jobs/view/finance-technology-analyst-netsuite-at-isu-corp-4439878251,Finance Technology Analyst (NetSuite),,scraped,2026-07-23T11:00:40.302364,
0539bdcc1516cc0c,https://gt.linkedin.com/jobs/view/asistente-personal-del-director-general-at-code-crypto-marketing-4443572790,Asistente personal del director general,,scraped,2026-07-23T11:00:47.546911,
979a74d63ee4e7d6,https://gt.linkedin.com/jobs/view/reporting-people-analytics-specialist-at-vana-4444223917,Reporting & People Analytics Specialist,,scraped,2026-07-23T11:00:56.291736,
17d813037181db1a,https://gt.linkedin.com/jobs/view/asesor-de-ventas-viajero-at-corpodesa-4442686057,Asesor de Ventas Viajero,,scraped,2026-07-23T11:01:07.191962,
16ff94c08e5777af,https://gt.linkedin.com/jobs/view/piloto-de-transporte-y-log%C3%ADstica-at-delisfer-4443069657,Piloto de Transporte y Logística,DelisFer,posted,2026-07-23T11:01:23.012133,2432
c8f51530a3a70a00,https://gt.linkedin.com/jobs/view/jefe-de-turno-h-m-x-at-solvay-4441310119,Jefe de Turno (H/M/X),,scraped,2026-07-23T11:01:26.077926,
f0d2a66945898675,https://gt.linkedin.com/jobs/view/corporate-sales-leader-at-business-professionals-manpowergroup-colombia-4442165328,Corporate Sales Leader,,scraped,2026-07-23T11:01:33.057877,
87ca0c7b43877e97,https://gt.linkedin.com/jobs/view/chief-of-party-food-for-peace-ffp-guatemala-at-global-communities-4432905754,"Chief of Party, Food for Peace (FFP) - Guatemala",Global Communities,posted,2026-07-23T11:01:53.915561,2434
ffc17b41372a78c4,https://gt.linkedin.com/jobs/view/ingeniero-civil-junior-presupuestos-y-licitaciones-at-soluciones-en-rh%E2%99%BE%EF%B8%8F-recursos-humanos-4440157400,Ingeniero Civil Junior - Presupuestos y licitaciones,Soluciones en RH♾️ Recursos Humanos,posted,2026-07-23T11:02:03.957612,2436
6813ba8d63d9a45c,https://gt.linkedin.com/jobs/view/asesores-inmobiliarios-at-citymax-del-sur-4378386944,asesores inmobiliarios,CityMax del Sur,posted,2026-07-23T11:02:15.380665,2438
d41a35b547b78792,https://gt.linkedin.com/jobs/view/jr-business-analyst-cxai-at-telus-digital-4433416565,Jr. Business Analyst - CXAI,,scraped,2026-07-23T11:02:18.205812,
08d857e4df3a0c05,https://gt.linkedin.com/jobs/view/t%C3%A9cnico-de-mantenimiento-industrial-at-personnel-jobs-4443043043,Técnico de Mantenimiento Industrial,,scraped,2026-07-23T11:02:25.072939,
1914e0f92e5e631d,https://gt.linkedin.com/jobs/view/spanish-bilingual-customer-service-specialist-at-talentpop-app-4442986638,Spanish Bilingual Customer Service Specialist,TalentPop App,posted,2026-07-23T11:02:34.674967,885
786f1094290d2e15,https://gt.linkedin.com/jobs/view/consultor-a-senior-transformaci%C3%B3n-digital-y-estrategia-servicios-financieros-at-deloitte-4443987074,Consultor(a) Senior Transformación Digital y Estrategia | Servicios Financieros,Deloitte,posted,2026-07-23T11:02:44.550513,2440
d9c9b9f88e49f3aa,https://gt.linkedin.com/jobs/view/asesor-de-ventas-at-sur-desarrollos-4443187506,Asesor de ventas,SUR Desarrollos,posted,2026-07-23T11:02:53.741117,1389
501b89e3f9aa98ec,https://gt.linkedin.com/jobs/view/asistente-dental-at-corporaci%C3%B3n-ceprosi-s-a-4442728779,Asistente Dental,,scraped,2026-07-23T11:02:56.368515,
67da75fd592016c1,https://gt.linkedin.com/jobs/view/latin-american-voice-actor-fully-remote-upto-%24150-hr-at-mercor-4425157539,Latin American Voice Actor - Fully Remote | Upto $150/hr,Mercor,posted,2026-07-23T11:03:13.931927,2442
3c56fcdacbb1a092,https://gt.linkedin.com/jobs/view/presupuestador-para-proyectos-de-construcci%C3%B3n-at-capital-corp-gt-4442767654,Presupuestador para proyectos de construcción,CAPITAL CORP GT,posted,2026-07-23T11:03:25.582069,2444
76f65c6aa92f8311,https://gt.linkedin.com/jobs/view/ejecutivo-de-ventas-at-xetechs-group-4443013797,Ejecutivo de ventas,Xetechs Group,posted,2026-07-23T11:03:31.112825,201
92916ca3074f55e2,https://gt.linkedin.com/jobs/view/asesor-de-viajes-100%25-remoto-at-dreamport-4442052921,Asesor de Viajes (100% remoto),,scraped,2026-07-23T11:03:33.877376,
98fa42eece2d5d88,https://gt.linkedin.com/jobs/view/oficial-de-control-interno-ti-11579-48876-at-grupo-ficohsa-hn-4444222920,OFICIAL DE CONTROL INTERNO TI (11579)(48876),Grupo Ficohsa HN,posted,2026-07-23T11:03:50.240130,2446
572587620b184494,https://gt.linkedin.com/jobs/view/analista-de-planogramas-zona-10-at-macro-recursos-humanos-4443509117,Analista de Planogramas zona 10,,scraped,2026-07-23T11:03:53.038024,
27455f8924a8ef1a,https://gt.linkedin.com/jobs/view/auxiliar-de-bodega-temporal-at-comercializadora-cantel-4442213493,Auxiliar de Bodega (Temporal),,scraped,2026-07-23T11:04:02.615348,
16c58e6eb9f2238e,https://gt.linkedin.com/jobs/view/kam-at-niu-solutions-4444212680,KAM,,scraped,2026-07-23T11:04:09.690809,
8f1e3aa5a7a429ef,https://gt.linkedin.com/jobs/view/dise%C3%B1ador-gr%C3%A1fico-at-impulso-fitness-guatemala-4443534136,Diseñador gráfico,Impulso Fitness Guatemala,posted,2026-07-23T11:04:23.210213,2448
9a1891a3e5b64db1,https://gt.linkedin.com/jobs/view/jefe-de-ventas-proyectos-mercado-internacional-4443153510,JEFE DE VENTAS PROYECTOS MERCADO INTERNACIONAL,Helados PaliDeli,posted,2026-07-23T11:04:30.976563,2450
298ef02ae1c19628,https://gt.linkedin.com/jobs/view/machine-learning-engineer-remote-work-at-bairesdev-4443154371,Machine Learning Engineer - Remote Work,BairesDev,posted,2026-07-23T11:04:36.077711,661
6fdfa2781ac72e26,https://gt.linkedin.com/jobs/view/network-engineer-l2-at-crg-solutions-4443416397,Network Engineer L2,CRG Solutions,posted,2026-07-23T11:04:41.361517,741
76c1576857208f87,https://gt.linkedin.com/jobs/view/digital-trafficker-sr-at-grupo-wol-4443938845,Digital Trafficker Sr,Grupo WOL,posted,2026-07-23T11:04:52.677200,2452
bd8c2b7536139445,https://gt.linkedin.com/jobs/view/spanish-bilingual-customer-service-specialist-at-talentpop-app-4443499399,Spanish Bilingual Customer Service Specialist,TalentPop App,scraped,2026-07-23T11:04:57.048884,
a106963b94940d84,https://gt.linkedin.com/jobs/view/spanish-bilingual-customer-service-specialist-at-talentpop-app-4443497365,Spanish Bilingual Customer Service Specialist,TalentPop App,scraped,2026-07-23T11:05:01.251837,
a07b16aa29a87a8f,https://gt.linkedin.com/jobs/view/sports-data-collector-football-guastatoya-guatemala-at-genius-sports-4430658375,"Sports Data Collector (Football) - Guastatoya, Guatemala",,scraped,2026-07-23T11:05:03.684466,
6b0965291ea85884,https://gt.linkedin.com/jobs/view/ejecutivo-de-ventas-ac-at-talent-business-gt-4443514415,Ejecutivo de ventas /AC,Talent Business gt,posted,2026-07-23T11:05:17.744398,2454
559181e209539338,https://gt.linkedin.com/jobs/view/asesor-a-integral-en-agencia-san-lucas-toliman-at-bam-4444203403,ASESOR/A INTEGRAL EN AGENCIA SAN LUCAS TOLIMAN,,scraped,2026-07-23T11:05:22.917259,
ef90a1c1afad33ff,https://gt.linkedin.com/jobs/view/t%C3%A9cnico-electromec%C3%A1nico-c-guatemala-at-cargill-4439257491,Técnico Electromecánico - C. Guatemala,Cargill,posted,2026-07-23T11:05:37.527476,2456
af2aa8ad6ced12fa,https://gt.linkedin.com/jobs/view/ejecutivo-de-ventas-multifuncional-portales-at-grupo-ficohsa-gt-4442252461,Ejecutivo de Ventas Multifuncional: Portales,Grupo Ficohsa GT,posted,2026-07-23T11:05:48.668847,2458
33b71a7d2579e1da,https://gt.linkedin.com/jobs/view/customer-success-engineer-fully-remote-at-mercor-4425464545,Customer Success Engineer - Fully Remote,Mercor,posted,2026-07-23T11:06:02.503543,2460
0e2892f02ed39c9c,https://gt.linkedin.com/jobs/view/asesor-a-de-servicio-suplente-en-zona-suroccidente-at-bam-4442108609,ASESOR/A DE SERVICIO SUPLENTE EN ZONA SUROCCIDENTE,,scraped,2026-07-23T11:06:05.269919,
e02e607dfc99a294,https://gt.linkedin.com/jobs/view/asesor-de-ventas-max-los-celajes-de-quiche-at-grupo-distelsa-4440485505,ASESOR DE VENTAS  - MAX LOS CELAJES DE QUICHE,Grupo Distelsa,posted,2026-07-23T11:06:18.364717,1001
83a01b631d0fa20c,https://gt.linkedin.com/jobs/view/personal-de-conducci%C3%B3n-servicio-regular-y-discrecional-at-alsa-4381737176,Personal de conducción (Servicio Regular y Discrecional),,scraped,2026-07-23T11:06:21.078353,
57b6098d6386a375,https://gt.linkedin.com/jobs/view/m%C3%A9dico-veterinario-at-corporaci%C3%B3n-multi-inversiones-4441003715,Médico Veterinario,,scraped,2026-07-23T11:06:29.321966,
81ad5969623c28fc,https://gt.linkedin.com/jobs/view/asesor-a-integral-en-agencia-fray-bartolome-de-las-casas-at-bam-4443996892,ASESOR/A INTEGRAL EN AGENCIA FRAY BARTOLOME DE LAS CASAS,,scraped,2026-07-23T11:06:37.055116,
6618b33bb58777c0,https://gt.linkedin.com/jobs/view/vendedor-rotativo-de-repuestos-isuzu-at-canella-s-a-4444217524,VENDEDOR ROTATIVO DE REPUESTOS ISUZU,,scraped,2026-07-23T11:06:43.792996,
2a027f70fb242c3a,https://gt.linkedin.com/jobs/view/agile-facilitator-at-applaudo-4432886567,Agile Facilitator,,scraped,2026-07-23T11:06:51.154050,
7c14f383c6ac4384,https://gt.linkedin.com/jobs/view/analista-de-sistemas-s%C3%A9nior-4443045727,Analista de sistemas sénior,Audiomarcas S.A.,posted,2026-07-23T11:07:09.820330,2462
3dd34ce377abcb34,https://gt.linkedin.com/jobs/view/guatemala-customer-service-supervisor-at-a-p-moller-maersk-4443014543,Guatemala Customer Service Supervisor,,scraped,2026-07-23T11:07:12.655948,
06c1262cd7beaca5,https://gt.linkedin.com/jobs/view/guatemala-infield-mentor-at-the-church-of-jesus-christ-of-latter-day-saints-4382211234,Guatemala | Infield Mentor,The Church of Jesus Christ of Latter-day Saints,posted,2026-07-23T11:07:29.400625,2464
acce770e3919a35e,https://gt.linkedin.com/jobs/view/customer-experience-associate-i-at-conduent-4444273954,Customer Experience Associate I,Conduent,posted,2026-07-23T11:07:34.512807,609
535ec7e642679de1,https://gt.linkedin.com/jobs/view/ejecutivo-de-ventas-ac-at-talent-business-gt-4442256290,Ejecutivo de ventas / AC,Talent Business gt,posted,2026-07-23T11:07:41.655304,2454
12c29b5526441cc7,https://gt.linkedin.com/jobs/view/t%C3%A9cnico-de-refrigeraci%C3%B3n-industrial-at-personnel-jobs-4443026754,Técnico de Refrigeración Industrial,,scraped,2026-07-23T11:07:44.336539,
33feed32bb8db527,https://gt.linkedin.com/jobs/view/analista-de-planillas-zona-10-at-grupodit-4442732628,Analista de planillas - Zona 10,,scraped,2026-07-23T11:07:51.829254,
0eae6de08a9e69cc,https://gt.linkedin.com/jobs/view/dise%C3%B1ador-gr%C3%A1fico-at-elementalent-4443525100,Diseñador gráfico,Elementalent,posted,2026-07-23T11:08:05.861688,2466
1b408569df50f39b,https://gt.linkedin.com/jobs/view/accounting-analyst-i-at-conduent-4443742972,Accounting Analyst I,Conduent,posted,2026-07-23T11:08:15.722046,2468
8bbded5def241e02,https://gt.linkedin.com/jobs/view/asistente-contable-at-moore-d%C3%ADaz-reyes-4443510319,Asistente Contable,Moore Díaz Reyes,posted,2026-07-23T11:08:24.382422,439
cf0570d85817b644,https://gt.linkedin.com/jobs/view/full-stack-mobile-developer-ios-android-at-cibus-holdings-4441098038,Full Stack Mobile Developer (iOS/Android),CIBUS Holdings,posted,2026-07-23T11:08:34.261289,2470
f629771d45d6439a,https://gt.linkedin.com/jobs/view/socio-emprendedor-at-era-group-4442717039,Socio Emprendedor,ERA Group,posted,2026-07-23T11:08:42.587160,2472
2b99f72cbe444f53,https://gt.linkedin.com/jobs/view/spanish-teacher-at-mayatax-4443517296,Spanish Teacher,Mayatax,posted,2026-07-23T11:08:51.810860,2474
33500bc064f7614c,https://gt.linkedin.com/jobs/view/senior-mobile-engineer-id74261-at-agileengine-4443992054,Senior Mobile Engineer ID74261,AgileEngine,posted,2026-07-23T11:09:03.145566,2476
d84e82b706b2c047,https://gt.linkedin.com/jobs/view/senior-software-engineer-mobile-id74260-at-agileengine-4443983324,Senior Software Engineer (Mobile) ID74260,AgileEngine,posted,2026-07-23T11:09:13.000397,2478
11467cb2445c142b,https://gt.linkedin.com/jobs/view/vendedora-ejecutiva-empresa-de-herrer%C3%ADa-4441691494,Vendedora Ejecutiva Empresa de Herrería,Corporación Martínez,posted,2026-07-23T11:09:21.123027,2480
3ded754392d954d9,https://gt.linkedin.com/jobs/view/product-security-engineer-remote-work-at-bairesdev-4443148320,Product Security Engineer - Remote Work,BairesDev,posted,2026-07-23T11:09:26.147099,841
9ee8a5fc0fadfc08,https://gt.linkedin.com/jobs/view/t%C3%A9cnico-a-de-servicio-de-eliminaci%C3%B3n-de-plagas-at-ecolab-4424127759,Técnico/a de Servicio de eliminación de plagas,Ecolab,posted,2026-07-23T11:09:35.520056,2482
84703e2de493cc3b,https://gt.linkedin.com/jobs/view/sales-planner-l1-at-randa-apparel-accessories-4351326099,Sales Planner L1,Randa Apparel &amp; Accessories,posted,2026-07-23T11:09:47.968647,2484
56f698c96c2431ad,https://gt.linkedin.com/jobs/view/asesor-especialista-kiosco-samsung-pradera-escuintla-at-grupo-distelsa-4440489378,ASESOR ESPECIALISTA - KIOSCO SAMSUNG PRADERA ESCUINTLA,Grupo Distelsa,posted,2026-07-23T11:10:02.290257,2486
b2a87c3707a7509e,https://gt.linkedin.com/jobs/view/analista-de-impuesto-at-quala-4442668864,Analista de Impuesto,Quala,posted,2026-07-24T10:31:59.493992,2488
47f8535fae56ac2f,https://gt.linkedin.com/jobs/view/auxiliar-de-facturaci%C3%B3n-y-riegos-at-topke-4443183546,Auxiliar de facturación y riegos,,scraped,2026-07-24T10:32:02.091147,
2ba56101b99c9991,https://gt.linkedin.com/jobs/view/secretaria-para-servicio-al-cliente-at-centro-m%C3%A9dico-4441020597,Secretaria para Servicio al Cliente,,scraped,2026-07-24T10:32:09.606107,
4919aad121130360,https://gt.linkedin.com/jobs/view/coordinador-de-entregas-y-expedientes-perfil-temporal-at-grupo-cfe-4443586492,Coordinador de Entregas y Expedientes (Perfil temporal),Grupo CFE,posted,2026-07-24T10:32:26.039503,2490
3d61bd548a23266f,https://gt.linkedin.com/jobs/view/conserje-y-mensajero-at-activa-group-4443447197,Conserje y Mensajero,,scraped,2026-07-24T10:32:30.917983,
d6953dc01511ad6a,https://gt.linkedin.com/jobs/view/asistente-administrativa-operativa-at-activa-group-4442254905,Asistente administrativa operativa,,scraped,2026-07-24T10:32:38.513345,
77dc557c8437bb3c,https://gt.linkedin.com/jobs/view/encargado-de-bodega-at-centro-m%C3%A9dico-4441030165,Encargado de Bodega,,scraped,2026-07-24T10:32:46.027322,
0234ede01dfaf8a8,https://gt.linkedin.com/jobs/view/auxiliar-de-bodega-at-roderotas-4444049673,Auxiliar de Bodega,,scraped,2026-07-24T10:32:52.804043,
d80894789f4d58b9,https://gt.linkedin.com/jobs/view/tax-at-variety-b2b-bash-2026-team-star-wars-4444455262,Tax,,scraped,2026-07-24T10:33:00.189282,
9e94e530ce060378,https://gt.linkedin.com/jobs/view/ejecutivo-a-de-ventas-%E2%80%93-canal-horeca-y-retail-at-sapiens-guatemala-4442916387,Ejecutivo(a) de Ventas – Canal HORECA y Retail,Sapiens Guatemala,posted,2026-07-24T10:33:41.619973,2492
82087785d6f8f25d,https://gt.linkedin.com/jobs/view/auxiliar-de-almac%C3%A9n-y-reparto-at-identity-guatemala-4441520498,Auxiliar de Almacén y Reparto,,scraped,2026-07-24T10:33:44.312933,
04465465dd4fbe63,https://gt.linkedin.com/jobs/view/auxiliar-de-auditoria-de-inventarios-trabajo-de-campo-at-grupo-distelsa-4441583099,AUXILIAR DE AUDITORIA DE INVENTARIOS (TRABAJO DE CAMPO),Grupo Distelsa,posted,2026-07-24T10:34:09.151594,2494
738d1ae4e43bae64,https://gt.linkedin.com/jobs/view/dise%C3%B1ador-gr%C3%A1fico-publicitario-freelance-at-intelident-4443461132,Diseñador Gráfico Publicitario Freelance,Intelident,posted,2026-07-24T10:34:18.304817,2496
3b627fe97dd40e39,https://gt.linkedin.com/jobs/view/comprador-junior-at-grupo-distelsa-4441501877,Comprador Junior,Grupo Distelsa,posted,2026-07-24T10:34:31.068585,2498
9ba41370c7d62813,https://gt.linkedin.com/jobs/view/operario-de-producci%C3%B3n-1-at-corporaci%C3%B3n-multi-inversiones-4441086394,Operario de Producción 1,,scraped,2026-07-24T10:34:33.598968,
d3bd82e98188262a,https://gt.linkedin.com/jobs/view/ingeniero-industrial-at-helados-palideli-4441524375,Ingeniero Industrial,,scraped,2026-07-24T10:34:41.107609,
7e936f2ef6f05ec9,https://gt.linkedin.com/jobs/view/analista-de-ventas-at-sapiens-guatemala-4441360844,Analista de Ventas,Sapiens Guatemala,posted,2026-07-24T10:35:02.554175,2500
4d4155e592448caa,https://gt.linkedin.com/jobs/view/encargado-de-bodega-at-servicat-4441519615,Encargado de Bodega,,scraped,2026-07-24T10:35:05.053968,
b7727744ed8325fd,https://gt.linkedin.com/jobs/view/customer-support-specialist-guatemala-at-paysend-4443775355,Customer Support Specialist - Guatemala,Paysend,posted,2026-07-24T10:35:23.925124,2502
44c3eb3121bfb544,https://gt.linkedin.com/jobs/view/encargado-de-bodega-at-servicat-4441534003,Encargado de Bodega,,scraped,2026-07-24T10:35:26.481316,
1b66ef393cbe99b9,https://gt.linkedin.com/jobs/view/asistente-de-tesoreria-at-unipharm-4444720385,ASISTENTE DE TESORERIA,,scraped,2026-07-24T10:35:33.260039,
4e735d819f07fac7,https://gt.linkedin.com/jobs/view/asistente-financiero-at-reclutamiento-global-4443452197,asistente financiero,RECLUTAMIENTO GLOBAL,posted,2026-07-24T10:35:44.278323,375
84c89c0b18ef09f8,https://gt.linkedin.com/jobs/view/auxiliar-bodega-de-maiz-el-tejar-conserv-30400300-at-mission-foods-4442984715,AUXILIAR BODEGA DE MAIZ EL TEJAR-CONSERV. (30400300),Mission Foods,posted,2026-07-24T10:35:53.796483,2504
af98da960907cf90,https://gt.linkedin.com/jobs/view/back-office-gerencia-comercial-at-idc-network-4442919988,Back Office - Gerencia Comercial,,scraped,2026-07-24T10:35:56.377168,
a7287d03be703c27,https://gt.linkedin.com/jobs/view/monitor-de-seguridad-y-salud-ocupacional-sso-at-identity-guatemala-4441522486,Monitor de Seguridad y Salud Ocupacional (SSO),,scraped,2026-07-24T10:36:07.253710,
d40e763eb4964185,https://gt.linkedin.com/jobs/view/jefe-de-desarrollo-comercial-y-productos-financieros-experiencia-en-leasing-at-identity-guatemala-4441513948,"Jefe de Desarrollo Comercial y Productos Financieros, Experiencia en Leasing",,scraped,2026-07-24T10:36:19.184143,
5debb42303e780bb,https://gt.linkedin.com/jobs/view/t%C3%A9cnico-en-mantenimiento-zona-16-at-grupo-helvetica-4444047660,Técnico en mantenimiento - zona 16,Grupo Helvetica,posted,2026-07-24T10:36:39.342600,2506
c06eb0c5f430e9dc,https://gt.linkedin.com/jobs/view/gerente-general-construcci%C3%B3n-at-identity-guatemala-4441574525,Gerente general construcción,,scraped,2026-07-24T10:36:44.027131,
ef081548a5b799d6,https://gt.linkedin.com/jobs/view/bi-reporting-analyst-at-riverstone-4439339041,BI Reporting Analyst,RiverStone,posted,2026-07-24T10:37:03.157456,2380
d6e6706764a51f48,https://gt.linkedin.com/jobs/view/piloto-4-at-corporaci%C3%B3n-multi-inversiones-4440484264,Piloto 4,,scraped,2026-07-24T10:37:05.873829,
f44cd1da78bc2f46,https://gt.linkedin.com/jobs/view/jefe-capacitaci%C3%B3n-log%C3%ADstica-at-cervecer%C3%ADa-centro-americana-s-a-4441331722,Jefe Capacitación Logística,,scraped,2026-07-24T10:37:13.798582,
682f88aa0fbedc92,https://gt.linkedin.com/jobs/view/gestor-de-operaciones-ecommerce-temporal-oficinas-centro-gerencial-las-margaritas-at-grupo-distelsa-4441077919,GESTOR DE OPERACIONES ECOMMERCE (TEMPORAL) - OFICINAS CENTRO GERENCIAL LAS MARGARITAS,Grupo Distelsa,posted,2026-07-24T10:37:33.063279,2508
c89c2a681dc73194,https://gt.linkedin.com/jobs/view/monitor-de-salud-y-seguridad-ocupacional-at-constructiva-s-a-de-c-v-4442414265,MONITOR DE SALUD Y SEGURIDAD OCUPACIONAL,,scraped,2026-07-24T10:37:35.817963,
8b9bcdc67ac4dccc,https://gt.linkedin.com/jobs/view/especialista-de-estrategia-y-performance-comercial-at-bac-4442128799,Especialista de Estrategia y Performance Comercial,,scraped,2026-07-24T10:37:43.646914,
eb3f1de2b71908b7,https://gt.linkedin.com/jobs/view/team-lead-at-behavior-treatment-analysis-4441712089,Team Lead,Behavior Treatment &amp; Analysis,posted,2026-07-24T10:37:57.255955,2510
6328cab5a8e78b9e,https://gt.linkedin.com/jobs/view/virtual-assistant-to-ceo-remote-at-viva-talent-4444447868,Virtual Assistant to CEO (Remote),Viva Talent,posted,2026-07-24T10:38:02.228511,1053
a0e11d1e78118ef1,https://gt.linkedin.com/jobs/view/especialista-desarrollo-r-d-galletas-cam-at-corporaci%C3%B3n-multi-inversiones-4441089308,Especialista Desarrollo R&D Galletas CAM,,scraped,2026-07-24T10:38:04.924403,
cc077705ca818411,https://gt.linkedin.com/jobs/view/especialista-de-proyectos-jr-at-bac-4444758122,Especialista de Proyectos Jr,,scraped,2026-07-24T10:38:12.324710,
eb9324e9129e15fa,https://gt.linkedin.com/jobs/view/asistente-contable-at-identity-guatemala-4441520490,Asistente Contable,,scraped,2026-07-24T10:38:18.501284,
7d313ebbf58cb860,https://gt.linkedin.com/jobs/view/jefe-de-operaciones-at-empresa-confidencial-4443961055,Jefe de operaciones,Empresa Confidencial,posted,2026-07-24T10:38:41.083714,2512
ae8b5f22c157d32f,https://gt.linkedin.com/jobs/view/cajero-a-condado-concepci%C3%B3n-at-centro-m%C3%A9dico-4441029209,Cajero (a) / Condado Concepción,,scraped,2026-07-24T10:38:45.875739,
8fa85b66e4a5f0c9,https://gt.linkedin.com/jobs/view/coordinador-de-ingl%C3%A9s-campus-altiplano-at-universidad-del-valle-de-guatemala-4440416286,Coordinador de Inglés - Campus Altiplano,Universidad del Valle de Guatemala,posted,2026-07-24T10:39:01.918167,2514
17d4283ec444fa06,https://gt.linkedin.com/jobs/view/asistente-contable-at-idc-network-4444065112,Asistente Contable,,scraped,2026-07-24T10:39:04.547688,
ee498c9ea875a9c2,https://gt.linkedin.com/jobs/view/gerente-de-planificaci%C3%B3n-y-calidad-at-confidencial-4443595093,Gerente de Planificación y Calidad,CONFIDENCIAL,posted,2026-07-24T10:39:18.044109,2516
e4098adbc1890df1,https://gt.linkedin.com/jobs/view/coordinador-de-compras-at-people-gt-4444051635,Coordinador de compras,,scraped,2026-07-24T10:39:22.697206,
bb642f4d7dfb331a,https://gt.linkedin.com/jobs/view/hse-advisor-genova-gestione-documentale-at-safety-solution-group-4442032397,HSE Advisor Genova Gestione Documentale,,scraped,2026-07-24T10:39:32.941170,
f2bdbfdf4f8ace77,https://gt.linkedin.com/jobs/view/jefe-de-centro-de-distribuci%C3%B3n-at-empresa-confidencial-4444235355,Jefe de Centro de Distribución,Empresa Confidencial,posted,2026-07-24T10:39:48.699357,2518
563796fb51f3b2f2,https://gt.linkedin.com/jobs/view/mec%C3%A1nico-tipo-a-at-corporaci%C3%B3n-multi-inversiones-4440153884,Mecánico Tipo A,,scraped,2026-07-24T10:39:51.261333,
a76c4849c1fd25f6,https://gt.linkedin.com/jobs/view/calvary-house-at-inmobiliaria-adri-s-a-4444656902,Calvary house,"Inmobiliaria Adri, S.A",posted,2026-07-25T09:18:24.669892,2520
54fbf43bd1a9d0f5,https://gt.linkedin.com/jobs/view/soul-inn-antigua-at-inmobiliaria-adri-s-a-4444644936,Soul Inn Antigua,"Inmobiliaria Adri, S.A",posted,2026-07-25T09:18:43.239083,2522
b9e5f617ed1e7bdb,https://gt.linkedin.com/jobs/view/mensajero-at-corporaci%C3%B3n-multi-inversiones-4441842550,Mensajero,CMI-Corporación Multi Inversiones,posted,2026-07-25T09:19:01.841281,2524
72d87ce5911ccb49,https://gt.linkedin.com/jobs/view/auxliar-de-limpieza-at-laboratorios-vizca%C3%ADno-s-a-4444046660,Auxliar de Limpieza,,scraped,2026-07-25T09:19:06.371957,
9116d7207c9496a4,https://gt.linkedin.com/jobs/view/auxiliar-de-facturacion-y-riego-i-at-topke-4443452202,AUXILIAR DE FACTURACION Y RIEGO I,,scraped,2026-07-25T09:19:17.008687,
36888b1cd0736d6b,https://gt.linkedin.com/jobs/view/freelance-grabaci%C3%B3n-de-tareas-cotidianas-para-proyecto-de-ia-at-mindrift-data-annotation-projects-4443349497,Freelance: grabación de tareas cotidianas para proyecto de IA,Mindrift Data Annotation Projects,posted,2026-07-25T09:19:28.563251,2526
9d6183397911aa8b,https://gt.linkedin.com/jobs/view/analista-de-inventarios-at-corporaci%C3%B3n-multi-inversiones-4442953823,Analista de Inventarios,CMI-Corporación Multi Inversiones,posted,2026-07-25T09:19:42.308890,2528
68393a3c74c56963,https://gt.linkedin.com/jobs/view/asistente-conflictos-at-deloitte-4443942963,Asistente Conflictos,Deloitte,posted,2026-07-25T09:19:51.192229,2530
13a7de1c414985a6,https://gt.linkedin.com/jobs/view/especialista-administrativo-de-proyectos-de-investigaci%C3%B3n-at-universidad-del-valle-de-guatemala-4444213554,Especialista Administrativo de Proyectos de Investigación,Universidad del Valle de Guatemala,posted,2026-07-25T09:20:07.496396,2532
7713561a8105540b,https://gt.linkedin.com/jobs/view/auxiliar-de-bodega-at-grupo-printer-4444055592,AUXILIAR DE BODEGA,,scraped,2026-07-25T09:20:10.153503,
cce7064b62dfd750,https://gt.linkedin.com/jobs/view/conserje-de-mantenimiento-campus-sur-at-universidad-del-valle-de-guatemala-4444205733,"Conserje de mantenimiento, Campus Sur",Universidad del Valle de Guatemala,posted,2026-07-25T09:20:28.020700,2534
389cb0671bdad6b5,https://gt.linkedin.com/jobs/view/record-your-daily-routine-get-paid-ai-training-remote-at-mindrift-data-annotation-projects-4443349174,Record Your Daily Routine & Get Paid - AI Training (Remote),Mindrift Data Annotation Projects,posted,2026-07-25T09:20:32.880516,325
49474cd41bf91add,https://gt.linkedin.com/jobs/view/freelance-grabaci%C3%B3n-de-tareas-cotidianas-para-proyecto-de-ia-at-mindrift-data-annotation-projects-4443357224,Freelance: grabación de tareas cotidianas para proyecto de IA,Mindrift Data Annotation Projects,posted,2026-07-25T09:20:47.317010,2536
b24ec4eb96b5379d,https://gt.linkedin.com/jobs/view/auxiliar-de-carga-y-descarga-at-identity-guatemala-4441592996,Auxiliar de Carga y Descarga,,scraped,2026-07-25T09:20:53.892625,
d06bcce4884f35bc,https://gt.linkedin.com/jobs/view/analista-de-operaciones-zacapa-at-corporaci%C3%B3n-multi-inversiones-4441017193,Analista de Operaciones Zacapa,CMI-Corporación Multi Inversiones,posted,2026-07-25T09:21:19.332841,2538
bc7cb0d4c63f0c95,https://gt.linkedin.com/jobs/view/operario-de-producci%C3%B3n-1-at-corporaci%C3%B3n-multi-inversiones-4441086391,Operario de Producción 1,CMI-Corporación Multi Inversiones,posted,2026-07-25T09:21:31.441273,2540
e555dfe30b9b7eef,https://gt.linkedin.com/jobs/view/administrador-de-hotel-zona-11-at-didelasa-4443188358,Administrador de Hotel Zona 11,,scraped,2026-07-25T09:21:34.038567,
f82b2f6bac261322,https://gt.linkedin.com/jobs/view/auxiliar-de-soporte-t%C3%A9cnico-at-centro-m%C3%A9dico-4441864006,Auxiliar de Soporte Técnico,,scraped,2026-07-25T09:21:44.190004,
1f0457169206dce3,https://gt.linkedin.com/jobs/view/project-manager-i-at-devel-systems-4444372883,Project Manager I,,scraped,2026-07-25T09:21:51.057103,
d9575c6f3dbd20e0,https://gt.linkedin.com/jobs/view/jefe-de-pricing-at-truckslogic-4442295603,Jefe de Pricing,,scraped,2026-07-25T09:21:57.618978,
ed8bee47f379d353,https://gt.linkedin.com/jobs/view/tecnico-de-mantenimiento-electricista-trabajo-de-campo-at-grupo-distelsa-4441567616,TECNICO DE MANTENIMIENTO (ELECTRICISTA - TRABAJO DE CAMPO),Grupo Distelsa,posted,2026-07-25T09:22:14.180799,2542
d611a85475b4ebf3,https://gt.linkedin.com/jobs/view/jefe-de-producci%C3%B3n-at-identity-guatemala-4441847814,Jefe de Producción,,scraped,2026-07-25T09:22:16.784163,
b8827f2bb20aebd7,https://gt.linkedin.com/jobs/view/auditor-interno-zona-10-at-uhy-centroam%C3%A9rica-4444009647,Auditor Interno (zona 10),,scraped,2026-07-25T09:22:29.408168,
ed6f6d096f3ec57d,https://gt.linkedin.com/jobs/view/asistente-de-facturaci%C3%B3n-y-cobros-at-identity-guatemala-4441095373,Asistente de Facturación y Cobros,,scraped,2026-07-25T09:22:39.032478,
43284ca6ab91412f,https://gt.linkedin.com/jobs/view/asistente-administrativo-at-sky-zone-guatemala-4444993917,Asistente Administrativo,,scraped,2026-07-25T09:22:47.833101,
59ba619a69def687,https://gt.linkedin.com/jobs/view/supply-chain-manager-at-confidential-4444249435,Supply Chain Manager,Confidential,posted,2026-07-25T09:23:07.998777,2544
5357e04c6b68c4b6,https://gt.linkedin.com/jobs/view/supervisor-a-de-tiendas-at-identity-guatemala-4441844931,Supervisor/a  de Tiendas,,scraped,2026-07-25T09:23:10.595099,
1a1156ad29229dbb,https://gt.linkedin.com/jobs/view/docente-de-psicolog%C3%ADa-at-centro-cristiano-fuente-de-vida-4443462145,Docente de Psicología,CENTRO CRISTIANO FUENTE DE VIDA,posted,2026-07-25T09:23:34.963352,2546
d18ebfeaa2af869a,https://gt.linkedin.com/jobs/view/call-center-at-corpodesa-4444373920,Call center,,scraped,2026-07-25T09:23:39.560720,
bd21d57e0efcfb41,https://gt.linkedin.com/jobs/view/jefe-de-producto-y-desarrollo-de-negocios-leasing-bancario-at-identity-guatemala-4441532068,"Jefe de Producto y Desarrollo de Negocios, Leasing Bancario",,scraped,2026-07-25T09:23:51.156932,
4e0e005f673f66ca,https://gt.linkedin.com/jobs/view/funded-traineeship-for-young-graduates-at-the-eu-delegation-to-guatemala-at-eubam-libya-4444057784,Funded traineeship for young graduates at the EU Delegation to Guatemala,,scraped,2026-07-25T09:24:00.539311,
129b200224c17610,https://gt.linkedin.com/jobs/view/vendedor-de-maquinaria-industrial-at-roderotas-4443441290,Vendedor de Maquinaria Industrial,,scraped,2026-07-25T09:24:07.724610,
cd62639aa8157332,https://gt.linkedin.com/jobs/view/operador-2-empaque-at-corporaci%C3%B3n-multi-inversiones-4441845500,Operador 2 Empaque,CMI-Corporación Multi Inversiones,posted,2026-07-25T09:24:30.551094,2548
34e0fcccc506f97f,https://gt.linkedin.com/jobs/view/asesor-especialista-kiosko-max-miraflores-at-grupo-distelsa-4441840776,ASESOR ESPECIALISTA  - KIOSKO MAX MIRAFLORES,Grupo Distelsa,posted,2026-07-25T09:24:50.549587,2550
ffbbe709124be079,https://gt.linkedin.com/jobs/view/t%C3%A9cnico-de-mantenimiento-roosvelt-at-tas-4442936354,Técnico de Mantenimiento (ROOSVELT),TAS,posted,2026-07-25T09:25:13.923490,2552
440376041e80ada7,https://gt.linkedin.com/jobs/view/laboratorista-universitario-at-cervecer%C3%ADa-centro-americana-s-a-4444399607,Laboratorista Universitario,,scraped,2026-07-25T09:25:18.591922,
dd69d504db99cfca,https://gt.linkedin.com/jobs/view/auxiliar-de-reparto-at-corporaci%C3%B3n-multi-inversiones-4442950896,Auxiliar de Reparto,CMI-Corporación Multi Inversiones,posted,2026-07-25T09:25:34.571224,1442
aae17a61de495223,https://gt.linkedin.com/jobs/view/kyc-specialist-guatemala-at-paysend-4443774279,KYC Specialist - Guatemala,Paysend,posted,2026-07-25T09:25:46.847022,2554
abc740cd8371d360,https://gt.linkedin.com/jobs/view/encargado-de-n%C3%B3mina-y-planilla-at-identity-guatemala-4441031147,Encargado de Nómina y Planilla,,scraped,2026-07-25T09:26:07.626860,
98dff58ab86898f6,https://gt.linkedin.com/jobs/view/analista-administrativo-at-tigo-guatemala-4441526389,Analista administrativo,Tigo Guatemala,posted,2026-07-25T09:26:29.571255,2556
2fdea3220d82c9ad,https://gt.linkedin.com/jobs/view/auxiliar-de-reparto-at-gasthaus-seidl-4441848767,Auxiliar de reparto,Gasthaus Seidl,posted,2026-07-25T09:26:39.073048,1442
cce58b493378130c,https://gt.linkedin.com/jobs/view/encargado-o-encargada-de-farmacia-at-human-talent-consulting-4444754415,Encargado o encargada de farmacia,Human Talent & Consulting,posted,2026-07-25T09:26:51.555996,2558
20b4b85d4b1821f6,https://gt.linkedin.com/jobs/view/executive-assistant-guatemala-at-athena-4444458795,Executive Assistant - Guatemala,,scraped,2026-07-25T09:26:56.158899,
bb840330c9105bd6,https://gt.linkedin.com/jobs/view/auxiliar-contable-at-nutritec-4442683197,Auxiliar Contable,Nutritec,posted,2026-07-25T09:27:04.783006,71
2a4640893b0804c6,https://gt.linkedin.com/jobs/view/jefe-de-n%C3%B3mina-at-identity-guatemala-4441022394,Jefe de Nómina,,scraped,2026-07-25T09:27:09.464446,
69116a2e4d144ded,https://gt.linkedin.com/jobs/view/asesora-de-ventas-telemarketing-bancario-at-identity-guatemala-4441019603,"Asesora de Ventas, Telemarketing Bancario",,scraped,2026-07-25T09:27:23.075542,
b523d8ac7b21f8fd,https://gt.linkedin.com/jobs/view/gestor-de-negocios-retail-ferretero-at-legrand-4444772762,GESTOR DE NEGOCIOS RETAIL FERRETERO,,scraped,2026-07-25T09:27:37.408992,
b57f204871b81c6f,https://gt.linkedin.com/jobs/view/analista-de-pricing-y-costos-at-truckslogic-4444394285,Analista de Pricing y Costos,,scraped,2026-07-25T09:27:46.773694,
0b95e8f2ada7d118,https://gt.linkedin.com/jobs/view/panadero-repostero-empaque-at-grupo-helvetica-4444060521,Panadero - Repostero - Empaque,Grupo Helvetica,posted,2026-07-25T09:28:04.392872,2560
d8158aef36c87688,https://gt.linkedin.com/jobs/view/insights-analytics-manager-at-pepsico-4441575433,Insights & Analytics Manager,PepsiCo,posted,2026-07-25T09:28:13.220639,2562
0a2ad3eb12ac912a,https://gt.linkedin.com/jobs/view/gerente-taller-at-ocean-service-4443930789,Gerente Taller,,scraped,2026-07-25T09:28:17.550830,
bfadcfd119fa3be6,https://gt.linkedin.com/jobs/view/creador-de-contenido-audiovisual-at-key-consulting-gt-4444738412,Creador de Contenido Audiovisual,Key Consulting GT,posted,2026-07-25T09:28:33.256616,2564
6e536dbb9b254c45,https://gt.linkedin.com/jobs/view/analista-de-presupuestos-at-dopsa-4443034407,Analista de Presupuestos,,scraped,2026-07-25T09:28:35.922141,
508bc65e1e0d4a73,https://gt.linkedin.com/jobs/view/insights-analytics-manager-at-pepsico-4441574405,Insights & Analytics Manager,PepsiCo,scraped,2026-07-25T09:28:44.142371,
627645131763f6bc,https://gt.linkedin.com/jobs/view/gerente-de-mercadeo-at-restaurantes-la-estancia-4441866107,GERENTE DE MERCADEO.,Restaurantes La Estancia,posted,2026-07-25T09:28:48.867165,209
4132944d07edbf53,https://gt.linkedin.com/jobs/view/administrador-de-edificio-at-empresa-confidencial-4443197204,Administrador de edificio,Empresa Confidencial,posted,2026-07-25T09:28:57.320798,2566
21e896a2d34d6226,https://gt.linkedin.com/jobs/view/executive-assistant-guatemala-at-athena-4444473072,Executive Assistant - Guatemala,,scraped,2026-07-25T09:28:59.938113,
f18a3cccb5f54b3e,https://gt.linkedin.com/jobs/view/auxiliar-at-bam-4442948576,Auxiliar,,scraped,2026-07-25T09:29:06.407282,
8a6a35fa5b816154,https://gt.linkedin.com/jobs/view/auxiliar-at-bam-4442941878,Auxiliar,,scraped,2026-07-25T09:29:12.672770,
b89878ac2d4ac6f9,https://gt.linkedin.com/jobs/view/auxiliar-de-bodega-at-corporaci%C3%B3n-multi-inversiones-4441817598,Auxiliar de Bodega,,scraped,2026-07-26T09:55:09.894223,
a6de7f08756d656a,https://gt.linkedin.com/jobs/view/asistente-administrativo-at-identity-guatemala-4442308379,Asistente Administrativo,,scraped,2026-07-26T09:55:17.356740,
78c9e70ff46e08ad,https://gt.linkedin.com/jobs/view/comprador-junior-de-categoria-at-grupo-salinas-guatemala-4442317078,Comprador Junior de Categoria,Grupo Salinas Guatemala,posted,2026-07-26T09:55:38.636777,2568
02c0af0fa9a55270,https://gt.linkedin.com/jobs/view/encargado-de-compras-at-topke-4445285345,ENCARGADO DE COMPRAS,,scraped,2026-07-26T09:55:41.163128,
aedb96a56f5be03c,https://gt.linkedin.com/jobs/view/analista-de-exportaci%C3%B3n-at-central-agr%C3%ADcola-4442680308,Analista de Exportación,,scraped,2026-07-26T09:55:47.689703,
3abee8b14fdc30d3,https://gt.linkedin.com/jobs/view/t%C3%A9cnico-de-soporte-para-aplicaciones-tecnol%C3%B3gicas-at-universidad-del-valle-de-guatemala-4443585270,Técnico de Soporte para Aplicaciones Tecnológicas,Universidad del Valle de Guatemala,posted,2026-07-26T09:56:07.809783,2570
eac4e2e67a1023d5,https://gt.linkedin.com/jobs/view/monitor-de-calidad-sc-at-corporaci%C3%B3n-multi-inversiones-4441066068,Monitor de Calidad SC,,scraped,2026-07-26T09:56:16.457184,
a01d81d5cce7914f,https://gt.linkedin.com/jobs/view/jefe-de-productos-y-desarrollo-de-negocios-at-identity-guatemala-4442317083,Jefe de Productos y Desarrollo de Negocios,,scraped,2026-07-26T09:56:45.592883,
7da5f69fd3453fc2,https://gt.linkedin.com/jobs/view/freelance-grabaci%C3%B3n-de-tareas-cotidianas-para-proyecto-de-ia-at-mindrift-data-annotation-projects-4443353315,Freelance: grabación de tareas cotidianas para proyecto de IA,Mindrift Data Annotation Projects,posted,2026-07-26T09:57:04.969033,2572
8e6bb1ca4064e8df,https://gt.linkedin.com/jobs/view/jefe-de-productos-y-alianzas-estrat%C3%A9gicas-at-identity-guatemala-4441899895,Jefe de Productos y Alianzas Estratégicas,,scraped,2026-07-26T09:57:07.562640,
c874066aa1e478a7,https://gt.linkedin.com/jobs/view/jefe-de-negocios-at-corporaci%C3%B3n-de-taxi-y-turismo-confianza-s-a-c-4441019602,Jefe de Negocios,Corporación de Taxi y Turismo Confianza S.A.C.,posted,2026-07-26T09:57:37.309843,2574
b623a6a8eb3db144,https://gt.linkedin.com/jobs/view/auxiliar-de-compras-at-identity-guatemala-4441523365,Auxiliar de compras,,scraped,2026-07-26T09:57:39.971248,
cbed1a80dbb5b21d,https://gt.linkedin.com/jobs/view/coordinador-legal-at-j-t-express-guatemala-4445249877,Coordinador Legal,J&amp;T Express Guatemala,posted,2026-07-26T09:57:59.215038,2576
8ec71e4316ac146b,https://gt.linkedin.com/jobs/view/asesor-de-servicio-agencia-central-at-bam-4442300824,Asesor de Servicio Agencia Central,,scraped,2026-07-26T09:58:01.827065,
7c37d7d5266f6d9b,https://gt.linkedin.com/jobs/view/analista-de-inventario-senior-planeador-at-grupo-distelsa-4441514376,Analista de Inventario Senior / Planeador,Grupo Distelsa,posted,2026-07-26T09:58:17.541261,2578
73cb0a4f6e4b6855,https://gt.linkedin.com/jobs/view/t%C3%A9cnico-de-mantenimiento-1-at-corporaci%C3%B3n-multi-inversiones-4441085434,Técnico de Mantenimiento 1,,scraped,2026-07-26T09:58:22.167050,
7866943d413df17b,https://gt.linkedin.com/jobs/view/receptor-pagador-oakland-mall-at-bam-4442304701,Receptor Pagador Oakland Mall,,scraped,2026-07-26T09:58:29.048303,
9ec89f8d4d117dca,https://gt.linkedin.com/jobs/view/edital-12-2025-auxiliar-de-servi%C3%A7os-gerais-flores-at-campo-lab-oficial-4445351022,Edital 12/2025 - Auxiliar de Serviços Gerais (Flores),Campo Lab Oficial,posted,2026-07-26T09:58:42.042788,2580
e2521c94a5320707,https://gt.linkedin.com/jobs/view/record-your-daily-routine-get-paid-ai-training-remote-at-mindrift-data-annotation-projects-4443354023,Record Your Daily Routine & Get Paid - AI Training (Remote),Mindrift Data Annotation Projects,posted,2026-07-26T09:58:48.900609,325
ef7604cd65dc0557,https://gt.linkedin.com/jobs/view/record-your-daily-routine-get-paid-ai-training-remote-at-mindrift-data-annotation-projects-4443340544,Record Your Daily Routine & Get Paid - AI Training (Remote),Mindrift Data Annotation Projects,posted,2026-07-26T09:58:53.693366,325
3aeda999e1736725,https://gt.linkedin.com/jobs/view/asistente-de-compras-at-cemaco-4441818272,Asistente de Compras,,scraped,2026-07-26T09:58:58.278485,
6e4249d0f15613c3,https://gt.linkedin.com/jobs/view/virtual-assistant-to-ceo-remote-at-viva-talent-4444975744,Virtual Assistant to CEO (Remote),Viva Talent,posted,2026-07-26T09:59:08.746257,1053
e5e11962fc1b7c6b,https://gt.linkedin.com/jobs/view/analista-de-capacitacion-de-recursos-humanos-at-gol%C3%A1n-4441830325,ANALISTA DE CAPACITACION DE RECURSOS HUMANOS,Golán,posted,2026-07-26T09:59:21.925086,2582
c8d69de1de94b0e0,https://gt.linkedin.com/jobs/view/estamos-contratando-analista-contable-at-dopsa-4445294062,Estamos Contratando Analista Contable,,scraped,2026-07-26T09:59:24.563746,
6d95718ab3df722e,https://gt.linkedin.com/jobs/view/call-center-at-somar-supermercados-4445291095,Call center,Somar Supermercados,posted,2026-07-26T09:59:39.082122,2584
1907af22890d69c4,https://gt.linkedin.com/jobs/view/digital-marketing-content-specialist-remote-latam-at-nilo-brands-4445352878,Digital Marketing & Content Specialist - Remote (LATAM),NILO BRANDS,posted,2026-07-26T10:00:06.793429,2586
0492b377440ef6e8,https://gt.linkedin.com/jobs/view/seguridad-ejecutiva-escolta-at-la-legi%C3%B3n-seguridad-4445292083,SEGURIDAD EJECUTIVA/ ESCOLTA,La Legión Seguridad,posted,2026-07-26T10:00:18.881871,2588
57c2e0259ad96b6f,https://gt.linkedin.com/jobs/view/contador-general-zona-14-at-identity-guatemala-4441569796,Contador General /  Zona 14,,scraped,2026-07-26T10:00:21.467732,
c32572caec98678b,https://gt.linkedin.com/jobs/view/operario-de-producci%C3%B3n-2-at-corporaci%C3%B3n-multi-inversiones-4441572307,Operario de Producción 2,,scraped,2026-07-26T10:00:34.960339,
7844f7dbd2f5a18f,https://gt.linkedin.com/jobs/view/ejecutivo-a-de-ventas-%E2%80%93-equipos-y-soluciones-m%C3%A9dicas-at-diss-4443535193,Ejecutivo/a de Ventas – Equipos y Soluciones Médicas,,scraped,2026-07-26T10:00:43.914131,
d9165fbc46b6891e,https://gt.linkedin.com/jobs/view/executive-assistant-guatemala-at-athena-4444463488,Executive Assistant - Guatemala,,scraped,2026-07-26T10:00:51.603059,
7c749f4e45213d6d,https://gt.linkedin.com/jobs/view/receptor-pagador-agencia-terminal-at-bam-4442302771,Receptor pagador Agencia Terminal,,scraped,2026-07-26T10:01:00.101974,
21c1039ae5b88c0d,https://gt.linkedin.com/jobs/view/r-d-grants-and-subsidies-at-pitch-law-4444278987,R&D Grants and Subsidies,,scraped,2026-07-26T10:01:08.232870,
fd325990652d4863,https://gt.linkedin.com/jobs/view/executive-assistant-guatemala-at-athena-4444471117,Executive Assistant - Guatemala,,scraped,2026-07-26T10:01:14.935046,
c197225b83aadd4c,https://gt.linkedin.com/jobs/view/executive-assistant-guatemala-at-athena-4444474003,Executive Assistant - Guatemala,,scraped,2026-07-26T10:01:25.426841,
cf4c87563b2ee860,https://gt.linkedin.com/jobs/view/arquitecto-dise%C3%B1ador-at-zacsa-4445256552,Arquitecto diseñador,,scraped,2026-07-26T10:01:31.769953,
eac5915bdd6f804c,https://gt.linkedin.com/jobs/view/barberena-at-compra-casa-en-guate-4444262232,Barberena,,scraped,2026-07-26T10:01:41.730270,
f414d2f50121d23e,https://gt.linkedin.com/jobs/view/barberena-at-compra-casa-en-guate-4444254423,Barberena,,scraped,2026-07-26T10:01:48.303138,
535cb40b67fc9e68,https://gt.linkedin.com/jobs/view/ejecutivo-de-negocios-at-corporaci%C3%B3n-de-taxi-y-turismo-confianza-s-a-c-4441018672,Ejecutivo de Negocios,Corporación de Taxi y Turismo Confianza S.A.C.,posted,2026-07-26T10:02:07.728272,2590
847d95a618b72316,https://gt.linkedin.com/jobs/view/sales-manager-at-app-group-4443158969,Sales Manager,,scraped,2026-07-26T10:02:10.454971,
7698c12bd290d413,https://gt.linkedin.com/jobs/view/operario-de-carga-at-corporaci%C3%B3n-multi-inversiones-4441575227,Operario de Carga,,scraped,2026-07-26T10:02:17.306429,
cfc0cbea135037ac,https://gt.linkedin.com/jobs/view/analista-de-planificaci%C3%B3n-de-producci%C3%B3n-at-grupo-duwest-4442203522,Analista de Planificación de Producción,,scraped,2026-07-26T10:02:24.269630,
97c2cc378df1b8ba,https://gt.linkedin.com/jobs/view/auxiliar-de-bodega-at-comercializadora-cantel-4444686941,Auxiliar de Bodega,,scraped,2026-07-26T10:02:31.782617,
a766efdaf82e17c5,https://gt.linkedin.com/jobs/view/jefe-de-operaciones-y-ventas-at-empresa-confidencial-4444606454,JEFE DE OPERACIONES Y VENTAS,Empresa Confidencial,posted,2026-07-26T10:02:49.771178,2592
3c7610567a4a7d82,https://gt.linkedin.com/jobs/view/piloto-licencia-tipo-a-at-topke-4443456165,PILOTO LICENCIA TIPO  A,,scraped,2026-07-26T10:02:54.316943,
a0986fb1ec85ebee,https://gt.linkedin.com/jobs/view/especialista-presupuestario-at-constructora-confidencial-4441623397,Especialista presupuestario,Constructora confidencial,posted,2026-07-26T10:03:07.124412,2594
7fa0bd84dc2e8e9d,https://gt.linkedin.com/jobs/view/ejecutiva-de-ventas-de-eventos-air-square-1890-bowling-at-spectrum-4441092265,Ejecutiva de Ventas de Eventos ( Air Square & 1890 Bowling),,scraped,2026-07-26T10:03:09.749967,
07c7a94e7a3ca66c,https://gt.linkedin.com/jobs/view/encargado-de-tienda-at-productos-tucan-4444989471,Encargado de tienda,,scraped,2026-07-26T10:03:16.880402,
e8f872cef36aac96,https://gt.linkedin.com/jobs/view/asesor-de-ventas-at-idc-network-4445275885,Asesor de Ventas,,scraped,2026-07-26T10:03:23.833672,
8ea700656143e8d4,https://gt.linkedin.com/jobs/view/especialista-en-compensaciones-y-beneficios-at-empresa-confidencial-4443394765,Especialista en Compensaciones y Beneficios,Empresa Confidencial,posted,2026-07-26T10:03:38.233394,2596
375cba095a7ffc66,https://gt.linkedin.com/jobs/view/hotel-y-restaurante-villa-esmeralda-at-inmobiliaria-adri-s-a-4444831082,Hotel y Restaurante Villa Esmeralda,"Inmobiliaria Adri, S.A",posted,2026-07-26T10:04:00.685949,2598
c25fa0373f511450,https://gt.linkedin.com/jobs/view/transport-specialist-at-nestl%C3%A9-4443954339,Transport Specialist,Nestlé,posted,2026-07-26T10:04:11.135540,2600
5fa5eee069576477,https://gt.linkedin.com/jobs/view/ejecutivo-de-it-at-human-development-corporation-4444370786,Ejecutivo de IT,,scraped,2026-07-26T10:04:13.769981,
7a638e82a413b661,https://gt.linkedin.com/jobs/view/financial-analyst-at-east-west-seed-4442086436,Financial Analyst,,scraped,2026-07-26T10:04:30.008469,
d7c19c1ea8277ced,https://gt.linkedin.com/jobs/view/asistente-de-it-at-american-school-of-management-4438291136,Asistente de IT,American School of Management,posted,2026-07-26T10:04:42.378184,1504
5c826b46e2c558f5,https://gt.linkedin.com/jobs/view/operario-de-granja-at-corporaci%C3%B3n-multi-inversiones-4442958566,Operario de Granja,,scraped,2026-07-26T10:04:49.130723,
ed7c2d26ec51f807,https://gt.linkedin.com/jobs/view/arquitecta-de-obra-at-leanline-advisory-4445222130,Arquitecta de Obra,LeanLine Advisory,posted,2026-07-26T10:05:06.533071,2602
0c1a6b9c2e5b3a7e,https://gt.linkedin.com/jobs/view/senior-learning-development-specialist-at-capgemini-4444799539,Senior Learning & Development Specialist,,scraped,2026-07-26T10:05:09.207451,
00fef23527c666e2,https://gt.linkedin.com/jobs/view/especialista-en-marketing-estrat%C3%A9gico-y-dise%C3%B1o-sector-ferretero-at-jobnova-solutions-4442640517,Especialista en Marketing Estratégico y Diseño - Sector Ferretero,JobNova Solutions,posted,2026-07-26T10:05:24.182992,2604
842bf1a9b21964cf,https://gt.linkedin.com/jobs/view/media-reporting-analyst-at-bav-group-m%C3%A9xico-4444262415,Media Reporting Analyst,,scraped,2026-07-26T10:05:26.874493,
714743783427d158,https://gt.linkedin.com/jobs/view/tecnico-de-cobros-at-mapfre-4443546192,TECNICO DE COBROS,,scraped,2026-07-26T10:05:34.786636,
be108be8b8847112,https://gt.linkedin.com/jobs/view/contratamos-ejecutivo-de-ventas-log%C3%ADstico-jr-at-asesor%C3%ADa-integral-4445364234,Contratamos Ejecutivo de Ventas Logístico JR.,Asesoría Integral,posted,2026-07-26T10:05:51.765002,2606
0cc2e7bbd107bb06,https://gt.linkedin.com/jobs/view/tecnico-en-mantenimiento-at-grupo-selecta-import-4443398288,Tecnico en mantenimiento,Grupo Selecta Import,posted,2026-07-26T10:06:00.446409,2608
31b904c70e66d11a,https://gt.linkedin.com/jobs/view/category-manager-business-intelligence-specialist-at-henkel-4443951020,Category Manager & Business Intelligence Specialist,,scraped,2026-07-26T10:06:05.152522,
c3121bd17e92f8e5,https://gt.linkedin.com/jobs/view/hotel-sakcari-el-amanecer-at-inmobiliaria-adri-s-a-4444827422,Hotel Sakcari El Amanecer,"Inmobiliaria Adri, S.A",posted,2026-07-26T10:06:33.869916,2610
ec8f6975579e926c,https://gt.linkedin.com/jobs/view/copywriter-email-sms-web-for-ecommerce-dtc-us-based-remote-at-paired-4441017387,"Copywriter Email, SMS & Web for eCommerce / DTC (US-Based, Remote)",Paired,posted,2026-07-26T10:06:41.312675,2612
9e2f0529dce3287c,https://gt.linkedin.com/jobs/view/supervisor-de-proyectos-de-tecnolog%C3%ADa-at-grupo-modulares-4443533790,Supervisor de Proyectos de Tecnología,,scraped,2026-07-26T10:06:46.126087,
33088e74897cdc73,https://gt.linkedin.com/jobs/view/gerente-de-expansi%C3%B3n-inmobliaria-at-happymondays-com-gt-4443940146,Gerente de Expansión Inmobliaria,,scraped,2026-07-26T10:06:56.419162,
50d0fa97d06fb7b6,https://gt.linkedin.com/jobs/view/encargado-de-ventas-pets-at-ganorsa-4444739679,ENCARGADO DE VENTAS PETS,GANORSA,posted,2026-07-26T10:07:09.796072,2614
e5fef78f5fbf5c1b,https://gt.linkedin.com/jobs/view/general-finance-analyst-guatemala-at-telus-digital-4444462523,General Finance Analyst - Guatemala,,scraped,2026-07-26T10:07:16.425454,
94718422cefa68c4,https://gt.linkedin.com/jobs/view/software-developer-at-cari-net-4441280500,SOFTWARE DEVELOPER,CARI.net,posted,2026-07-26T10:07:31.168548,2616
c040178f85c52d45,https://gt.linkedin.com/jobs/view/gestor-de-garantias-y-productos-de-outlel-at-env%C3%ADos-4443454164,Gestor de Garantias y Productos de Outlel,envíos,posted,2026-07-26T10:07:43.463202,2618
f7e52ad17493becb,https://gt.linkedin.com/jobs/view/operador-cnc-at-identity-guatemala-4442305661,Operador CNC,,scraped,2026-07-26T10:07:46.077510,
f4762eadd29dd848,https://gt.linkedin.com/jobs/view/encargado-de-tienda-rotativo-dedicados-a-materiales-de-construcci%C3%B3n-at-poligraf%C3%ADa-y-consultor%C3%ADa-en-recursos-humanos-4444476718,Encargado de Tienda Rotativo (Dedicados a materiales de construcción),Poligrafía y Consultoría en Recursos Humanos,posted,2026-07-26T10:08:04.241072,2620
b44d6277f221122c,https://gt.linkedin.com/jobs/view/supervisor-de-instalaciones-at-site-4442272166,Supervisor de  Instalaciones,SITE,posted,2026-07-26T10:08:12.997005,2622
17969da419041065,https://gt.linkedin.com/jobs/view/soldador-industrial-at-multiservicios-y-proyectos-s-a-4443462139,Soldador Industrial,"MULTISERVICIOS Y PROYECTOS, S. A.",posted,2026-07-26T10:08:23.817360,2624
0529321bcea3d26e,https://gt.linkedin.com/jobs/view/encargado-administrativo-tienda-desp-fam-poptun-peten-at-walmart-de-m%C3%A9xico-y-centroam%C3%A9rica-4444769571,"ENCARGADO ADMINISTRATIVO TIENDA DESP FAM POPTUN, PETEN",Walmart de México y Centroamérica,posted,2026-07-26T10:08:38.232818,2626
aee83628d860fb98,https://gt.linkedin.com/jobs/view/recruiting-manager-remote-work-at-bairesdev-4442660950,Recruiting Manager - Remote Work,BairesDev,posted,2026-07-26T10:08:43.123638,839
08aaea4febbe7fc5,https://gt.linkedin.com/jobs/view/piloto-con-licencia-a-o-b-at-identity-guatemala-4442323485,Piloto con Licencia A o B,,scraped,2026-07-26T10:08:49.668542,
b5e6dcd915c0ec56,https://gt.linkedin.com/jobs/view/oficial-t%C3%A9cnico-especialista-en-gesti%C3%B3n-integrada-de-cuencas-at-iucn-eastern-and-southern-africa-4444745215,Oficial Técnico Especialista en Gestión Integrada de Cuencas,,scraped,2026-07-26T10:09:03.025708,
1eef4557bda0587a,https://gt.linkedin.com/jobs/view/t%C3%A9cnico-de-soporte-de-plataforma-at-buddi-4444966177,Técnico de soporte de Plataforma,,scraped,2026-07-26T10:09:10.050954,
70d96b25e06e258c,https://gt.linkedin.com/jobs/view/administrador-de-business-intelligence-at-happymondays-com-gt-4444484613,Administrador de Business Intelligence,,scraped,2026-07-26T10:09:17.261201,
b7a14e75e51bd403,https://gt.linkedin.com/jobs/view/presupuestador-at-intense-group-gt-4444203020,PRESUPUESTADOR,Intense Group GT,posted,2026-07-26T10:09:30.795539,2628
39215cd7c9d0dd79,https://gt.linkedin.com/jobs/view/learning-content-developer-remote-work-at-bairesdev-4442682058,Learning Content Developer - Remote Work,BairesDev,posted,2026-07-26T10:09:35.765041,463
016464c8bda9ea39,https://gt.linkedin.com/jobs/view/asesor-comercial-t%C3%A9cnico-jr-at-personnel-jobs-4442209588,Asesor Comercial Técnico Jr,,scraped,2026-07-26T10:09:38.343513,
87a70f648fd65682,https://gt.linkedin.com/jobs/view/gerente-comercial-mazatenango-at-multi-4444609629,Gerente Comercial - Mazatenango,MULTI,posted,2026-07-26T10:10:29.873865,2630
13d71d20650bcf80,https://gt.linkedin.com/jobs/view/senior-freight-forwarding-sales-representative-at-xpress-line-logistics-services-guatemala-s-a-4444664769,Senior Freight Forwarding Sales Representative,"XPRESS LINE LOGISTICS SERVICES GUATEMALA, S.A.",posted,2026-07-26T10:10:38.816699,2632
c59e5efdc0b3b0b9,https://gt.linkedin.com/jobs/view/desarrollador-a-fullstack-jr-at-deloitte-4443076081,Desarrollador(a) Fullstack Jr,Deloitte,posted,2026-07-26T10:10:47.675100,2634
3391df1ac763d19d,https://gt.linkedin.com/jobs/view/cociner%40s-at-identity-guatemala-4441846828,Cociner@s,,scraped,2026-07-26T10:10:50.263753,
a7cf5433711782fe,https://gt.linkedin.com/jobs/view/sr-specialist-customer-operations-at-crowley-4443010091,"Sr. Specialist, Customer Operations",Crowley,posted,2026-07-26T10:11:05.821875,2192
9c61ff7ae2a52b3b,https://gt.linkedin.com/jobs/view/analista-sr-de-riesgo-at-vana-4444784101,Analista Sr. de Riesgo,,scraped,2026-07-26T10:11:08.569261,
e3bce74803dbc49b,https://gt.linkedin.com/jobs/view/asesor-inmobiliario-at-acodi-inmobiliaria-4445227183,Asesor inmobiliario,,scraped,2026-07-26T10:11:19.072634,
b3789c502f33abba,https://gt.linkedin.com/jobs/view/analista-de-abastecimiento-at-ideastalento-4444991219,Analista de abastecimiento,,scraped,2026-07-26T10:11:26.082584,
b70d514584d380ac,https://gt.linkedin.com/jobs/view/gerente-administrativa-city-core-at-spectrum-4442235338,Gerente Administrativa City Core,,scraped,2026-07-26T10:11:32.171947,
4006e1cd3deac641,https://gt.linkedin.com/jobs/view/agente-administrativo-at-concentrix-4442312680,Agente Administrativo,Concentrix,posted,2026-07-26T10:11:41.527742,1019
5c95dd8b0f5f1f02,https://gt.linkedin.com/jobs/view/luna-at-inmobiliaria-adri-s-a-4444824087,Luna,"Inmobiliaria Adri, S.A",posted,2026-07-26T10:12:03.416843,2636
e265b76f80016cb9,https://gt.linkedin.com/jobs/view/mandalas-hideout-at-inmobiliaria-adri-s-a-4444827409,Mandalas Hideout,"Inmobiliaria Adri, S.A",posted,2026-07-26T10:12:24.755891,2638
830d19e88fb9e495,https://gt.linkedin.com/jobs/view/ejecutivo-de-negocios-empresariales-zacapa-at-banco-industrial-guatemala-4441520976,Ejecutivo de Negocios Empresariales: Zacapa,,scraped,2026-07-26T10:12:27.181816,
c4314958007318fe,https://gt.linkedin.com/jobs/view/oficial-de-hsse-at-empresa-confidencial-4443427242,Oficial de HSSE,Empresa Confidencial,posted,2026-07-26T10:12:42.062102,2640
19f5304ea94b7b49,https://gt.linkedin.com/jobs/view/ingeniero-residente-at-happymondays-com-gt-4443938343,Ingeniero residente,,scraped,2026-07-26T10:12:44.645851,
4db9e4be6e2b7cb4,https://gt.linkedin.com/jobs/view/netsuite-system-administrator-remote-%E2%80%93-latam-at-ground-game-4444490595,NetSuite System Administrator (Remote – LATAM),Ground Game,posted,2026-07-26T10:12:56.238513,2642
3b9bb19f3fa6e9c0,https://gt.linkedin.com/jobs/view/senior-project-manager-remote-work-at-bairesdev-4442656944,Senior Project Manager - Remote Work,BairesDev,posted,2026-07-26T10:13:05.293787,2644
7ba2dfb1b275cebf,https://gt.linkedin.com/jobs/view/collection-support-at-millicom-tigo-4444244306,Collection Support,,scraped,2026-07-26T10:13:08.008470,
4fb191da7c4e304b,https://gt.linkedin.com/jobs/view/especialista-en-%C3%A9xito-del-cliente-at-criptonube-by-myappsoftware-4445245532,Especialista en Éxito del Cliente,,scraped,2026-07-26T10:13:14.469188,
a634dda4b6646db3,https://gt.linkedin.com/jobs/view/jefe-operaciones-banca-experiencia-en-sql-y-power-bi-at-empresa-confidencial-4444033573,JEFE OPERACIONES BANCA ( EXPERIENCIA EN SQL Y POWER BI),Empresa Confidencial,posted,2026-07-26T10:13:31.498248,2646
a96db17965d339e6,https://gt.linkedin.com/jobs/view/workforce-management-lead-planning-analytics-at-atento-4441577311,Workforce Management Lead (Planning & Analytics),Atento,posted,2026-07-26T10:13:43.771378,2648
8e18b746b09aa88c,https://gt.linkedin.com/jobs/view/ad-insertion-operations-at-millicom-tigo-4444207688,Ad Insertion Operations,,scraped,2026-07-26T10:13:46.397579,
0c9d5ce4bc37a907,https://gt.linkedin.com/jobs/view/jefe-regional-de-capacitaci%C3%B3n-at-empresa-confidencial-4441062149,Jefe Regional de Capacitación,Empresa Confidencial,posted,2026-07-26T10:14:00.262212,2650
aee9d40fe51e1e79,https://gt.linkedin.com/jobs/view/oficial-de-infraestructura-zona-10-at-grupo-ficohsa-gt-4442223960,Oficial de Infraestructura: Zona 10,Grupo Ficohsa GT,posted,2026-07-26T10:14:14.497071,2652
d6ad84b336648af8,https://gt.linkedin.com/jobs/view/contador-%C3%BAnico-at-grupo-empresarial-eficacia-gt-4441245069,Contador Único,,scraped,2026-07-26T10:14:17.096780,
cf3d1befda4d52b1,https://gt.linkedin.com/jobs/view/telemarketing-agent-outbound-at-millicom-tigo-4445263026,Telemarketing Agent Outbound,,scraped,2026-07-26T10:14:25.646256,
0c18ffcd48153943,https://gt.linkedin.com/jobs/view/accounting-and-finance-at-concentrix-4442350438,Accounting and Finance,Concentrix,posted,2026-07-26T10:14:36.310681,1181
c8f6f8f63e8decc8,https://gt.linkedin.com/jobs/view/jefe-de-cocina-at-spectrum-4441016476,Jefe de Cocina,,scraped,2026-07-26T10:14:38.842982,
f5a04752d831b61f,https://gt.linkedin.com/jobs/view/supervisor-de-merchandising-at-agricola-grotto-4442783204,Supervisor de merchandising,,scraped,2026-07-26T10:14:45.871337,
c962471d30ef36c3,https://gt.linkedin.com/jobs/view/it-support-technician-at-sharp-brains-4441059479,IT Support Technician,,scraped,2026-07-26T10:14:52.123033,
f4b82e1772d9cf8b,https://gt.linkedin.com/jobs/view/analista-de-investigaci%C3%B3n-y-desarrollo-at-industrias-san-miguel-4441849501,Analista de investigación y desarrollo,,scraped,2026-07-26T10:15:02.303640,
9daed7a51b3d1627,https://gt.linkedin.com/jobs/view/ejecutivo-de-cobros-at-wtw-4434915144,Ejecutivo de Cobros,WTW,posted,2026-07-26T10:15:16.810560,1824
c50b21d5d7192843,https://gt.linkedin.com/jobs/view/crm-manager-remote-work-at-bairesdev-4443136692,CRM Manager - Remote Work,BairesDev,posted,2026-07-26T10:15:21.907678,901
09604e15f5531d75,https://gt.linkedin.com/jobs/view/especialista-en-implementaci%C3%B3n-de-sistemas-empresariales-sap-4444291064,Especialista en Implementación de Sistemas Empresariales SAP,Poligrafia PyC Consultores,posted,2026-07-26T10:15:31.411633,2654
f4c6f3f3d36650a2,https://gt.linkedin.com/jobs/view/casa-hacienda-navarra-road-to-el-salvador-at-inmobiliaria-adri-s-a-4444824098,Casa Hacienda Navarra Road to El Salvador,"Inmobiliaria Adri, S.A",posted,2026-07-26T10:15:54.494985,2656
132d93552071dfdd,https://gt.linkedin.com/jobs/view/solutions-architect-at-telus-digital-4443986791,Solutions Architect,,scraped,2026-07-26T10:15:57.115589,
bd226103562ea81c,https://gt.linkedin.com/jobs/view/ejecutivo-de-seguros-da%C3%B1os-at-grupo-i-4443935144,Ejecutivo de seguros - daños,Grupo I,posted,2026-07-26T10:16:12.011942,2658
cc7b43c9cf06c6c5,https://gt.linkedin.com/jobs/view/generalista-de-rr-hh-at-empresa-confidencial-4441834389,Generalista de RR. HH.,Empresa Confidencial,posted,2026-07-26T10:16:22.135821,2660
2fe1f132b8bb81b1,https://gt.linkedin.com/jobs/view/electricista-domiciliar-at-cosenza-rh-4442666865,Electricista Domiciliar,Cosenza RH,posted,2026-07-26T10:16:36.971506,2662
08204d78f67a6b49,https://gt.linkedin.com/jobs/view/gerente-de-ventas-at-grupodent-4445249026,Gerente de Ventas,,scraped,2026-07-26T10:16:39.543939,
23d62203b6b240d0,https://gt.linkedin.com/jobs/view/asesor-de-venta-de-motocicletas-yamaha-nueva-concepci%C3%B3n-at-canella-s-a-4444468934,Asesor de Venta de Motocicletas - Yamaha Nueva Concepción,,scraped,2026-07-26T10:16:48.825194,
3dc8f177c4218766,https://gt.linkedin.com/jobs/view/junior-electrical-technician-at-apm-terminals-4443011644,Junior Electrical Technician,,scraped,2026-07-26T10:16:58.617614,
f9c093dc12effb5b,https://gt.linkedin.com/jobs/view/bilingual-virtual-aesthetic-medical-receptionist-front-desk-at-staffing-for-doctors-4441836734,Bilingual Virtual Aesthetic Medical Receptionist / Front Desk,Staffing For Doctors,posted,2026-07-26T10:17:14.659725,2664
db387835658e9f8b,https://gt.linkedin.com/jobs/view/bilingual-tech-support-specialist-b2-top-tier-bpo-at-gentelabora-4441329198,Bilingual Tech Support Specialist (B2) - Top Tier BPO,,scraped,2026-07-26T10:17:23.308831,
7ee30a7be2452e7b,https://gt.linkedin.com/jobs/view/tecnico-agricola-de-ventas-internas-at-netafim-4444022371,Tecnico Agricola de Ventas Internas,,scraped,2026-07-26T10:17:31.812993,
973297f8adde2288,https://gt.linkedin.com/jobs/view/desarrollador-fullstack-net-c%23-c%2B%2B-at-allied-global-technology-services-4445234543,Desarrollador FullStack (.NET/C#/C++),,scraped,2026-07-26T10:17:38.309881,
fe318ae375a3c0c3,https://gt.linkedin.com/jobs/view/trader-jr-de-divisas-at-bac-4442776421,Trader Jr. de Divisas,,scraped,2026-07-26T10:17:45.137700,
41c9bd0eb6ffdbd4,https://gt.linkedin.com/jobs/view/ingeniero-de-seguridad-de-aplicaciones-checkmarx-sast-trabajo-remoto-at-bairesdev-4443134528,Ingeniero de Seguridad de Aplicaciones (Checkmarx / SAST) - Trabajo Remoto,BairesDev,posted,2026-07-26T10:17:54.248466,663
c32ece502458232e,https://gt.linkedin.com/jobs/view/top%C3%B3grafo-at-empresa-confidencial-4443413342,Topógrafo,Empresa Confidencial,posted,2026-07-26T10:18:04.890897,2666
bc272e30d28b94c2,https://gt.linkedin.com/jobs/view/client-solutions-lead-at-solvo-global-4444754321,Client Solutions Lead,Solvo Global,posted,2026-07-26T10:18:15.678427,2668
703d2cb1d136732a,https://gt.linkedin.com/jobs/view/la-quinta-santa-lucia-at-inmobiliaria-adri-s-a-4444831085,La Quinta Santa Lucia,"Inmobiliaria Adri, S.A",posted,2026-07-26T10:18:38.004376,2670
1014bcb5ddac273d,https://gt.linkedin.com/jobs/view/renewals-supervisor-cca-at-td-synnex-multi-country-area-english-4441096944,Renewals Supervisor - CCA,TD SYNNEX Multi-Country Area (English),posted,2026-07-26T10:18:43.110941,1057
410decf089610bb3,https://gt.linkedin.com/jobs/view/senior-technical-support-engineer-upto-%2450k-yr-at-mercor-4416067589,Senior Technical Support Engineer | Upto $50K/yr,Mercor,posted,2026-07-26T10:18:51.836731,2672
96288684864697d9,https://gt.linkedin.com/jobs/view/vendedor-at-corporaci%C3%B3n-seguridad-integral-s-a-4443584161,Vendedor,,scraped,2026-07-26T10:18:54.416422,
0d89192b1db0d346,https://gt.linkedin.com/jobs/view/senior-software-engineer-id74262-at-agileengine-4443875335,Senior Software Engineer ID74262,AgileEngine,posted,2026-07-26T10:19:07.917716,757
607d3f54c409667a,https://gt.linkedin.com/jobs/view/guayaha-at-inmobiliaria-adri-s-a-4444878669,Guayaha,"Inmobiliaria Adri, S.A",posted,2026-07-27T13:29:04.784130,2674
b6a3a5e30b1a18e0,https://gt.linkedin.com/jobs/view/amura-hostel-antigua-guatemala-at-inmobiliaria-adri-s-a-4444879714,Amura Hostel - Antigua Guatemala,"Inmobiliaria Adri, S.A",posted,2026-07-27T13:29:24.314412,2676
cc66eefad5d6de63,https://gt.linkedin.com/jobs/view/asesor-de-servicio-agencia-avia-at-bam-4441858271,Asesor de Servicio Agencia Avia,,scraped,2026-07-27T13:29:37.005003,
183410ddafd25eab,https://gt.linkedin.com/jobs/view/generalista-de-recursos-humanos-at-identity-guatemala-4441597866,Generalista de Recursos Humanos,,scraped,2026-07-27T13:29:45.636775,
11df5f66773d0f05,https://gt.linkedin.com/jobs/view/digitador-a-temporal-at-impresos-mr-4444213834,Digitador(a) Temporal,Impresos MR,posted,2026-07-27T13:30:07.057500,2678
b57307190bdf3b8a,https://gt.linkedin.com/jobs/view/auxiliar-de-rampa-at-corporaci%C3%B3n-multi-inversiones-4441082643,Auxiliar de Rampa,,scraped,2026-07-27T13:30:09.711730,
a9a6a19a07ab19ff,https://gt.linkedin.com/jobs/view/contrataci%C3%B3n-urgente-asistente-de-recursos-humanos-at-asesor%C3%ADa-integral-4445364236,Contratación Urgente Asistente de Recursos Humanos,Asesoría Integral,posted,2026-07-27T13:30:27.585226,2680
7c38a656794ec545,https://gt.linkedin.com/jobs/view/t%C3%A9cnico-de-infraestructura-it-y-redes-at-identity-guatemala-4441529291,Técnico de Infraestructura IT y Redes,,scraped,2026-07-27T13:30:38.182043,
a53801475f33dd51,https://gt.linkedin.com/jobs/view/edital-02-2025-assistente-3-flores-at-campo-lab-oficial-4445337478,Edital 02/2025 - Assistente 3 (Flores),Campo Lab Oficial,posted,2026-07-27T13:31:12.410542,2682
db06daa0e5bc28c8,https://gt.linkedin.com/jobs/view/agente-de-seguridad-mujer-at-la-legi%C3%B3n-seguridad-4445274927,AGENTE DE SEGURIDAD (MUJER),La Legión Seguridad,posted,2026-07-27T13:31:32.761559,2684
cac492a661890053,https://gt.linkedin.com/jobs/view/especialista-en-infraestructura-tecnol%C3%B3gica-cableado-estructurado-cat6-cat6a-y-fibra-%C3%B3ptica-at-identity-guatemala-4441526390,"Especialista en Infraestructura Tecnológica, cableado estructurado (Cat6/Cat6A y Fibra óptica).",,scraped,2026-07-27T13:31:35.444255,
517ee57dac7823f0,https://gt.linkedin.com/jobs/view/coordinador-de-de-distribuci%C3%B3n-y-log%C3%ADstica-at-confidential-4444248398,Coordinador de de Distribución y Logística,Confidential,posted,2026-07-27T13:32:00.063796,2686
2e87aca05a7a562b,https://gt.linkedin.com/jobs/view/gestor-comercial-occidente-at-corporaci%C3%B3n-de-taxi-y-turismo-confianza-s-a-c-4441023381,Gestor Comercial Occidente,Corporación de Taxi y Turismo Confianza S.A.C.,posted,2026-07-27T13:32:24.973944,2688
03912f2ca222dab4,https://gt.linkedin.com/jobs/view/buscamos-socio-a-director-a-de-expansi%C3%B3n-en-guatemala-at-aicad-4444334665,Buscamos Socio/a Director/a de Expansión en Guatemala.,AICAD Business School,posted,2026-07-27T13:32:37.822021,2690
2aba6d577faaf18f,https://gt.linkedin.com/jobs/view/analista-de-inserci%C3%B3n-de-anuncios-at-tigo-guatemala-4441811229,Analista de Inserción de Anuncios,Tigo Guatemala,posted,2026-07-27T13:32:52.695380,2692
e25e76c0ee926c70,https://gt.linkedin.com/jobs/view/contador-general-zona-14-at-identity-guatemala-4442367233,Contador General /  Zona 14,,scraped,2026-07-27T13:32:55.298062,
51855c59b4e2ee38,https://gt.linkedin.com/jobs/view/executive-assistant-guatemala-at-athena-4444480183,Executive Assistant - Guatemala,,scraped,2026-07-27T13:33:09.121044,
e5376717fa4f9601,https://gt.linkedin.com/jobs/view/executive-recruiter-remote-work-at-bairesdev-4442643248,Executive Recruiter - Remote Work,BairesDev,posted,2026-07-27T13:33:22.463902,1143
f15fbff7ac11ea76,https://gt.linkedin.com/jobs/view/piloto-departamento-de-construccion-at-watermania-4444366420,PILOTO DEPARTAMENTO DE CONSTRUCCION,,scraped,2026-07-27T13:33:25.069320,
f72931f5df682c7a,https://gt.linkedin.com/jobs/view/instructor-de-ensamble-at-grupo-distelsa-4443490079,Instructor de Ensamble,Grupo Distelsa,posted,2026-07-27T13:33:46.654442,2694
90679e1edb9a5dc7,https://gt.linkedin.com/jobs/view/auxiliar-at-bam-4445255089,Auxiliar,,scraped,2026-07-27T13:33:50.206296,
8e81dc5ae5c3c075,https://gt.linkedin.com/jobs/view/supervisor-de-proyectos-de-construcci%C3%B3n-at-canella-s-a-4442753482,SUPERVISOR DE PROYECTOS DE CONSTRUCCIÓN,,scraped,2026-07-27T13:33:56.748065,
49ccc34cec274eea,https://gt.linkedin.com/jobs/view/jefe-t%C3%A9cnico-de-saneamiento-at-idc-network-4443442218,Jefe Técnico de Saneamiento,,scraped,2026-07-27T13:34:04.463617,
c2fcf08d11bed007,https://gt.linkedin.com/jobs/view/contratamos-coordinador-de-rutas-zona-12-at-asesor%C3%ADa-integral-4445352816,Contratamos Coordinador de Rutas  Zona 12,Asesoría Integral,posted,2026-07-27T13:34:13.729405,311
3a53df880d98e1d0,https://gt.linkedin.com/jobs/view/enfermer%40-monitor-sso-bomber%40-at-identity-guatemala-4441510999,Enfermer@ / Monitor SSO / Bomber@,,scraped,2026-07-27T13:34:20.306466,
fb35badabb665084,https://www.linkedin.com/jobs/view/1791/,"1,000+International Tax Director Jobs in United States",,failed|wp_post_failed,2026-07-27T13:34:35.654350,
7e9e2200c36a374f,https://gt.linkedin.com/jobs/view/analista-business-intelligence-at-grupo-ficohsa-gt-4444621058,Analista  Business Intelligence,Grupo Ficohsa GT,posted,2026-07-27T13:34:46.898564,2696
344183af3f64f0a3,https://gt.linkedin.com/jobs/view/analista-de-planificaci%C3%B3n-financiera-at-happymondays-com-gt-4443937864,Analista de planificación financiera,,scraped,2026-07-27T13:34:49.692307,
5e7619f1ee662c12,https://gt.linkedin.com/jobs/view/corporate-strategy-and-transformation-manager-at-orange-talent-4445209484,Corporate Strategy and Transformation Manager,,scraped,2026-07-27T13:35:00.742509,
c0fd58019a9b1326,https://gt.linkedin.com/jobs/view/l%C3%ADder-de-log%C3%ADstica-at-sa%C3%BAl-e-m%C3%A9ndez-4443973434,Líder de Logística,,scraped,2026-07-27T13:35:08.036095,
a9e467917ef4a2ac,https://gt.linkedin.com/jobs/view/human-resources-manager-at-intouchcx-4444398731,Human Resources Manager,,scraped,2026-07-27T13:35:16.581620,
e4f6bb988f7c8b0f,https://gt.linkedin.com/jobs/view/analista-de-validaci%C3%B3n-temporal-6-meses-at-eurofarma-4444708787,Analista de validación TEMPORAL (6 meses),,scraped,2026-07-27T13:35:23.469231,
55d8c14093760db3,https://gt.linkedin.com/jobs/view/operario-de-granja-at-corporaci%C3%B3n-multi-inversiones-4442960517,Operario de Granja,,scraped,2026-07-27T13:35:38.573655,
15936e90d25d1766,https://gt.linkedin.com/jobs/view/account-manager-at-spc-internacional-4444481527,Account Manager,,scraped,2026-07-27T13:35:48.069271,
90b2fa7444ab0c68,https://gt.linkedin.com/jobs/view/gerente-comercial-inmobiliario-segmento-c-at-empresa-confidencial-4441544373,Gerente Comercial inmobiliario - Segmento C,Empresa Confidencial,posted,2026-07-27T13:36:08.718076,2698
05c13f1bfe8f4cb9,https://gt.linkedin.com/jobs/view/facilities-security-and-administration-support-executive-at-24-7-ai-latin-america-4445212377,"Facilities, security and administration support executive",,scraped,2026-07-27T13:36:15.442657,
12f51346c1972a54,https://gt.linkedin.com/jobs/view/auxiliar-de-residuos-y-emergencias-ambientales-at-empresa-confidencial-4443436252,Auxiliar de Residuos y Emergencias Ambientales,Empresa Confidencial,posted,2026-07-27T13:36:29.618120,2700
b49d1766b16e5ad6,https://gt.linkedin.com/jobs/view/agriculture-process-optimization-engineer-at-syngenta-4441234139,Agriculture Process Optimization Engineer,,scraped,2026-07-27T13:36:34.108794,
cc35bbb85c5ab70d,https://gt.linkedin.com/jobs/view/asesor-a-integral-en-agencia-central-t1-at-bam-4445285723,ASESOR/A INTEGRAL EN AGENCIA CENTRAL (T1),,scraped,2026-07-27T13:36:40.491160,
9af3291fcc54cee6,https://gt.linkedin.com/jobs/view/jefe-de-transporte-perecederos-at-confidencial-4445262413,Jefe de Transporte - Perecederos,Confidencial,posted,2026-07-27T13:36:54.017684,2702
084ab993b2c58b60,https://gt.linkedin.com/jobs/view/practicante-de-ingenier%C3%ADa-en-sistemas-at-niu-solutions-4445211302,Practicante de Ingeniería en Sistemas,,scraped,2026-07-27T13:36:56.701613,
2ffc1939f875f965,https://gt.linkedin.com/jobs/view/internship-data-analyst-de-operaciones-at-bia-foods-4444226210,Internship Data Analyst de Operaciones,Bia Foods,posted,2026-07-27T13:37:10.029614,2704
32eec355d8da1465,https://gt.linkedin.com/jobs/view/ejecutivo-de-ventas-at-identity-guatemala-4440402519,Ejecutivo de Ventas,,scraped,2026-07-27T13:37:12.663955,
5ab0cbfd3b008f26,https://gt.linkedin.com/jobs/view/ejecutivo-de-ventas-esquipulas-21000764-at-cbc-4440182029,EJECUTIVO DE VENTAS ESQUIPULAS - 21000764,cbc,posted,2026-07-27T13:37:40.051166,2706
d93984457d3ab8b5,https://gt.linkedin.com/jobs/view/verificador-de-bodega-cd-at-cbc-4441561682,VERIFICADOR DE BODEGA CD,cbc,posted,2026-07-27T13:37:52.742029,2708
72b8a530f8b856cd,https://gt.linkedin.com/jobs/view/sr-accountant-vacation-rental-portfolio-us-experience-at-howard-4445235072,Sr. Accountant (Vacation Rental Portfolio - US Experience),Howard,posted,2026-07-27T13:38:02.485229,2710
bcc707e9c9c7618f,https://gt.linkedin.com/jobs/view/integrated-media-senior-specialist-personal-care-home-care-products-at-colgate-palmolive-4441830829,Integrated Media Senior Specialist (Personal Care & Home Care Products),Colgate-Palmolive,posted,2026-07-27T13:38:22.017059,2712
2fd100b5e41df333,https://gt.linkedin.com/jobs/view/coordinador-senior-de-tr%C3%A1fico-at-talento-sin-fronteras-gt-4444034466,Coordinador Senior de Tráfico,Talento Sin Fronteras GT,posted,2026-07-27T13:38:30.865793,2714
868a606dfe910cf6,https://gt.linkedin.com/jobs/view/technical-customer-engineer-latam-at-reap-4443092208,Technical Customer Engineer (LATAM),,scraped,2026-07-27T13:38:33.515166,
8100923af1ab4bc6,https://gt.linkedin.com/jobs/view/business-intelligence-specialist-telus-guatemala-at-telus-digital-4445646250,Business Intelligence Specialist - TELUS Guatemala,,scraped,2026-07-27T13:38:39.838559,
c4ef0ec79157e01b,https://gt.linkedin.com/jobs/view/junior-recruiter-temporary-at-24-7-ai-latin-america-4171026447,Junior Recruiter (Temporary),,scraped,2026-07-27T13:38:48.673078,
4cf55d0ea70f482d,https://gt.linkedin.com/jobs/view/casamento-vit%C3%B3ria-lucas%0Acasamentos%0Aespa%C3%A7o-le-charmant-ch%C3%A1cara-flores%0A892-at-criativus-foto-e-v%C3%ADdeo-4444869580,"Casamento Vitória & Lucas
CASAMENTOS
ESPAÇO LE CHARMANT - CHÁCARA FLORES
892",,scraped,2026-07-27T13:38:55.205220,
0e05666fa486b584,https://gt.linkedin.com/jobs/view/oficial-t%C3%A9cnico-especialista-en-gesti%C3%B3n-integrada-de-cuencas-at-iucn-world-commission-on-environmental-law-4444775276,Oficial Técnico Especialista en Gestión Integrada de Cuencas,,scraped,2026-07-27T13:39:01.801961,
acd576a7613a9793,https://gt.linkedin.com/jobs/view/asesor-at-bam-4443566579,Asesor,,scraped,2026-07-27T13:39:09.678107,
6e2bc1c2d48bbe41,https://gt.linkedin.com/jobs/view/t%C3%A9cnico-a-electricista-at-helados-palideli-4440417014,Técnico/a electricista,,scraped,2026-07-27T13:39:22.379316,
78f85052a2763a21,https://gt.linkedin.com/jobs/view/supervisor-de-trade-marketing-nororiente-at-productos-b-b-4444720033,"Supervisor de Trade Marketing ""Nororiente""",Productos B&amp;B,posted,2026-07-27T13:39:37.104823,2716
52b6e075624b5b42,https://gt.linkedin.com/jobs/view/legal-assistant-%E2%80%93-chapter-13-bankruptcy-at-horizon-premier-staffing-4445949032,Legal Assistant – Chapter 13 Bankruptcy,,scraped,2026-07-27T13:39:41.805001,
d20f834699d73b07,https://gt.linkedin.com/jobs/view/ingeniero-a-de-datos-preaprobados-en-unidad-analitica-de-riesgo-de-credito-at-bam-4445254106,INGENIERO/A DE DATOS (PREAPROBADOS) EN UNIDAD ANALITICA DE RIESGO DE CREDITO,,scraped,2026-07-27T13:39:49.288937,
717e0e575b6c10e7,https://gt.linkedin.com/jobs/view/ejecutivo-de-negocios-pyme-at-seguros-g-t-4442794625,EJECUTIVO DE NEGOCIOS PYME,Seguros GYT,posted,2026-07-27T13:40:00.864880,2254
0fc39fd93c701a65,https://gt.linkedin.com/jobs/view/colaborador-de-restaurante-at-identity-guatemala-4442312746,Colaborador de Restaurante,,scraped,2026-07-27T13:40:05.396764,
68a2c860a03cca38,https://gt.linkedin.com/jobs/view/becario-at-plus-technologies-innovations-4442209463,Becario,Plus Ti,posted,2026-07-27T13:40:31.676393,2718
ccae2c31fe50ff91,https://gt.linkedin.com/jobs/view/coordinador-de-bodega-at-empresa-confidencial-4441844069,Coordinador de Bodega,Empresa Confidencial,posted,2026-07-27T13:40:41.392076,2720
ae2a54d2587cf376,https://gt.linkedin.com/jobs/view/representante-t%C3%A9cnico-comercial-de-drones-at-canella-s-a-4443516466,REPRESENTANTE TÉCNICO COMERCIAL DE DRONES,,scraped,2026-07-27T13:40:44.068737,
2883b53ae1d1d259,https://gt.linkedin.com/jobs/view/payroll-accountant-at-corporaci%C3%B3n-multi-inversiones-4444456076,Payroll Accountant,,scraped,2026-07-27T13:40:51.309125,
2addb5d9ae2debfb,https://gt.linkedin.com/jobs/view/vendedor-at-intech-security-4445210244,Vendedor,,scraped,2026-07-27T13:41:02.534328,
47361023b1161d1a,https://gt.linkedin.com/jobs/view/growth-operations-lead-startup-tecnol%C3%B3gica-at-global-people-4444729570,Growth & Operations Lead- Startup Tecnológica,,scraped,2026-07-27T13:41:21.598273,
96a1aacc5715a9cf,https://gt.linkedin.com/jobs/view/barman-preparazione-cocktails-at-barman-online-corsi-di-barman-4442694791,BARMAN PREPARAZIONE COCKTAILS,,scraped,2026-07-27T13:41:29.480936,
935ce9f5154f2828,https://gt.linkedin.com/jobs/view/coordinador-a-de-programas-de-pais-at-aids-healthcare-foundation-4442650926,Coordinador(a) de Programas de Pais,AIDS Healthcare Foundation,posted,2026-07-27T13:41:45.224414,2722
82fb13963e9c5c52,https://gt.linkedin.com/jobs/view/oficial-de-campo-informaci%C3%B3n-comunicaci%C3%B3n-y-tecnolog%C3%ADa-para-el-desarrollo-ict4d-at-catholic-relief-services-4441087418,"Oficial de campo Información, comunicación y tecnología para el desarrollo ICT4D",Catholic Relief Services,posted,2026-07-27T13:41:58.547126,2724
2413645d54b7c20d,https://gt.linkedin.com/jobs/view/conductor-piloto-licencia-tipo-a-at-vantive-4443848906,Conductor -Piloto Licencia Tipo A,Vantive,posted,2026-07-27T13:42:12.366739,2726
823e3b489b8f52ce,https://gt.linkedin.com/jobs/view/senior-technical-program-manager-remote-work-at-bairesdev-4442638928,Senior Technical Program Manager - Remote Work,BairesDev,posted,2026-07-27T13:42:17.352745,1365
3e61b52ff2796030,https://gt.linkedin.com/jobs/view/tecnico-de-transferencias-de-recursos-y-wash-at-save-the-children-international-4443571798,Tecnico de transferencias de recursos y WASH,,scraped,2026-07-27T13:42:19.971502,
b84aff0cff494884,https://gt.linkedin.com/jobs/view/asesor-de-servicios-y-repuestos-asr-oriente-at-canella-s-a-4443744341,Asesor de Servicios y Repuestos (ASR) Oriente,,scraped,2026-07-27T13:42:26.925828,
ec92beb7c76d1aa4,https://gt.linkedin.com/jobs/view/senior-automation-qa-engineer-id72469-at-agileengine-4442660030,Senior Automation QA Engineer ID72469,AgileEngine,posted,2026-07-27T13:42:44.975303,2728
400853abc1c7e660,https://gt.linkedin.com/jobs/view/customer-experience-associate-i-at-conduent-4444438423,Customer Experience Associate I,Conduent,posted,2026-07-27T13:42:52.151372,609
5427686cd72edc10,https://gt.linkedin.com/jobs/view/customer-experience-associate-i-at-conduent-4444439389,Customer Experience Associate I,Conduent,scraped,2026-07-27T13:42:56.286180,
3eed369fe8f6c102,https://gt.linkedin.com/jobs/view/kam-senior-at-aumenta-gt-4443960546,KAM Senior,,scraped,2026-07-27T13:43:03.190115,
4321e77e9de8bf95,https://gt.linkedin.com/jobs/view/smb-account-manager-tiktok-at-aleph-4444600452,SMB Account Manager - TikTok,Aleph,posted,2026-07-27T13:43:18.807360,2730
33842586af4b940f,https://gt.linkedin.com/jobs/view/asesor-comercial-regi%C3%B3n-oriente-at-anonima-4444446750,Asesor Comercial Región Oriente,Anonima,posted,2026-07-27T13:43:29.448161,2732
2a77e467745493a2,https://gt.linkedin.com/jobs/view/auxiliar-de-enfermer%C3%ADa-at-empresa-confidencial-4443437209,Auxiliar de enfermería,Empresa Confidencial,posted,2026-07-27T13:43:39.915383,2734
da90f36c03b81f2c,https://gt.linkedin.com/jobs/view/lead-backend-engineer-id76299-at-agileengine-4442792281,Lead Backend Engineer ID76299,AgileEngine,posted,2026-07-27T13:43:46.864109,1730
896c924ad6cbf578,https://gt.linkedin.com/jobs/view/data-engineer-at-plan-a-technologies-4434124937,Data Engineer,Plan A Technologies,posted,2026-07-27T13:43:52.087283,297
18f48b500cfd20de,https://gt.linkedin.com/jobs/view/senior-product-manager-id79107-at-agileengine-4442781623,Senior Product Manager ID79107,AgileEngine,posted,2026-07-27T13:44:08.072601,2736
50abf063644b3978,https://gt.linkedin.com/jobs/view/senior-sap-pp-pm-qm-consultant-%E2%80%93-s-4hana-public-cloud-%E2%80%93-english-c1-%E2%80%93-latam-remote-guatemala-at-sapindex-4444453221,Senior SAP PP/PM/QM Consultant – S/4HANA Public Cloud – English C1 – LATAM Remote - Guatemala,,scraped,2026-07-27T13:44:10.892667,
37d147db39831cf7,https://gt.linkedin.com/jobs/view/planner-digital-trafficker-4445237028,Planner Digital / Trafficker,Talento Correcto / Agencia de Reclutamiento & Seleccion,posted,2026-07-27T13:44:23.017349,2738
346e35cdf5b7ba08,https://gt.linkedin.com/jobs/view/t%C3%A9cnico-de-revisi%C3%B3n-t%C3%A9cnica-tin-at-sba-communications-4444608183,Técnico de Revisión Técnica TIN,SBA Communications,posted,2026-07-27T13:44:32.520900,2740
46f68a7ed066449e,https://gt.linkedin.com/jobs/view/asesor-de-ventas-inmobiliario-chimaltenango-at-deconsa-desarrollos-y-condominios-s-a-4443390554,Asesor de Ventas Inmobiliario - Chimaltenango,,scraped,2026-07-27T13:44:36.852835,
c32e78bbbe7ff3f1,https://gt.linkedin.com/jobs/view/senior-software-engineer-id74262-at-agileengine-4444701963,Senior Software Engineer ID74262,AgileEngine,posted,2026-07-27T13:44:49.058247,757
e2e6205086d3832e,https://gt.linkedin.com/jobs/view/ingeniero-de-seguridad-de-aplicaciones-checkmarx-sast-trabajo-remoto-at-bairesdev-4443136408,Ingeniero de Seguridad de Aplicaciones (Checkmarx / SAST) - Trabajo Remoto,BairesDev,posted,2026-07-27T13:44:54.127404,663
0d3ed78172e367ad,https://gt.linkedin.com/jobs/view/auxiliar-contable-at-inbers-accounting-office-4443536178,Auxiliar contable,,scraped,2026-07-27T13:44:58.639724,
cac26711f12e3073,https://gt.linkedin.com/jobs/view/data-engineer-senior-etl-python%2Bsnowflake-remote-latin-am%C3%A9rica-at-bluelight-4445630743,"Data Engineer (Senior) - ETL (Python+Snowflake) - Remote, Latin América",Bluelight,posted,2026-07-27T13:45:28.283150,2742
321ca9a287ded513,https://gt.linkedin.com/jobs/view/operador-de-trefiladora-at-grupo-ag-4443427269,Operador de Trefiladora,,scraped,2026-07-27T13:45:37.015502,
0e20e47962ee8551,https://gt.linkedin.com/jobs/view/escalation-engineer-alpha-remote-%2460-000-year-usd-at-crossover-4442697274,"Escalation Engineer, Alpha (Remote) - $60,000/year USD",Crossover,posted,2026-07-27T13:45:51.431330,2744
e4b9c64774cce958,https://gt.linkedin.com/jobs/view/ensamblador-de-motocicletas-at-canella-s-a-4441540980,ENSAMBLADOR DE MOTOCICLETAS,,scraped,2026-07-27T13:45:54.111246,
a162d9fba99ddd31,https://gt.linkedin.com/jobs/view/accounting-services-associate-ii-at-conduent-4432319859,Accounting Services Associate II,Conduent,posted,2026-07-27T13:46:08.818838,2746
57a424ad27298f8f,https://gt.linkedin.com/jobs/view/employment-tools-tracking-platform-specialist-at-telus-digital-4417468971,Employment Tools Tracking Platform Specialist,,scraped,2026-07-27T13:46:11.476807,
bff5f211bd21cb68,https://gt.linkedin.com/jobs/view/monitor-at-corporaci%C3%B3n-multi-negocios-cmn-4443505543,Monitor,CORPORACIÓN MULTI NEGOCIOS - CMN -,posted,2026-07-28T11:06:35.641188,2748
5470b0ea56fa1ec2,https://gt.linkedin.com/jobs/view/monitora-de-bus-escolar-zona-16-acat%C3%A1n-at-grupo-helvetica-4444048633,Monitora de bus escolar - zona 16 Acatán,Grupo Helvetica,posted,2026-07-28T11:06:48.728191,2750
16e095dc8a27af20,https://gt.linkedin.com/jobs/view/coordinador-a-de-talento-humano-at-idc-network-4442937269,Coordinador(a) de Talento Humano,,scraped,2026-07-28T11:06:55.491529,
d98296ffd8fd4f8a,https://gt.linkedin.com/jobs/view/representantes-t%C3%A9cnicos-en-electr%C3%B3nica-at-grupo-printer-4443443227,Representantes Técnicos en Electrónica,,scraped,2026-07-28T11:07:06.452979,
385f0eb48ea17d67,https://gt.linkedin.com/jobs/view/bird-house-san-pedro-at-inmobiliaria-adri-s-a-4443238250,Bird House San Pedro,"Inmobiliaria Adri, S.A",posted,2026-07-28T11:07:38.523585,2752
6575516f5ef84b96,https://gt.linkedin.com/jobs/view/hotel-pensi%C3%B3n-bonifaz-at-inmobiliaria-adri-s-a-4443238245,Hotel Pensión Bonifaz,"Inmobiliaria Adri, S.A",posted,2026-07-28T11:07:54.636929,2754
6957a336d5527e27,https://gt.linkedin.com/jobs/view/auxiliar-de-bodega-para-megapaca-arkadia-zona-10-at-megapaca-4445372403,Auxiliar de bodega para Megapaca Arkadia zona 10,,scraped,2026-07-28T11:08:01.230795,
0f86660c38c5cc9a,https://gt.linkedin.com/jobs/view/asesor-de-servicio-al-cliente-agencia-t%C3%A9rminal-at-bam-4442313209,Asesor de Servicio al Cliente Agencia Términal,,scraped,2026-07-28T11:08:14.610087,
95ade26d58c53d3e,https://gt.linkedin.com/jobs/view/auditor-interno-zona-10-at-uhy-centroam%C3%A9rica-4443442224,Auditor Interno (zona 10),,scraped,2026-07-28T11:08:21.351964,
f4b1c9af3d99b196,https://gt.linkedin.com/jobs/view/jefe-de-tesorer%C3%ADa-zona-7-at-didelasa-4443890967,Jefe de  Tesorería - Zona 7,,scraped,2026-07-28T11:08:30.635074,
93ad6ac6a1161fd2,https://gt.linkedin.com/jobs/view/auxiliar-de-bodega-1-at-corporaci%C3%B3n-multi-inversiones-4442899460,Auxiliar de Bodega 1,CMI-Corporación Multi Inversiones,posted,2026-07-28T11:09:01.874664,2756
5ab910c6718371c6,https://gt.linkedin.com/jobs/view/asistente-administrativo-senior-at-manpowergroup-4445197787,Asistente Administrativo Senior,ManpowerGroup,posted,2026-07-28T11:09:28.191212,2758
098003c2f187b7e8,https://gt.linkedin.com/jobs/view/auxiliar-de-bodega-1-at-corporaci%C3%B3n-multi-inversiones-4442881608,Auxiliar de Bodega 1,CMI-Corporación Multi Inversiones,scraped,2026-07-28T11:09:36.245982,
f2a42469971c5cad,https://gt.linkedin.com/jobs/view/virtual-executive-assistant-remote-at-viva-talent-4445962333,Virtual Executive Assistant (Remote),Viva Talent,posted,2026-07-28T11:09:41.589742,349
9554cf43d0003b60,https://gt.linkedin.com/jobs/view/jefe-de-ventas-cliente-externo-at-shopperexperts-4445264361,Jefe de Ventas (Cliente Externo),ShopperExperts,posted,2026-07-28T11:09:50.935519,2760
7cdb46bf76b50f8a,https://gt.linkedin.com/jobs/view/intership-recursos-humanos-gente-gesti%C3%B3n-no-remunerado-at-cbc-4441564357,Intership Recursos Humanos - Gente & Gestión (No Remunerado),cbc,posted,2026-07-28T11:10:04.623156,2762
055a9dc7637ce04a,https://gt.linkedin.com/jobs/view/especialista-de-power-bi-junior-at-bac-4446133269,Especialista de Power Bi Junior,,scraped,2026-07-28T11:10:11.409391,
32dcfde7fcc79881,https://gt.linkedin.com/jobs/view/operador-de-call-center-100-dias-at-gol%C3%A1n-4442886721,OPERADOR DE CALL CENTER 100 DIAS,Golán,posted,2026-07-28T11:11:31.622563,2764
2409880f78602a63,https://gt.linkedin.com/jobs/view/creador-a-de-contenido-pov-para-ia-remoto-at-mindrift-data-annotation-projects-4443374097,Creador(a) de Contenido POV para IA - Remoto,Mindrift Data Annotation Projects,posted,2026-07-28T11:11:43.150731,2766
6e376fad3069b6c8,https://gt.linkedin.com/jobs/view/creador-a-de-contenido-pov-para-ia-remoto-at-mindrift-data-annotation-projects-4443370189,Creador(a) de Contenido POV para IA - Remoto,Mindrift Data Annotation Projects,posted,2026-07-28T11:11:53.189637,2768
597f23cce924c47f,https://gt.linkedin.com/jobs/view/creador-a-de-contenido-pov-para-ia-remoto-at-mindrift-data-annotation-projects-4443353999,Creador(a) de Contenido POV para IA - Remoto,Mindrift Data Annotation Projects,posted,2026-07-28T11:12:01.425035,2770
4e80d00208f13ee6,https://gt.linkedin.com/jobs/view/coordinador-a-para-el-proyecto-%E2%80%9Cplataforma-nacional-de-acci%C3%B3n-sobre-los-pl%C3%A1sticos-de-guatemala-%E2%80%93-npap%E2%80%9D-at-iucn-eastern-and-southern-africa-4443232842,Coordinador/a para el proyecto “Plataforma Nacional de Acción sobre los Plásticos de Guatemala – NPAP”,,scraped,2026-07-28T11:12:04.449914,
6fe408766a98bf03,https://gt.linkedin.com/jobs/view/asesor-a-de-servicio-en-agencia-los-altos-at-bam-4445238748,ASESOR/A DE SERVICIO EN AGENCIA LOS ALTOS,,scraped,2026-07-28T11:12:15.408989,
a2a60ce5e7bb4fdc,https://gt.linkedin.com/jobs/view/application-support-analyst-mexico-at-paysend-4443884946,Application Support Analyst - Mexico,Paysend,posted,2026-07-28T11:12:37.443600,2772
bc701309f59fab4f,https://gt.linkedin.com/jobs/view/auxiliar-de-bodega-at-mavsa-alquiler-y-ventas-de-maquinaria-para-construccion-4445950496,Auxiliar de Bodega,MAVSA - Alquiler y Ventas de maquinaria para construccion,posted,2026-07-28T11:12:53.228317,313
c62b8cea2f5384db,https://gt.linkedin.com/jobs/view/auxiliar-de-mantenimiento-industrial-at-identity-guatemala-4441848766,Auxiliar de mantenimiento industrial,,scraped,2026-07-28T11:13:03.855618,
edd7274d21d96a9f,https://gt.linkedin.com/jobs/view/supervisor-de-construcci%C3%B3n-at-%C3%A1rea-4445986360,Supervisor de construcción,,scraped,2026-07-28T11:13:16.431290,
a4ba7225be284113,https://gt.linkedin.com/jobs/view/ejecutivo-de-ventas-industriales-at-identity-guatemala-4441528322,Ejecutivo de Ventas Industriales,,scraped,2026-07-28T11:13:32.239322,
e99a20867b544329,https://gt.linkedin.com/jobs/view/auxiliar-de-tesorer%C3%ADa-at-triada-consultores-4446122779,Auxiliar de Tesorería,Triada Consultores,posted,2026-07-28T11:13:52.628435,2774
185e890f82be1830,https://gt.linkedin.com/jobs/view/ejecutivo-comercial-de-empresas-medianas-at-tigo-guatemala-4445975932,Ejecutivo Comercial de Empresas Medianas,Tigo Guatemala,posted,2026-07-28T11:14:08.074266,2776
fa100eeccd3c2369,https://gt.linkedin.com/jobs/view/it-support-engineer-at-foxys-it-services-4442857954,IT Support Engineer,Foxys IT Services,posted,2026-07-28T11:14:17.731971,2778
e51b8518861c69c0,https://gt.linkedin.com/jobs/view/sales-executive-at-pedidosya-4443173999,Sales Executive,,scraped,2026-07-28T11:14:20.422387,
3ee441c78be33fa5,https://gt.linkedin.com/jobs/view/accountant-real-estate-experience-at-howard-4444664336,Accountant (Real Estate experience),Howard,posted,2026-07-28T11:14:34.688701,2780
396f4c19d97e8cd4,https://gt.linkedin.com/jobs/view/record-your-daily-routine-get-paid-ai-training-remote-at-mindrift-data-annotation-projects-4443238951,Record Your Daily Routine & Get Paid - AI Training (Remote),Mindrift Data Annotation Projects,posted,2026-07-28T11:14:39.679714,325
97a24cf8b3380f6c,https://gt.linkedin.com/jobs/view/executive-assistant-guatemala-at-athena-4444473110,Executive Assistant - Guatemala,,scraped,2026-07-28T11:14:46.373466,
4b578dfaedadfbed,https://gt.linkedin.com/jobs/view/graphic-designer-6-months-contract-at-goto-4446166307,Graphic Designer - 6 months contract,GoTo,posted,2026-07-28T11:14:59.037037,2782
7f9357d61ecb2523,https://gt.linkedin.com/jobs/view/encargado-de-mantenimiento-electricista-at-spectrum-4442877881,Encargado de Mantenimiento (Electricista),,scraped,2026-07-28T11:15:01.604087,
53a62258b51fe56f,https://gt.linkedin.com/jobs/view/ejecutivo-de-negocios-b2b-regi%C3%B3n-metropolitana-at-banco-industrial-guatemala-4442893735,Ejecutivo de Negocios B2B: Región Metropolitana,,scraped,2026-07-28T11:15:09.366862,
9b535a89f1534a54,https://gt.linkedin.com/jobs/view/cajera-administrativa-isuzu-chimaltenango-at-canella-s-a-4442432454,CAJERA ADMINISTRATIVA ISUZU CHIMALTENANGO,,scraped,2026-07-28T11:15:18.367136,
7d26cea5ce0f41cc,https://gt.linkedin.com/jobs/view/sales-account-manager-at-ground-game-4445168517,Sales Account Manager,Ground Game,posted,2026-07-28T11:15:31.606746,2784
7ac90e68677870ef,https://gt.linkedin.com/jobs/view/ejecutivos-de-telemarketing-zona-5-modalidad-h%C3%ADbrida-at-talento-efectivo-4442938161,EJECUTIVOS DE TELEMARKETING / ZONA 5 (MODALIDAD HÍBRIDA ),,scraped,2026-07-28T11:15:34.189466,
78922551989ccc66,https://gt.linkedin.com/jobs/view/gestor-comercial-norte-at-corporaci%C3%B3n-de-taxi-y-turismo-confianza-s-a-c-4441013885,Gestor Comercial Norte,,scraped,2026-07-28T11:15:42.506301,
e618265790aee0e4,https://gt.linkedin.com/jobs/view/coordinador-comercial-para-mixco-at-istaff-guatemala-4446155168,Coordinador comercial para Mixco,,scraped,2026-07-28T11:15:55.003299,
c53f0e8818ba4b61,https://gt.linkedin.com/jobs/view/gerente-de-marca-specialty-care-at-exeltis-4441849281,Gerente de Marca Specialty Care,,scraped,2026-07-28T11:16:03.302793,
a870f40c23663b35,https://gt.linkedin.com/jobs/view/auxiliar-de-reparto-at-corporaci%C3%B3n-multi-inversiones-4441081614,Auxiliar de Reparto,CMI-Corporación Multi Inversiones,posted,2026-07-28T11:16:18.996995,1442
4f1362a13b4af196,https://gt.linkedin.com/jobs/view/auxiliar-de-contratos-de-arrendamiento-at-empresa-reclutadora-y-seleccion-confidencial-4443534762,Auxiliar de contratos de arrendamiento,EMPRESA RECLUTADORA Y SELECCION/ CONFIDENCIAL,posted,2026-07-28T11:16:28.939588,2786
bc7e8f250b4bb366,https://gt.linkedin.com/jobs/view/ingeniero-civil-at-grupo-muratori-4443974636,Ingeniero Civil,,scraped,2026-07-28T11:16:31.556698,
5b8834fc9ae7a2c4,https://gt.linkedin.com/jobs/view/t%C3%A9cnico-de-soporte-ti-de-campo-%E2%80%93-por-servicios-at-inform%C3%A1tica-guatemala-4206686484,Técnico de Soporte TI de Campo – Por Servicios,,scraped,2026-07-28T11:16:38.337702,
ad0f84db3c568f6e,https://gt.linkedin.com/jobs/view/jefe-de-infraestructura-de-it-at-empresa-confidencial-4445416107,JEFE DE INFRAESTRUCTURA DE IT,Empresa Confidencial,posted,2026-07-28T11:16:53.725125,2788
fcb12de272a39c7a,https://gt.linkedin.com/jobs/view/training-consultant-guatemala-at-telus-digital-4443527000,Training Consultant - Guatemala,,scraped,2026-07-28T11:16:56.478210,
5fb05a6dcddc97b7,https://gt.linkedin.com/jobs/view/pr%C3%A1cticas-customer-service-atenci%C3%B3n-al-cliente-at-mahle-senica-4443236019,Prácticas Customer Service/Atención al Cliente,,scraped,2026-07-28T11:17:05.110066,
b5449db196859f8c,https://gt.linkedin.com/jobs/view/vendedor-rutero-at-l-a-monz%C3%B3n-y-asociados-4441563986,Vendedor Rutero,,scraped,2026-07-28T11:17:12.430522,
f0c1961fc3ae3753,https://gt.linkedin.com/jobs/view/brand-manager-senior-at-empresa-confidencial-4443389772,Brand Manager Senior,Empresa Confidencial,posted,2026-07-28T11:18:36.270836,2790
93267f59c08acd0d,https://gt.linkedin.com/jobs/view/auxiliar-at-bam-4446141458,Auxiliar,,scraped,2026-07-28T11:18:41.292889,
e5a392f276bb4040,https://gt.linkedin.com/jobs/view/marketing-outreach-assistant-at-vertu-agent-4444752627,Marketing & Outreach Assistant,Vertu Agent,posted,2026-07-28T11:18:55.365070,2792
923e42901abd793c,https://gt.linkedin.com/jobs/view/auxiliar-administrativo-contable-at-visersa-guatemala-4445987849,Auxiliar administrativo contable,VISERSA GUATEMALA,posted,2026-07-28T11:19:10.097590,137
51bc109fdf2904b9,https://gt.linkedin.com/jobs/view/social-media-community-manager-at-dep%C3%B3sito-dental-denteco-s-a-4440467034,Social media  community manager,"Depósito Dental Denteco, S.A.",posted,2026-07-28T11:19:29.213521,2794
2639c4658726e1e8,https://gt.linkedin.com/jobs/view/coordinador-de-calidad-riesgo-at-wtw-4445198907,Coordinador de Calidad & Riesgo,WTW,posted,2026-07-28T11:19:42.760491,2796
cf1a77a8c376b3cb,https://gt.linkedin.com/jobs/view/t%C3%A9cnico-soporte-de-campo-at-grupo-quattro-guatemala-4445140952,Técnico soporte de campo,,scraped,2026-07-28T11:19:45.350856,
646d780c2b468839,https://gt.linkedin.com/jobs/view/ejecutivo-de-negocios-pyme-at-interbanco-guatemala-4445221439,Ejecutivo de Negocios PYME,InterBanco Guatemala,posted,2026-07-28T11:20:00.332571,2254
b57f2cc2daa86d19,https://gt.linkedin.com/jobs/view/asistente-de-acciones-anticipatorias-at-international-rescue-committee-4446101888,Asistente de Acciones Anticipatorias,International Rescue Committee,posted,2026-07-28T11:20:11.835629,2798
b3bd8888655451c1,https://gt.linkedin.com/jobs/view/residente-de-obra-at-e4-4444745645,Residente de Obra,,scraped,2026-07-28T11:20:16.597626,
67cd42ff4da10f2a,https://gt.linkedin.com/jobs/view/analista-de-contabiulidad-y-produccion-at-comape-4444980784,Analista de contabiulidad y produccion,,scraped,2026-07-28T11:20:23.537942,
2467426015e00ce1,https://gt.linkedin.com/jobs/view/bodega-industrial-1950mts-en-venta-o-renta-quetzal-at-citymax-guatemala-4445961601,Bodega Industrial 1950mts en Venta o Renta Quetzal,CityMax Guatemala,posted,2026-07-28T11:20:37.581991,2800
42ca0a798099d667,https://gt.linkedin.com/jobs/view/t%C3%A9cnico-de-producci%C3%B3n-cnc-at-identity-guatemala-4442832693,Técnico de Producción CNC,,scraped,2026-07-28T11:20:46.890978,
984debacc546cd56,https://gt.linkedin.com/jobs/view/transformation-engineer-ciudad-guatemala-at-millicom-tigo-4443569874,Transformation Engineer Ciudad Guatemala,,scraped,2026-07-28T11:20:58.892954,
69f859f039897db8,https://gt.linkedin.com/jobs/view/casamento-vit%C3%B3ria-lucas%0Acasamentos%0Aespa%C3%A7o-le-charmant-ch%C3%A1cara-flores%0A896-at-criativus-foto-e-v%C3%ADdeo-4444869580,"Casamento Vitória & Lucas
CASAMENTOS
ESPAÇO LE CHARMANT - CHÁCARA FLORES
896",,scraped,2026-07-28T11:21:05.529701,
9f8925a19d1634b3,https://gt.linkedin.com/jobs/view/methods-procedures-specialist-at-behavior-treatment-analysis-4445403096,Methods & Procedures Specialist,Behavior Treatment &amp; Analysis,posted,2026-07-28T11:21:30.421364,2802
22dc0674348dfe2c,https://gt.linkedin.com/jobs/view/ejecutivo-comercial-coorporativo-at-tigo-guatemala-4445979824,Ejecutivo Comercial Coorporativo,Tigo Guatemala,posted,2026-07-28T11:21:44.063498,2804
11fd034d8f04e8f3,https://gt.linkedin.com/jobs/view/analista-de-trade-marketing-y-planogramas-en-zona-10-at-macro-recursos-humanos-4445266159,Analista de Trade Marketing y Planogramas en zona 10,Macro Recursos Humanos,posted,2026-07-28T11:22:01.288586,2806
38666a2fe57f8c7a,https://gt.linkedin.com/jobs/view/mechanic-fm-at-a-igreja-de-jesus-cristo-dos-santos-dos-%C3%BAltimos-dias-4446179586,"Mechanic,FM",,scraped,2026-07-28T11:22:03.773618,
f02de95555f0c0b0,https://gt.linkedin.com/jobs/view/iberia-foods-analista-de-cuentas-por-pagar-at-bia-foods-4444980747,Iberia Foods - Analista de Cuentas por Pagar,Bia Foods,posted,2026-07-28T11:22:20.069990,2808
489e67d6904261f7,https://gt.linkedin.com/jobs/view/auxiliar-contable-at-dasa-4445969292,Auxiliar contable,,scraped,2026-07-28T11:22:22.659126,
ef0c925fb6ffd028,https://gt.linkedin.com/jobs/view/ejecutivo-de-desarrollo-del-negocio-at-alux-agency-4446137159,Ejecutivo de desarrollo del negocio,Alux Agency,posted,2026-07-28T11:23:49.972594,2810
da1935d63f7892f7,https://gt.linkedin.com/jobs/view/retail-environment-specialist-clubs-channel-at-colgate-palmolive-4444250866,Retail Environment Specialist (Clubs Channel),Colgate-Palmolive,posted,2026-07-28T11:23:59.878614,2812
680e3cfb759665dd,https://gt.linkedin.com/jobs/view/asesor-a-de-servicio-en-agencia-el-encuentro-palin-t2-at-bam-4445970509,ASESOR/A DE SERVICIO EN AGENCIA EL ENCUENTRO PALIN (T2),,scraped,2026-07-28T11:24:02.545083,
d8643b00f1387d40,https://gt.linkedin.com/jobs/view/t%C3%A9cnico-de-mec%C3%A1nica-industrial-at-talento-humano-4444219571,Técnico de Mecánica Industrial,Talento Humano,posted,2026-07-28T11:24:20.105904,2814
80170c1a96747451,https://gt.linkedin.com/jobs/view/dependiente-de-tienda-en-aeropuerto-at-wakami-global-4445251363,Dependiente de Tienda en Aeropuerto,,scraped,2026-07-28T11:24:22.854607,
497a6f0ff8c44d3d,https://gt.linkedin.com/jobs/view/paid-media-at-la-hora-4445278535,Paid media,,scraped,2026-07-28T11:24:30.016366,
81c6b1141b5703c4,https://gt.linkedin.com/jobs/view/ingeniero-de-soporte-en-redes-at-sisap-4444611738,Ingeniero de Soporte En Redes,SISAP,posted,2026-07-28T11:24:49.946564,2816
74749eb145b4a5b2,https://gt.linkedin.com/jobs/view/asesor-de-servicios-y-repuestos-para-oriente-at-canella-s-a-4445994133,Asesor de Servicios y Repuestos para Oriente,,scraped,2026-07-28T11:24:52.648617,
464b3db2148b573f,https://gt.linkedin.com/jobs/view/asesor-de-ventas-t%C3%A9cnicas-at-identity-guatemala-4442884840,Asesor de Ventas Técnicas,,scraped,2026-07-28T11:24:59.931646,
291611a0592b05e5,https://gt.linkedin.com/jobs/view/ejecutivo-de-ventas-soluciones-digitales-para-escuintla-at-canella-s-a-4443951311,EJECUTIVO DE VENTAS SOLUCIONES DIGITALES PARA ESCUINTLA,,scraped,2026-07-28T11:25:16.841421,
2cd24d6a856179fa,https://gt.linkedin.com/jobs/view/erhco-park-la-aventura-at-inmobiliaria-adri-s-a-4443236265,Erhco Park La Aventura,"Inmobiliaria Adri, S.A",posted,2026-07-28T11:25:40.552074,2818
a9173ddf4b5471d7,https://gt.linkedin.com/jobs/view/asesor-a-de-servicio-suplente-en-zona-costa-sur-at-bam-4446192529,ASESOR/A DE SERVICIO SUPLENTE EN ZONA COSTA SUR,,scraped,2026-07-28T11:25:45.257127,
7053856b9e512e22,https://gt.linkedin.com/jobs/view/property-manager-at-cs-outsource-4441744045,Property Manager,CS Outsource,posted,2026-07-28T11:25:58.280852,2820
fb96f505033b7dd4,https://gt.linkedin.com/jobs/view/contable-de-empresa-4436860860,Contable de empresa,Despacho Contable Fiscal Tax Solutions,posted,2026-07-28T11:26:06.653309,2822
f163ce08adaf274b,https://gt.linkedin.com/jobs/view/asesor-a-integral-en-agencia-petapa-at-bam-4444723977,ASESOR/A INTEGRAL EN AGENCIA PETAPA,,scraped,2026-07-28T11:26:11.196486,
ddf8988ca39ec22f,https://gt.linkedin.com/jobs/view/ejecutivo-de-ventas-jr-at-personnel-jobs-4445249707,Ejecutivo de Ventas Jr,,scraped,2026-07-28T11:26:17.667553,
64bb0ac34a2c2559,https://gt.linkedin.com/jobs/view/business-analyst-mhw-at-telus-digital-4443891786,Business Analyst MHW,,scraped,2026-07-28T11:26:24.607817,
4ef071eaa8e88bd1,https://gt.linkedin.com/jobs/view/bartender-1890-bowling-portales-at-spectrum-4441843697,Bartender (1890 Bowling - Portales),,scraped,2026-07-28T11:26:31.380793,
f44c51f549423be0,https://gt.linkedin.com/jobs/view/asistente-meal-de-acciones-anticipatorias-at-international-rescue-committee-4446113801,Asistente MEAL de Acciones Anticipatorias,International Rescue Committee,posted,2026-07-28T11:26:45.612978,2824
08f1410f945f7e3a,https://gt.linkedin.com/jobs/view/desarrollador-de-negocios-para-proyectos-arquitect%C3%B3nicos-4446139782,Desarrollador de Negocios para Proyectos Arquitectónicos,Xpel Guatemala,posted,2026-07-28T11:26:55.128991,2826
8e8dfaff4acd5fd4,https://gt.linkedin.com/jobs/view/vendedor-de-maquinaria-pesada-at-class-equipos-y-construcciones-de-guatemala-s-a-4445977053,Vendedor de Maquinaria Pesada,,scraped,2026-07-28T11:26:59.815640,
e7cf4db1590b71b3,https://gt.linkedin.com/jobs/view/automation-analyst-at-atento-4441814977,Automation Analyst,Atento,posted,2026-07-28T11:27:20.168505,2828
78e39416a7c1c2ca,https://gt.linkedin.com/jobs/view/jefe-de-calidad-acer%C3%ADa-at-grupo-ag-4443437236,Jefe de Calidad Acería,,scraped,2026-07-28T11:27:24.962836,
d18f4288e9f5d26a,https://gt.linkedin.com/jobs/view/especialista-en-aseguramiento-de-calidad-curador-qa-ia-at-grupo-financiero-banrural-4443873524,Especialista en Aseguramiento de Calidad (Curador QA IA),,scraped,2026-07-28T11:27:32.310873,
39e6958c014765b3,https://gt.linkedin.com/jobs/view/analista-de-operaciones-zona-10-at-global-people-4444733447,Analista de Operaciones-zona 10,,scraped,2026-07-28T11:27:38.885561,
82376f23018dd391,https://gt.linkedin.com/jobs/view/t%C3%A9cnico-en-telecomunicaciones-at-siasa-4444468672,Técnico en telecomunicaciones,Siasa,posted,2026-07-28T11:27:53.351266,2830
32cb7fbb223ca7fc,https://gt.linkedin.com/jobs/view/senior-manager-business-product-management-at-conduent-4445304649,"Senior Manager, Business Product Management",Conduent,posted,2026-07-28T11:28:03.236753,2832
36400b63f0e253dc,https://gt.linkedin.com/jobs/view/senior-automation-tester-in-js-at-epam-systems-4443254417,Senior Automation Tester in JS,EPAM Systems,posted,2026-07-28T11:28:13.896944,2834
bc2ddb317d9103ff,https://gt.linkedin.com/jobs/view/arquitecto-asesor-de-interiores-at-saxs-guatemala-%C2%AE-4445154480,ARQUITECTO ASESOR DE INTERIORES,,scraped,2026-07-28T11:28:16.672716,
6338d6d63e70fa83,https://gt.linkedin.com/jobs/view/operador-a-i-ciudad-guatemala-at-cargill-4436758801,Operador(a) I - Ciudad Guatemala,Cargill,posted,2026-07-28T11:28:31.105805,2836
c2ee437ed9d957b2,https://gt.linkedin.com/jobs/view/senior-automation-qa-engineer-id72469-at-agileengine-4443727096,Senior Automation QA Engineer ID72469,AgileEngine,posted,2026-07-28T11:28:38.669123,2728
56a5d1bd6bc88c99,https://gt.linkedin.com/jobs/view/salesforce-administrator-cx-systems-specialist-at-veta-virtual-4444689000,Salesforce Administrator & CX Systems Specialist,,scraped,2026-07-28T11:28:41.310812,
5d3e0511ad4d3ada,https://gt.linkedin.com/jobs/view/business-development-executive-datech-solutions-at-td-synnex-4442379409,Business Development Executive (Datech Solutions),TD SYNNEX,posted,2026-07-28T11:28:53.936921,2838
54a4ac9ee6535741,https://gt.linkedin.com/jobs/view/ingeniero-preventa-gcp-at-servinformaci%C3%B3n-4443425370,Ingeniero Preventa GCP,Servinformación,posted,2026-07-28T11:29:07.555174,2840
861dbaa742ff728e,https://gt.linkedin.com/jobs/view/data-engineer-senior-etl-python%2Bsnowflake-remote-latin-am%C3%A9rica-at-bluelight-4445634757,"Data Engineer (Senior) - ETL (Python+Snowflake) - Remote, Latin América",Bluelight,posted,2026-07-28T11:29:21.294085,2842
710ebce8404d0a94,https://gt.linkedin.com/jobs/view/eb5-escape-contemporary-stay-san-marcos-la-laguna-%235-at-inmobiliaria-adri-s-a-4443237289,"EB5 Escape-Contemporary Stay, San Marcos La Laguna #5","Inmobiliaria Adri, S.A",posted,2026-07-28T11:29:38.577392,2844
94950a69f281f728,https://gt.linkedin.com/jobs/view/jefe-de-construcci%C3%B3n-at-courban-desarrollando-convivencia-urbana-4427024998,Jefe de Construcción,COURBAN - Desarrollando Convivencia Urbana,posted,2026-07-28T11:29:49.230863,2846
726be81e7a626868,https://gt.linkedin.com/jobs/view/software-engineer-in-test-at-empresa-confidencial-4444990645,Software Engineer in Test,Empresa Confidencial,posted,2026-07-28T11:30:00.591830,2848
270dd0a244343e04,https://gt.linkedin.com/jobs/view/senior-lead-full-stack-engineer-id79144-at-agileengine-4443721220,Senior/Lead Full Stack Engineer ID79144,AgileEngine,posted,2026-07-28T11:30:10.835962,2850
572f978fb017a4b4,https://gt.linkedin.com/jobs/view/senior-data-engineer-id71670-at-agileengine-4443973971,Senior Data Engineer ID71670,AgileEngine,posted,2026-07-28T11:30:20.797714,2852
2d04fd101e8ec905,https://gt.linkedin.com/jobs/view/energy-supply-solutions-specialist-at-telus-digital-4416644912,Energy Supply Solutions Specialist,,scraped,2026-07-28T11:30:25.598474,
ea178e9f6002d0a2,https://gt.linkedin.com/jobs/view/asesor-de-ventas-metalmecanica-at-industrias-metalicas-de-corte-s-a-4445226270,Asesor de Ventas Metalmecanica,Industrias Metalicas de Corte S.A.,posted,2026-07-28T11:30:34.704043,547
08153eb3e84bd88e,https://gt.linkedin.com/jobs/view/devsecops-engineer-at-sysesa-4445220727,DevSecOps Engineer,,scraped,2026-07-28T11:30:37.274697,
3445c7d448121b23,https://gt.linkedin.com/jobs/view/asesor-de-ventas-metalmecanica-at-industrias-metalicas-de-corte-s-a-4445216395,Asesor de Ventas Metalmecanica,Industrias Metalicas de Corte S.A.,posted,2026-07-28T11:30:47.210214,547
c7d19884759dadcb,https://gt.linkedin.com/jobs/view/t%C3%A9cnico-a-de-refrigeraci%C3%B3n-ciudad-guatemala-at-cargill-4442325106,Técnico(a) de Refrigeración - Ciudad Guatemala,Cargill,posted,2026-07-28T11:30:57.034392,2854
fe40408641f75003,https://gt.linkedin.com/jobs/view/m%C3%A9dico-general-sede-piace-escuintla-at-bantrab-4446142641,Médico General Sede  Piace Escuintla,Bantrab,posted,2026-07-28T11:31:10.808156,2856
f4ec57206ba02d3b,https://gt.linkedin.com/jobs/view/nodejs-application-architect-at-applaudo-4445954708,NodeJS Application Architect,,scraped,2026-07-28T11:31:13.511740,
368acadc8e73293f,https://gt.linkedin.com/jobs/view/devops-engineer-senior-at-deloitte-4443399831,DevOps Engineer Senior,Deloitte,posted,2026-07-28T11:31:29.767046,2858
eb301f03fac101ae,https://gt.linkedin.com/jobs/view/encargado-de-administraci%C3%B3n-de-bodegas-at-corporaci%C3%B3n-multi-inversiones-4442880584,Encargado de Administración de Bodegas,CMI-Corporación Multi Inversiones,posted,2026-07-29T11:14:24.084589,2860
0dfd7dd975ebf1ab,https://gt.linkedin.com/jobs/view/recepcionista-at-dopsa-4446536290,Recepcionista,DOPSA,posted,2026-07-29T11:14:36.615844,2862
36d19dcaff019209,https://gt.linkedin.com/jobs/view/digitadores-at-conecta-reclutamiento-4446517947,DIGITADORES,Conecta Reclutamiento,posted,2026-07-29T11:14:51.387425,2864
2d45f2cc43d933c1,https://gt.linkedin.com/jobs/view/jefe-de-operaciones-at-corporaci%C3%B3n-multi-inversiones-4441843524,Jefe de Operaciones,CMI-Corporación Multi Inversiones,posted,2026-07-29T11:15:01.753407,2512
da1826bca9c5121a,https://gt.linkedin.com/jobs/view/asistente-administrativa-de-imprenta-instituci%C3%B3n-educativa-at-grupo-helvetica-4446178215,Asistente Administrativa de imprenta /Institución Educativa,Grupo Helvetica,posted,2026-07-29T11:15:12.466956,2866
9f2df5bfb2d035cd,https://gt.linkedin.com/jobs/view/cajero-at-servicat-4442314145,Cajero,,scraped,2026-07-29T11:15:15.339318,
e7176b828ae7ed8d,https://gt.linkedin.com/jobs/view/piloto-at-navaru-empresarial-4446522644,Piloto,,scraped,2026-07-29T11:15:29.978784,
1bc048ce1d33d6e0,https://gt.linkedin.com/jobs/view/sales-hunter-at-stactory-4446199957,Sales Hunter,Stactory,posted,2026-07-29T11:15:41.409534,2868
4766eb65f49ffeca,https://gt.linkedin.com/jobs/view/talent-quality-auditor-remote-work-at-bairesdev-4445773261,Talent Quality Auditor - Remote Work,BairesDev,posted,2026-07-29T11:15:51.371637,2870
021efc936ae509bc,https://gt.linkedin.com/jobs/view/hiring-journey-analyst-remote-work-at-bairesdev-4446359035,Hiring Journey Analyst - Remote Work,BairesDev,posted,2026-07-29T11:15:58.756483,897
c143b98c00c464c5,https://gt.linkedin.com/jobs/view/gerente-de-ventas-canal-tradicional-at-colombina-4441579415,Gerente de Ventas Canal Tradicional,,scraped,2026-07-29T11:16:01.625060,
884cff8ad742fe6f,https://gt.linkedin.com/jobs/view/jefe-corporativo-de-canales-comerciales-zona-9-at-identity-guatemala-4441863023,Jefe Corporativo de Canales Comerciales / Zona 9,,scraped,2026-07-29T11:16:10.723756,
54b8359c31476f2f,https://gt.linkedin.com/jobs/view/jefe-de-desarrollo-de-negocios-y-gesti%C3%B3n-de-productos-at-identity-guatemala-4442309987,Jefe de Desarrollo de Negocios y Gestión de Productos,,scraped,2026-07-29T11:16:24.900963,
4816fc1ab1cf8a9c,https://gt.linkedin.com/jobs/view/asistente-de-presidencia-con-atenci%C3%B3n-al-cliente-at-grupo-cfe-4445257634,Asistente de Presidencia con Atención al Cliente,Grupo CFE,posted,2026-07-29T11:16:48.728231,2872
7c601fd1589e8ad3,https://gt.linkedin.com/jobs/view/asistente-de-rrhh-at-identity-guatemala-4442846608,Asistente de RRHH,,scraped,2026-07-29T11:16:51.308585,
a5030f125253f9e1,https://gt.linkedin.com/jobs/view/pre-vendedor-1-at-corporaci%C3%B3n-multi-inversiones-4442869313,Pre Vendedor 1,CMI-Corporación Multi Inversiones,posted,2026-07-29T11:17:18.198509,2874
7f638d2f1542d9a8,https://gt.linkedin.com/jobs/view/project-manager-junior-de-soluciones-tecnol%C3%B3gicas-at-blanco-silva-consultor%C3%ADa-inform%C3%A1tica-bsci-4445750421,Project Manager Junior de Soluciones Tecnológicas,,scraped,2026-07-29T11:17:20.936220,
d5e8d4555a255451,https://gt.linkedin.com/jobs/view/sub-director-de-operaciones-at-se7en-group-s-a-4443441291,Sub Director de Operaciones,,scraped,2026-07-29T11:17:29.629691,
112eee0b2bdc0dd4,https://gt.linkedin.com/jobs/view/asistente-contable-at-reclutamiento-global-4446175239,Asistente  contable,RECLUTAMIENTO GLOBAL,posted,2026-07-29T11:17:44.002021,439
fbe398c6dc5d612b,https://gt.linkedin.com/jobs/view/jefe-de-ventas-para-empresa-de-eventos-at-identity-guatemala-4443297052,Jefe de Ventas para empresa de eventos,,scraped,2026-07-29T11:17:48.951415,
532c429304c7f8d5,https://gt.linkedin.com/jobs/view/soporte-de-it-at-sapiens-guatemala-4445792584,Soporte de IT,,scraped,2026-07-29T11:18:02.358214,
c887dd8c3c227f7f,https://gt.linkedin.com/jobs/view/ejecutivo-de-compras-at-rh-inmova-4445284393,Ejecutivo de Compras,RH INMOVA,posted,2026-07-29T11:18:23.931949,2876
43dd9ce133044b20,https://gt.linkedin.com/jobs/view/key-account-manager-canal-moderno-at-hrm-consulting-4445164980,Key Account Manager - Canal Moderno,,scraped,2026-07-29T11:18:26.607714,
e6c5cc75f1883031,https://gt.linkedin.com/jobs/view/innovation-project-manager-fmcg-at-capgemini-4446132288,Innovation Project Manager (FMCG),,scraped,2026-07-29T11:18:33.618155,
bfe73720c2e1e6ce,https://gt.linkedin.com/jobs/view/creativo-de-redes-sociales-at-navaru-empresarial-4446519830,Creativo de Redes Sociales,,scraped,2026-07-29T11:18:46.851232,
9a476fc887579189,https://gt.linkedin.com/jobs/view/coordinador-a-de-ti-at-ghl-4443618388,COORDINADOR(A) DE TI -,,scraped,2026-07-29T11:18:55.336645,
fbcc171c58cb3a1b,https://gt.linkedin.com/jobs/view/freelance-grabaci%C3%B3n-de-tareas-cotidianas-para-proyecto-de-ia-at-mindrift-data-annotation-projects-4446322433,Freelance: grabación de tareas cotidianas para proyecto de IA,Mindrift Data Annotation Projects,posted,2026-07-29T11:19:08.945526,2878
55f572436357992d,https://gt.linkedin.com/jobs/view/freelance-grabaci%C3%B3n-de-tareas-cotidianas-para-proyecto-de-ia-at-mindrift-data-annotation-projects-4446317938,Freelance: grabación de tareas cotidianas para proyecto de IA,Mindrift Data Annotation Projects,scraped,2026-07-29T11:19:13.163977,
42df10481a7356c1,https://gt.linkedin.com/jobs/view/jefe-de-almacenadora-at-grupo-clc-4441568365,Jefe de Almacenadora,,scraped,2026-07-29T11:19:23.987311,
71943a96ba3669ba,https://gt.linkedin.com/jobs/view/auxiliar-de-mercadeo-at-alaisa-4444683942,Auxiliar de Mercadeo,,scraped,2026-07-29T11:19:31.082789,
2582c1c35c28faef,https://gt.linkedin.com/jobs/view/coordinador-a-para-el-proyecto-%E2%80%9Cplataforma-nacional-de-acci%C3%B3n-sobre-los-pl%C3%A1sticos-de-guatemala-%E2%80%93-npap%E2%80%9D-at-iucn-world-commission-on-environmental-law-4446167298,Coordinador/a para el proyecto “Plataforma Nacional de Acción sobre los Plásticos de Guatemala – NPAP”,,scraped,2026-07-29T11:19:38.029106,
0666717c9f8b1473,https://gt.linkedin.com/jobs/view/jefe-de-laboratorio-at-salud-digna-4444992707,Jefe de Laboratorio,Salud Digna,posted,2026-07-29T11:20:35.094848,2880
a735575c642e66d6,https://gt.linkedin.com/jobs/view/operador-de-tienda-en-l%C3%ADnea-a-tiempo-parcial-megapaca-at-megapaca-4445768198,Operador de Tienda en Línea a tiempo parcial / Megapaca,,scraped,2026-07-29T11:20:37.691492,
95472acc7cfc7d96,https://gt.linkedin.com/jobs/view/mec%C3%A1nico-diesel-motores-hino-isuzu-kia-zona-7-at-didelasa-4446171615,Mecánico Diesel - Motores Hino Isuzu Kia - zona 7,DIDELASA,posted,2026-07-29T11:20:56.407033,2882
076e58d270d2bf2e,https://gt.linkedin.com/jobs/view/supervisor-de-ventas-%E2%80%93-tarjetas-de-cr%C3%A9dito-at-identity-guatemala-4443654163,Supervisor de Ventas – Tarjetas de Crédito,,scraped,2026-07-29T11:20:59.095549,
f9f23a9ad2d37e6b,https://gt.linkedin.com/jobs/view/analista-comercial-at-grupo-profarmaco-4446585093,Analista comercial,,scraped,2026-07-29T11:21:11.063130,
31eba1e875d52052,https://gt.linkedin.com/jobs/view/contador-general-con-experiencia-en-impuestos-sap-bo-at-grupo-cfe-4445253807,Contador General con experiencia en Impuestos - SAP BO,Grupo CFE,posted,2026-07-29T11:21:29.972738,2884
3c2d57e397bd5856,https://gt.linkedin.com/jobs/view/coordinador-de-operaciones-retail-at-casa-m%C3%A9dica-4446109566,Coordinador de Operaciones Retail,,scraped,2026-07-29T11:21:32.793868,
a4b25f931510cb31,https://gt.linkedin.com/jobs/view/creador-a-de-contenido-pov-para-ia-remoto-at-mindrift-data-annotation-projects-4446356660,Creador(a) de Contenido POV para IA - Remoto,Mindrift Data Annotation Projects,posted,2026-07-29T11:21:46.810784,2886
db001b4270432d60,https://gt.linkedin.com/jobs/view/key-account-manager-kam-at-canella-s-a-4446391821,Key Account Manager (KAM),,scraped,2026-07-29T11:21:49.595041,
24a46867870b5e62,https://gt.linkedin.com/jobs/view/empleado-de-cuentas-por-pagar-at-tecniaceros%C2%AE-4444705436,Empleado de cuentas por pagar,,scraped,2026-07-29T11:21:56.713153,
728e28cab6a61bb5,https://gt.linkedin.com/jobs/view/monitor-de-cctv-at-pani-fresh-4446377724,MONITOR DE CCTV,,scraped,2026-07-29T11:22:03.846810,
2264057bdfff248f,https://gt.linkedin.com/jobs/view/asistente-de-calidad-y-garant%C3%ADas-estudiante-de-arquitectura-o-ingeniero-civil-at-intepro-4446346131,Asistente de Calidad y Garantías ( Estudiante de Arquitectura o ingeniero civil),,scraped,2026-07-29T11:22:21.685633,
d01417edaa05af70,https://gt.linkedin.com/jobs/view/asesor-comercial-b2c-region-oriente-at-canella-s-a-4445245992,ASESOR COMERCIAL B2C REGION ORIENTE,,scraped,2026-07-29T11:22:31.142537,
3d3e0bd2f01d8a94,https://gt.linkedin.com/jobs/view/operario-de-incubaci%C3%B3n-at-corporaci%C3%B3n-multi-inversiones-4443605389,Operario de Incubación,CMI-Corporación Multi Inversiones,posted,2026-07-29T11:22:51.137593,2888
b0da9e795ee57060,https://gt.linkedin.com/jobs/view/contador-general-at-mavsa-alquiler-y-ventas-de-maquinaria-para-construccion-4446339132,Contador General,MAVSA - Alquiler y Ventas de maquinaria para construccion,posted,2026-07-29T11:23:07.989263,893
df729b786bdd6110,https://gt.linkedin.com/jobs/view/especialista-en-formulaci%C3%B3n-de-alimentos-balanceados-at-corporaci%C3%B3n-alisa-4446386994,Especialista en Formulación de Alimentos Balanceados,Corporación Alisa,posted,2026-07-29T11:23:19.538812,2890
b3a938280bafacfb,https://gt.linkedin.com/jobs/view/accountant-real-estate-qbo-experience-at-howard-4446551972,Accountant (Real Estate - QBO experience),Howard,posted,2026-07-29T11:23:29.121233,2892
3dee495b5f78fd1c,https://gt.linkedin.com/jobs/view/coordinador-de-recursos-humanos-facturado-zona-9-at-triangulo-guatemala-4446533163,Coordinador de Recursos humanos facturado zona 9,Triangulo Guatemala,posted,2026-07-29T11:23:38.184269,2894
863a67e9c4d2fd56,https://gt.linkedin.com/jobs/view/asesor-comercial-de-servicios-log%C3%ADsticos-at-workly-4446311811,Asesor Comercial de Servicios Logísticos,,scraped,2026-07-29T11:23:52.766057,
c1b112caf6eff5f3,https://gt.linkedin.com/jobs/view/procurement-category-manager-it-telecom-networks-guatemala-at-telus-digital-4446119941,"Procurement Category Manager, IT & Telecom Networks - Guatemala",,scraped,2026-07-29T11:23:59.193349,
7dc2b3a6db86e485,https://gt.linkedin.com/jobs/view/auxiliar-contable-bilingue-at-identity-guatemala-4443650255,Auxiliar Contable Bilingue,,scraped,2026-07-29T11:24:06.308018,
68e529779df73113,https://gt.linkedin.com/jobs/view/talent-acquisition-manager-at-vana-4443955150,Talent Acquisition Manager,,scraped,2026-07-29T11:24:20.194930,
413e01e7ac3d8454,https://gt.linkedin.com/jobs/view/senior-de-auditor%C3%ADa-externa-at-bdo-in-guatemala-4440876497,Senior de Auditoría Externa,,scraped,2026-07-29T11:24:29.089378,
a31c054d24331c3c,https://gt.linkedin.com/jobs/view/sr-accountant-vacation-rental-portfolio-us-experience-at-howard-4446556928,Sr. Accountant (Vacation Rental Portfolio - US Experience),Howard,posted,2026-07-29T11:24:42.177057,2710
2349fa8cd3164ff0,https://gt.linkedin.com/jobs/view/specialty-care-unit-manager-at-exeltis-4443604294,Specialty Care Unit Manager,,scraped,2026-07-29T11:24:44.830247,
59a0c75ee51f6d9f,https://gt.linkedin.com/jobs/view/contador-a-jr-at-joint-venture-c-a-4425646139,Contador(a) Jr.,"Joint Venture, C. A.",posted,2026-07-29T11:25:05.603216,2896
a909e789c6809929,https://gt.linkedin.com/jobs/view/marketing-program-manager-6-months-contract-at-goto-4446504620,Marketing Program Manager - 6 Months Contract,GoTo,posted,2026-07-29T11:25:15.153026,2898
808a868197acee77,https://gt.linkedin.com/jobs/view/logistics-coordinator-pm-shift-at-lean-solutions-group-4446142605,Logistics Coordinator - PM Shift,Lean Solutions Group,posted,2026-07-29T11:25:24.292389,2900
2c512222f089cb94,https://gt.linkedin.com/jobs/view/residente-de-proyecto-obra-gris-at-desarrolladora-bloque-4446141663,Residente de Proyecto/obra gris,Desarrolladora Bloque,posted,2026-07-29T11:25:37.067949,2902
afc4c64b479c4de0,https://gt.linkedin.com/jobs/view/analista-de-costos-e-importaciones-at-happymondays-com-gt-4446334594,Analista de Costos e Importaciones,,scraped,2026-07-29T11:25:39.840728,
bc8147193c4234c5,https://gt.linkedin.com/jobs/view/contador-at-rsm-guatemala-4445988793,Contador,,scraped,2026-07-29T11:25:51.018944,
621fb84d9aa0dc97,https://gt.linkedin.com/jobs/view/secretaria-recepcionista-at-grupo-distefano-4446308630,Secretaria Recepcionista,Grupo Distefano,posted,2026-07-29T11:26:08.876188,2904
008968146a070863,https://gt.linkedin.com/jobs/view/t%C3%A9cnico-jr-de-taller-de-drones-at-canella-s-a-4445980244,TÉCNICO JR. DE TALLER DE DRONES,,scraped,2026-07-29T11:26:11.717692,
73fc9705c958a66f,https://gt.linkedin.com/jobs/view/especialista%E2%80%AFestructurador-at-bam-4445126758,Especialista Estructurador,,scraped,2026-07-29T11:26:20.771503,
62daaf1f0eeaa8da,https://gt.linkedin.com/jobs/view/documentista-de-empaque-temporal-at-eurofarma-4446305711,Documentista de Empaque Temporal,,scraped,2026-07-29T11:26:27.758926,
1e541dddb0ae0523,https://gt.linkedin.com/jobs/view/electricista-at-cervecer%C3%ADa-ambev-4446399252,Electricista,Cervecería Ambev,posted,2026-07-29T11:26:42.201741,1658
58dad2b3a0dd06c2,https://gt.linkedin.com/jobs/view/paid-search-specialist-at-bav-group-m%C3%A9xico-4444254629,Paid Search Specialist,,scraped,2026-07-29T11:26:44.957674,
88d9c23e1d04f69d,https://gt.linkedin.com/jobs/view/idb-invest-institutional-and-corporate-legal-affairs-division-compliance-officer-at-idb-invest-4442334115,IDB Invest - Institutional and Corporate Legal Affairs Division - Compliance Officer,BID Invest,posted,2026-07-29T11:26:57.965931,2906
a6d96012c4d1061c,https://gt.linkedin.com/jobs/view/cloud-automation-engineer-all-latam-remote-at-oceans-code-experts-4443938620,"Cloud Automation Engineer | All LatAm, remote",Oceans Code Experts,posted,2026-07-29T11:27:07.912389,2908
457dcfb58ee40cff,https://gt.linkedin.com/jobs/view/technical-support-specialist-at-telus-digital-4446199757,Technical Support Specialist,,scraped,2026-07-29T11:27:10.765118,
13737fa40b6689cc,https://gt.linkedin.com/jobs/view/recepcionista-y-asistente-administrativa-zona-4-at-global-people-4444731550,Recepcionista y Asistente Administrativa-zona 4,,scraped,2026-07-29T11:27:21.865197,
8826b44449d80823,https://gt.linkedin.com/jobs/view/ejecutivo-iii-de-adquirencia-empresas-adq-en-unidad-de-desarrollo-de-negocios-at-bam-4446379852,EJECUTIVO III DE ADQUIRENCIA EMPRESAS (ADQ) EN UNIDAD DE DESARROLLO DE NEGOCIOS,,scraped,2026-07-29T11:27:30.205698,
eb3f21d99735ac6e,https://gt.linkedin.com/jobs/view/ejecutivo-de-ventas-at-the-andres-talent-4445414947,Ejecutivo de ventas,The Andres Talent,posted,2026-07-29T11:27:40.569519,201
8205b7a4135b781e,https://gt.linkedin.com/jobs/view/especialista-de-bodega-at-zoomlion-4446392232,Especialista de Bodega,,scraped,2026-07-29T11:27:43.355555,
273b8200030320a6,https://gt.linkedin.com/jobs/view/asesor-de-inversiones-mazatenango-at-idc-network-4446526545,Asesor de Inversiones Mazatenango,,scraped,2026-07-29T11:27:50.427769,
b187426a0e6bf52b,https://gt.linkedin.com/jobs/view/medical-spanish-interpreters-opi-vri-per-login-hour-full-time-at-intelex-4446164066,Medical Spanish Interpreters (OPI/VRI)| Per login Hour | full time,INTELEX,posted,2026-07-29T11:28:06.126033,2910
0f99ca13ed28863a,https://gt.linkedin.com/jobs/view/desarrollador-junior-oracle-forms-at-bantrab-4446124944,Desarrollador Junior Oracle Forms,Bantrab,posted,2026-07-29T11:28:20.893168,2912
dd3fcf2f3be035c7,https://gt.linkedin.com/jobs/view/analista-i-de-canales-digitales-en-unidad-de-estrategia-beg-at-bam-4446394244,ANALISTA I DE CANALES DIGITALES EN UNIDAD DE ESTRATEGIA BEG,,scraped,2026-07-29T11:28:25.592987,
c3b24bf6ed4d6298,https://gt.linkedin.com/jobs/view/agentes-de-ventas-de-extrafinanciamiento-at-banco-gyt-continental-4445772370,Agentes de Ventas de Extrafinanciamiento,,scraped,2026-07-29T11:28:31.977515,
6d98cb2ced014834,https://gt.linkedin.com/jobs/view/pov-video-recording-job-cooking-cleaning-daily-tasks-at-mindrift-data-annotation-projects-4443273500,"POV Video Recording Job - Cooking, Cleaning, Daily Tasks",Mindrift Data Annotation Projects,posted,2026-07-29T11:28:45.925933,2914
c868755118667917,https://gt.linkedin.com/jobs/view/senior-solutions-engineer-bilingual-saas-cx-at-eficsa-4446325882,Senior Solutions Engineer (Bilingual - SaaS/CX),,scraped,2026-07-29T11:28:50.664443,
1d7af38cdc8e0cd8,https://gt.linkedin.com/jobs/view/supervisor-de-almac%C3%A9n-y-transporte-at-premium-restaurants-of-america-4444987544,Supervisor de Almacén y Transporte,Premium Restaurants of America,posted,2026-07-29T11:29:10.527876,2916
b82246e8a1739f60,https://gt.linkedin.com/jobs/view/ejecutivo-de-negocios-y-servicios-sr-zona-15-5608-49058-at-grupo-ficohsa-hn-4444234237,EJECUTIVO DE NEGOCIOS Y SERVICIOS SR: ZONA 15 (5608)(49058),Grupo Ficohsa HN,posted,2026-07-29T11:29:21.325969,2918
6928b3b41b31fdc1,https://gt.linkedin.com/jobs/view/customer-experience-associate-iii-at-conduent-4446547852,Customer Experience Associate III,Conduent,posted,2026-07-29T11:29:30.616248,2920
ad62fd4831ab5daa,https://gt.linkedin.com/jobs/view/customer-experience-associate-ii-at-conduent-4446356367,Customer Experience Associate II,Conduent,posted,2026-07-29T11:29:37.450865,751
64878da6d6f5018a,https://gt.linkedin.com/jobs/view/asesor-de-venta-de-motocicletas-yamaha-vistares-at-canella-s-a-4446391820,Asesor de Venta de Motocicletas - Yamaha Vistares,,scraped,2026-07-29T11:29:44.241159,
26e63b1d70741b39,https://gt.linkedin.com/jobs/view/emisor-de-p%C3%B3lizas-zona-10-at-grupo-ficohsa-gt-4445438248,EMISOR DE PÓLIZAS:  ZONA 10,Grupo Ficohsa GT,posted,2026-07-29T11:30:03.604806,2922
d0e288a9379d6d78,https://gt.linkedin.com/jobs/view/screening-operations-specialist-at-toptal-4445639448,Screening Operations Specialist,Toptal,posted,2026-07-29T11:30:13.149493,2924
8410df1242371ff2,https://gt.linkedin.com/jobs/view/customer-experience-associate-iii-at-conduent-4446554699,Customer Experience Associate III,Conduent,scraped,2026-07-29T11:30:17.441115,
4b5d106d07f91792,https://gt.linkedin.com/jobs/view/supplier-onboarding-coordinator%E2%80%93-e-commerce-at-global-people-4444732371,Supplier Onboarding Coordinator– E-commerce,,scraped,2026-07-29T11:30:25.962401,
e753ab8d6aec2391,https://gt.linkedin.com/jobs/view/t%C3%A9cnico-de-revisiones-de-equipos-instalados-tins-at-manpowergroup-4443614761,Técnico de Revisiones de Equipos Instalados TINs,ManpowerGroup,posted,2026-07-29T11:30:41.015202,2926
4a6517ef08d01034,https://gt.linkedin.com/jobs/view/contador-jr-at-moda-en-casa-4446142862,Contador Jr,Moda En Casa,posted,2026-07-29T11:30:47.924473,519
1770284185f4046e,https://gt.linkedin.com/jobs/view/promotores-de-farmacias-at-iqvia-4446022562,Promotores de farmacias,IQVIA,posted,2026-07-29T11:31:03.435651,2928
24bdb2391075ce41,https://gt.linkedin.com/jobs/view/senior-python-data-engineer-at-3pillar-4446501492,Senior Python Data Engineer,3Pillar,posted,2026-07-29T11:31:14.938306,2930
6d60c891ebb6368a,https://gt.linkedin.com/jobs/view/senior-security-data-scientist-python-remote-work-at-bairesdev-4445741807,Senior Security Data Scientist (Python) - Remote Work,BairesDev,posted,2026-07-29T11:31:23.967690,1005
865ca7a6321f2e1e,https://gt.linkedin.com/jobs/view/business-development-manager-cybersecurity-cca-at-td-synnex-4443683183,Business Development Manager (CyberSecurity) - CCA,TD SYNNEX,posted,2026-07-29T11:31:36.003894,2932
d5efde1df17aaafb,https://gt.linkedin.com/jobs/view/transaction-processing-associate-ii-at-conduent-4444289367,Transaction Processing Associate II,Conduent,posted,2026-07-29T11:31:41.034429,431
54b2f88604fd8e21,https://gt.linkedin.com/jobs/view/transaction-processing-associate-ii-at-conduent-4446361228,Transaction Processing Associate II,Conduent,scraped,2026-07-29T11:31:45.400722,
011c13c3b3b104e5,https://gt.linkedin.com/jobs/view/transaction-processing-associate-ii-at-conduent-4446347677,Transaction Processing Associate II,Conduent,scraped,2026-07-29T11:31:49.534847,
9f75dec18ac5f95f,https://gt.linkedin.com/jobs/view/transaction-processing-associate-ii-at-conduent-4443279616,Transaction Processing Associate II,Conduent,scraped,2026-07-29T11:31:53.797482,
990b04a881288eae,https://gt.linkedin.com/jobs/view/transaction-processing-associate-ii-at-conduent-4443295285,Transaction Processing Associate II,Conduent,scraped,2026-07-29T11:31:58.401032,
c08579c1035ec381,https://gt.linkedin.com/jobs/view/transaction-processing-associate-ii-at-conduent-4443280565,Transaction Processing Associate II,Conduent,scraped,2026-07-29T11:32:02.613409,
a401a53043ff9c0e,https://gt.linkedin.com/jobs/view/application-security-engineer-checkmarx-sast-remote-work-at-bairesdev-4445176600,Application Security Engineer (Checkmarx / SAST) - Remote Work,BairesDev,posted,2026-07-29T11:32:11.956749,465
3fad1067087829f1,https://gt.linkedin.com/jobs/view/auxiliar-contable-at-el-mismo-precio-4446350447,Auxiliar contable,El Mismo Precio,posted,2026-07-29T11:32:19.581595,71
c02067b951ab5406,https://gt.linkedin.com/jobs/view/consultor%C3%ADa-t%C3%A9cnicos-as-de-proyecto-para-centros-educativos-de-primaria-priorizados-para-los-municipios-de-chiantla-santa-b%C3%A1rbara-huehuetenango-guatemala-at-fundaci%C3%B3n-ayuda-en-acci%C3%B3n-4446086102,"Consultoría - Técnicos/as de Proyecto para centros educativos de primaria priorizados, para los municipios de Chiantla, Santa Bárbara, Huehuetenango - Guatemala",,scraped,2026-07-30T10:39:38.233927,
f0e1e7b74f6b14af,https://gt.linkedin.com/jobs/view/asesor-de-rotativo-villa-nueva-at-punto-naranja-4446870953,Asesor de Rotativo Villa Nueva,,scraped,2026-07-30T10:39:45.511689,
666b8346acd21bd3,https://gt.linkedin.com/jobs/view/asistente-administrativo-a-y-servicio-al-cliente-at-joint-venture-co-4445273931,Asistente Administrativo(a) y Servicio al Cliente,Joint Venture &amp; Co.,posted,2026-07-30T10:40:03.202507,2934
f8e3fc1669659eab,https://gt.linkedin.com/jobs/view/asesor-rotativo-mixco-at-punto-naranja-4446891057,Asesor Rotativo Mixco,,scraped,2026-07-30T10:40:05.885011,
697750532a47767c,https://gt.linkedin.com/jobs/view/jefe-de-bodega-zona-12-at-identity-guatemala-4442892795,Jefe de Bodega / Zona 12,,scraped,2026-07-30T10:40:12.311097,
1cbb29763933c60c,https://gt.linkedin.com/jobs/view/operario-de-producci%C3%B3n-1-at-corporaci%C3%B3n-multi-inversiones-4442857370,Operario de Producción 1,CMI-Corporación Multi Inversiones,posted,2026-07-30T10:40:36.150254,2936
2407be4c025f8234,https://gt.linkedin.com/jobs/view/asesor-legal-at-central-agr%C3%ADcola-4445775070,Asesor Legal,,scraped,2026-07-30T10:40:38.796336,
c3977386f8ddf270,https://gt.linkedin.com/jobs/view/analista-cuentas-claves-at-coca-cola-femsa-4441818549,Analista Cuentas Claves,Coca-Cola FEMSA,posted,2026-07-30T10:41:08.279470,2938
db7d9cd2ff18c753,https://gt.linkedin.com/jobs/view/coordinador-de-comunicaci%C3%B3n-at-kalea-4444159046,Coordinador de Comunicación,,scraped,2026-07-30T10:41:10.900675,
3999c5f6fc767cab,https://gt.linkedin.com/jobs/view/soporte-it-junior-at-devel-systems-4446523626,SOPORTE IT JUNIOR,,scraped,2026-07-30T10:41:19.396801,
5e7383d50cad3476,https://gt.linkedin.com/jobs/view/auxiliar-de-c%C3%A1maras-at-corporaci%C3%B3n-multi-inversiones-4443622890,Auxiliar de Cámaras,CMI-Corporación Multi Inversiones,posted,2026-07-30T10:41:35.917415,2940
74e3dc1ff419b60e,https://gt.linkedin.com/jobs/view/gestor-de-calidad-iso-9001-2015-at-nutritec-4446456600,GESTOR  DE CALIDAD  ISO 9001;2015,,scraped,2026-07-30T10:41:42.538505,
5e7ba3ac57946b9a,https://gt.linkedin.com/jobs/view/t%C3%A9cnico-en-redes-y-cableado-estructurado-at-universidad-del-valle-de-guatemala-4446500360,Técnico en Redes y Cableado Estructurado,Universidad del Valle de Guatemala,posted,2026-07-30T10:43:02.570415,2942
8e22855a0691a37f,https://gt.linkedin.com/jobs/view/local-grants-at-langford-community-management-services-lcms-4446814096,Local Grants,Langford Community Management Services (LCMS),posted,2026-07-30T10:43:12.378525,2944
4cfdd2f8d7547759,https://gt.linkedin.com/jobs/view/conserje-masculino-at-universidad-da-vinci-de-guatemala-4446444137,Conserje Masculino,,scraped,2026-07-30T10:43:16.957960,
9a52e7b172a59a2e,https://gt.linkedin.com/jobs/view/executive-recruiter-remote-work-at-bairesdev-4446407248,Executive Recruiter - Remote Work,BairesDev,posted,2026-07-30T10:43:26.407966,1143
c2f312bceb4de351,https://gt.linkedin.com/jobs/view/piloto-at-compro-s-a-4446597891,Piloto,,scraped,2026-07-30T10:43:30.004772,
40f147e958e2a8db,https://gt.linkedin.com/jobs/view/repartidor-at-corporaci%C3%B3n-multi-inversiones-4444131913,Repartidor,CMI-Corporación Multi Inversiones,posted,2026-07-30T10:43:44.366829,1536
b1ded165e9637e5e,https://gt.linkedin.com/jobs/view/executive-recruiter-remote-work-at-bairesdev-4446404181,Executive Recruiter - Remote Work,BairesDev,posted,2026-07-30T10:43:49.256923,1143
e78f84081bbcd650,https://gt.linkedin.com/jobs/view/creador-de-contenido-jr-at-ecopower-efici%C3%AAncia-energ%C3%A9tica-4446533420,Creador de contenido Jr,EcoPower - Eficiência Energética,posted,2026-07-30T10:44:00.303749,2946
fe03aeaa24553ea9,https://gt.linkedin.com/jobs/view/bodeguero-repartidor-zona-1-at-grupo-cfe-4445292079,Bodeguero Repartidor - Zona 1,Grupo CFE,posted,2026-07-30T10:44:14.117157,2948
76391dc665116275,https://gt.linkedin.com/jobs/view/auxiliar-de-bodega-megapaca-plaza-las-ca%C3%B1as-zona-10-at-megapaca-4444852081,Auxiliar de bodega Megapaca Plaza Las Cañas zona 10,,scraped,2026-07-30T10:44:16.724270,
09a1f9990615d46a,https://gt.linkedin.com/jobs/view/encargado-de-it-at-identity-guatemala-4443638956,Encargado de IT,,scraped,2026-07-30T10:45:27.475070,
ed7dcfcab1c2c771,https://gt.linkedin.com/jobs/view/administrador-de-cartera-y-cobros-at-identity-guatemala-4443651240,Administrador de Cartera y Cobros,,scraped,2026-07-30T10:45:38.570235,
6950b9b4b71f6f3c,https://gt.linkedin.com/jobs/view/auxiliar-de-limpieza-zona-1-at-identity-guatemala-4442377184,Auxiliar de Limpieza / Zona 1,,scraped,2026-07-30T10:45:48.859034,
5dddc3bd5b655f9e,https://gt.linkedin.com/jobs/view/coordinador-de-investigaciones-e-inteligencia-at-coca-cola-femsa-4444177588,Coordinador de Investigaciones e inteligencia,Coca-Cola FEMSA,posted,2026-07-30T10:46:10.987536,2950
cfc07e0027b2ec08,https://gt.linkedin.com/jobs/view/community-manager-y-atenci%C3%B3n-al-cliente-at-identity-guatemala-4444125342,Community Manager y Atención al Cliente,,scraped,2026-07-30T10:46:15.713578,
dd686a1c56a173de,https://gt.linkedin.com/jobs/view/operario-de-producci%C3%B3n-1-at-corporaci%C3%B3n-multi-inversiones-4442885540,Operario de Producción 1,CMI-Corporación Multi Inversiones,posted,2026-07-30T10:47:42.688696,2952
7a6bcde9f65ae4cc,https://gt.linkedin.com/jobs/view/ejecutiva-comercial-de-servicios-log%C3%ADsticos-at-truckslogic-4443224916,Ejecutiva Comercial de Servicios Logísticos,,scraped,2026-07-30T10:47:53.479469,
5521274a9c67d959,https://gt.linkedin.com/jobs/view/comprador-retail-at-walmart-4446372929,Comprador Retail,Walmart,posted,2026-07-30T10:48:07.784104,2954
e250fa57be6be0fe,https://gt.linkedin.com/jobs/view/gestor-iso-9001-2015-at-nutritec-4446472521,GESTOR ISO 9001;2015,,scraped,2026-07-30T10:48:10.354845,
8c3cd367e9cb69e6,https://gt.linkedin.com/jobs/view/coordinador-a-de-medicina-preventiva-y-del-trabajo-at-colombina-4443286583,Coordinador(a) de Medicina Preventiva y del Trabajo,,scraped,2026-07-30T10:48:18.243327,
6f42fae2000a61d5,https://gt.linkedin.com/jobs/view/contador-general-zona-18-at-identity-guatemala-4442379164,Contador General / Zona 18,,scraped,2026-07-30T10:48:29.536728,
4c55ef8762dd8063,https://gt.linkedin.com/jobs/view/analista-financiero-junior-zona-10-at-grupo-cfe-4446394865,Analista Financiero Junior - Zona 10,Grupo CFE,posted,2026-07-30T10:48:49.695317,2956
f5acab9cc6d58076,https://gt.linkedin.com/jobs/view/operario-de-despacho-at-corporaci%C3%B3n-multi-inversiones-4442882582,Operario de Despacho,CMI-Corporación Multi Inversiones,posted,2026-07-30T10:49:02.013775,2958
88e8a1644062a1d1,https://gt.linkedin.com/jobs/view/coordinador-jr-proyectos-sector-retail-arquitectos-o-ingenieros-industriales-at-conecta-reclutamiento-4446452654,COORDINADOR JR PROYECTOS SECTOR RETAIL ARQUITECTOS O INGENIEROS INDUSTRIALES,Conecta Reclutamiento,posted,2026-07-30T10:50:18.849976,2960
79d0a98b34c7364a,https://gt.linkedin.com/jobs/view/virtual-executive-assistant-remote-at-viva-talent-4446814178,Virtual Executive Assistant (Remote),Viva Talent,posted,2026-07-30T10:50:23.756044,349
6bfaecafb0e5a164,https://gt.linkedin.com/jobs/view/auxiliar-de-mantenimiento-at-corporaci%C3%B3n-multi-inversiones-4443634491,Auxiliar de Mantenimiento,CMI-Corporación Multi Inversiones,posted,2026-07-30T10:50:32.528539,77
ee2b86958a3f3a63,https://gt.linkedin.com/jobs/view/operario-de-producci%C3%B3n-1-at-corporaci%C3%B3n-multi-inversiones-4444128924,Operario de Producción 1,CMI-Corporación Multi Inversiones,scraped,2026-07-30T10:50:40.047965,
4e473dce97269f48,https://gt.linkedin.com/jobs/view/auxiliar-de-c%C3%A1maras-at-corporaci%C3%B3n-multi-inversiones-4443602444,Auxiliar de Cámaras,CMI-Corporación Multi Inversiones,scraped,2026-07-30T10:51:51.496172,
bcb9eab68118842d,https://gt.linkedin.com/jobs/view/liquidador-at-corporaci%C3%B3n-multi-inversiones-4443622891,Liquidador,CMI-Corporación Multi Inversiones,posted,2026-07-30T10:52:06.975616,2962
6ab67fd56af225b1,https://gt.linkedin.com/jobs/view/oficial-de-correspondencia-zona-10-at-grupo-ficohsa-gt-4445764015,OFICIAL DE CORRESPONDENCIA:  ZONA 10,Grupo Ficohsa GT,posted,2026-07-30T10:52:19.632481,2964
3cc606b3aeb2cdf9,https://gt.linkedin.com/jobs/view/asesor-de-servicio-montufar-at-bam-4442316094,Asesor de Servicio Montufar,,scraped,2026-07-30T10:52:22.261109,
4958664b6f42229a,https://gt.linkedin.com/jobs/view/abogado-a-sector-inmobiliario-at-conecta-reclutamiento-4446523627,ABOGADO/A (SECTOR INMOBILIARIO),Conecta Reclutamiento,posted,2026-07-30T10:52:36.122699,2966
7abd0509252e0ff7,https://gt.linkedin.com/jobs/view/asistente-de-facturaci%C3%B3n-at-identity-guatemala-4442849604,Asistente de Facturación,,scraped,2026-07-30T10:52:38.680258,
bcd73f2524686c85,https://gt.linkedin.com/jobs/view/t%C3%A9cnico-de-soporte-de-ti-at-tav-guatemala-4446811232,Técnico de soporte de TI,TAV Guatemala,posted,2026-07-30T10:52:59.729068,2968
b84de6b24c052315,https://gt.linkedin.com/jobs/view/asesora-de-ventas-telemarketing-at-innovaciones-m%C3%A9dicas-4446147609,Asesora de ventas Telemarketing,,scraped,2026-07-30T10:53:02.408662,
6ee3973985b0bb7b,https://gt.linkedin.com/jobs/view/ejecutivo-de-ventas-panificadora-zona-12-at-grupo-helvetica-4444059554,Ejecutivo de ventas - Panificadora zona 12,Grupo Helvetica,posted,2026-07-30T10:53:16.949775,2970
39743e686396a28c,https://gt.linkedin.com/jobs/view/account-executive-laboratory-services-at-huzzle-com-4446547939,Account Executive - Laboratory Services,,scraped,2026-07-30T10:53:19.586039,
0b9c1abacb2b3028,https://gt.linkedin.com/jobs/view/docente-de-ingl%C3%A9s-pre-escolar-at-ghc-talent-4446454638,Docente de Inglés/ Pre-escolar,GHC Talent,posted,2026-07-30T10:53:33.259970,2972
dd011e88a7b86e39,https://gt.linkedin.com/jobs/view/cocineros-auxiliares-de-cocina-chef-at-identity-guatemala-4443292569,Cocineros / Auxiliares de Cocina / Chef,,scraped,2026-07-30T10:53:35.861133,
251c09948ae41b85,https://gt.linkedin.com/jobs/view/asistente-contable-at-identity-guatemala-4444115996,Asistente Contable,,scraped,2026-07-30T10:53:50.089443,
90639f0d6edb8ac5,https://gt.linkedin.com/jobs/view/warehouse-assistant-at-caldic-latam-4441856197,WAREHOUSE ASSISTANT,Caldic LATAM,posted,2026-07-30T10:54:10.519858,2974
f55497ec16668ce2,https://gt.linkedin.com/jobs/view/auxiliar-de-e-commerce-at-conecta-reclutamiento-4446453640,AUXILIAR DE E-COMMERCE,Conecta Reclutamiento,posted,2026-07-30T10:54:31.449914,2976
02eb706019322d79,https://gt.linkedin.com/jobs/view/secretaria-administrativa-biling%C3%BCe-at-rsm-guatemala-4446176224,Secretaria Administrativa Bilingüe,,scraped,2026-07-30T10:54:34.087609,
e171a10bc004eb0c,https://gt.linkedin.com/jobs/view/aux-limpieza-vespertino-zona-16-acatan-at-grupo-helvetica-4444049672,Aux. limpieza vespertino - zona 16 Acatan,Grupo Helvetica,posted,2026-07-30T10:54:48.843871,2978
560655f6ab32b6c1,https://gt.linkedin.com/jobs/view/encargado-de-it-at-identity-guatemala-4443645456,Encargado de IT,,scraped,2026-07-30T10:54:51.305093,
ad44074a4d1a784d,https://gt.linkedin.com/jobs/view/ejecutivo-a-de-ventas-con-experiencia-en-ventas-de-productos-para-la-construcci%C3%B3n-at-bpo361-4446174281,Ejecutivo/a de Ventas-Con experiencia en ventas de productos para la CONSTRUCCIÓN,BPO361,posted,2026-07-30T10:55:13.828678,2980
d3c2707cc10ef5ec,https://gt.linkedin.com/jobs/view/auxiliar-de-disciplina-at-instituto-guatemalteco-americano-iga-4446808292,Auxiliar de Disciplina,,scraped,2026-07-30T10:55:16.473280,
a3201ef1aa40770b,https://gt.linkedin.com/jobs/view/t%C3%A9cnico-en-garant%C3%ADas-at-identity-guatemala-4442369236,Técnico en Garantías,,scraped,2026-07-30T10:55:25.908960,
4bd4ffcec51ef6da,https://gt.linkedin.com/jobs/view/creador-a-de-contenido-pov-para-ia-remoto-at-mindrift-data-annotation-projects-4446365419,Creador(a) de Contenido POV para IA - Remoto,Mindrift Data Annotation Projects,posted,2026-07-30T10:55:42.959101,2982
e6bfcc2fc815f8b0,https://gt.linkedin.com/jobs/view/creador-a-de-contenido-pov-para-ia-remoto-at-mindrift-data-annotation-projects-4446356653,Creador(a) de Contenido POV para IA - Remoto,Mindrift Data Annotation Projects,posted,2026-07-30T10:55:51.914843,2984
aa543c3e0cd92e4f,https://gt.linkedin.com/jobs/view/creador-a-de-contenido-pov-para-ia-remoto-at-mindrift-data-annotation-projects-4446361499,Creador(a) de Contenido POV para IA - Remoto,Mindrift Data Annotation Projects,posted,2026-07-30T10:56:01.201718,2986
e88d4649e79c23df,https://gt.linkedin.com/jobs/view/creador-a-de-contenido-pov-para-ia-remoto-at-mindrift-data-annotation-projects-4446354641,Creador(a) de Contenido POV para IA - Remoto,Mindrift Data Annotation Projects,posted,2026-07-30T10:56:10.331581,2988
6cadcca656b5493e,https://gt.linkedin.com/jobs/view/analista-de-n%C3%B3mina-y-planilla-at-identity-guatemala-4442329250,Analista de Nómina y Planilla,,scraped,2026-07-30T10:56:15.043572,
eeba980599464203,https://gt.linkedin.com/jobs/view/it-desktop-support-specialist-hybrid-zone-13-remote-at-corporaci%C3%B3n-grupo-tacsa-4446509447,IT Desktop Support Specialist (Hybrid - Zone 13 / Remote),Corporación Grupo Tacsa,posted,2026-07-30T10:56:37.014615,2990
b84a84fdf8ccf033,https://gt.linkedin.com/jobs/view/asesor-de-ventas-industria-agropecuaria-en-el-%C3%A1rea-sur-occidente-at-bpo361-4446171604,Asesor de ventas industria agropecuaria en el área Sur Occidente,BPO361,posted,2026-07-30T10:56:48.709505,2992
c5772224aecff8ce,https://gt.linkedin.com/jobs/view/residente-de-proyectos-at-constructiva-s-a-de-c-v-4446453643,RESIDENTE DE PROYECTOS,,scraped,2026-07-30T10:56:51.282421,
15430ee62c684d0a,https://gt.linkedin.com/jobs/view/analista-administrativo-quetzaltenango-at-millicom-tigo-4444751199,Analista Administrativo Quetzaltenango,,scraped,2026-07-30T10:56:59.426560,
da3815db9c1d4721,https://gt.linkedin.com/jobs/view/piloto-at-people-evolution-4446450678,Piloto,,scraped,2026-07-30T10:57:06.013737,
d42a34809a900735,https://gt.linkedin.com/jobs/view/analista-ii-de-presupuesto-operativo-at-bantrab-4446125456,Analista II de Presupuesto Operativo,Bantrab,posted,2026-07-30T10:57:22.935946,2994
0fde9834e533b91f,https://gt.linkedin.com/jobs/view/operario-de-producci%C3%B3n-2-at-corporaci%C3%B3n-multi-inversiones-4441560853,Operario de Producción 2,CMI-Corporación Multi Inversiones,posted,2026-07-30T10:57:35.084179,2996
3dce148321543398,https://gt.linkedin.com/jobs/view/business-development-representative-remote-at-virtual-assist-4444557633,Business Development Representative (Remote),Virtual Assist,posted,2026-07-30T10:57:42.902800,2998
8be4aad869745353,https://gt.linkedin.com/jobs/view/laboratory-professional-at-icap-at-columbia-university-4446590756,Laboratory Professional,ICAP at Columbia University,posted,2026-07-30T10:57:55.358854,3000
d110ca70e79c9763,https://gt.linkedin.com/jobs/view/auditor-encargado-externo-at-human-solutions-4446518989,Auditor Encargado Externo,Human Solutions,posted,2026-07-30T10:58:06.362009,3002
27e2cd0d2167536e,https://gt.linkedin.com/jobs/view/auxiliar-de-producci%C3%B3n-at-medical-4446458637,Auxiliar de Producción,,scraped,2026-07-30T10:58:08.939130,
78dbbf85262789de,https://gt.linkedin.com/jobs/view/supervisor-de-ventas-canal-mayoreo-con-motocicleta-at-human-talent-consulting-4446520859,Supervisor de Ventas canal Mayoreo con motocicleta,Human Talent & Consulting,posted,2026-07-30T10:58:28.912349,3004
ecd4d19609976af1,https://gt.linkedin.com/jobs/view/coordinador-de-sistemas-1890-bowling-air-square-at-spectrum-4443645136,Coordinador de Sistemas (1890 Bowling & Air Square),,scraped,2026-07-30T10:58:31.577284,
a7993fea78dff5ee,https://gt.linkedin.com/jobs/view/auxiliar-at-bam-4446131517,Auxiliar,,scraped,2026-07-30T10:59:42.145237,
14a9caab9a22bc4c,https://gt.linkedin.com/jobs/view/language-arts-teacher-for-preschool-at-colegio-valle-verde-carretera-4401509182,Language Arts Teacher for Preschool,,scraped,2026-07-30T10:59:50.540615,
a084fecbf8aec94a,https://gt.linkedin.com/jobs/view/supervisor-de-operaciones-at-vana-4445218117,Supervisor de operaciones,,scraped,2026-07-30T10:59:57.228543,
18127dfb8f6fa323,https://gt.linkedin.com/jobs/view/aduanas-y-logistica-ejecutivo-comercial-gt-at-ilg-logistics-s-a-4441818663,Aduanas y Logistica Ejecutivo Comercial GT,,scraped,2026-07-30T11:00:03.915195,
ca000609a23ad702,https://gt.linkedin.com/jobs/view/gerente-de-proyecto-at-international-rescue-committee-4446114778,Gerente de Proyecto,International Rescue Committee,posted,2026-07-30T11:00:18.752305,3006
bc16c37ba0b7ec71,https://gt.linkedin.com/jobs/view/digitador-at-canella-s-a-4445990212,DIGITADOR,,scraped,2026-07-30T11:00:21.344927,
258f6f7c7fc1e314,https://gt.linkedin.com/jobs/view/operario-de-carga-at-corporaci%C3%B3n-multi-inversiones-4444183493,Operario de Carga,CMI-Corporación Multi Inversiones,posted,2026-07-30T11:00:39.116629,3008
f999987992447157,https://gt.linkedin.com/jobs/view/operario-de-carga-at-corporaci%C3%B3n-multi-inversiones-4444174653,Operario de Carga,CMI-Corporación Multi Inversiones,scraped,2026-07-30T11:00:46.408757,
dc803b950ea00b1b,https://gt.linkedin.com/jobs/view/t%C3%A9cnico-de-soporte-it-para-zona-5-calzada-la-paz-at-sociedad-anonima-4444991795,Técnico de soporte IT para Zona 5 Calzada la Paz,,scraped,2026-07-30T11:00:53.040633,
332134591fb97636,https://gt.linkedin.com/jobs/view/t%C3%A9cnico-de-mantenimiento-de-instalaciones-at-identity-guatemala-4444501153,Técnico de Mantenimiento de Instalaciones,,scraped,2026-07-30T11:00:59.566782,
a8c05d1564bded1c,https://gt.linkedin.com/jobs/view/virtual-assistant-at-cs-outsource-4444395817,Virtual Assistant,CS Outsource,posted,2026-07-30T11:02:17.025528,541
813cd7a6d9a951f4,https://gt.linkedin.com/jobs/view/asistente-de-viajes-at-arch-latam-4446853526,ASISTENTE DE VIAJES,ARCH LATAM,posted,2026-07-30T11:02:31.304074,3010
0f261ae39da9d6e4,https://gt.linkedin.com/jobs/view/servicio-de-atenci%C3%B3n-al-cliente-at-confidencial-4446847376,Servicio de atención al cliente,Confidencial,posted,2026-07-30T11:02:43.361226,3012
76fa62725fbd9a4f,https://gt.linkedin.com/jobs/view/litigation-assistant-at-rausch-sturm-llp-4444739360,Litigation Assistant,Rausch Sturm LLP,posted,2026-07-30T11:02:52.592289,3014
7bc017040b527e3f,https://gt.linkedin.com/jobs/view/modelador-at-bioproyectos-de-ingenier%C3%ADa-s-a-4446344755,Modelador,,scraped,2026-07-30T11:02:55.170882,
e6e9052df085c1ce,https://gt.linkedin.com/jobs/view/piloto-administrativo-a-oficinas-corporativas-at-holcim-guatemala-4446431748,Piloto Administrativo/a - Oficinas Corporativas,Holcim Guatemala,posted,2026-07-30T11:03:10.098235,3016
af8ea484eb97a30a,https://gt.linkedin.com/jobs/view/especialista-senior-de-protecci%C3%B3n-de-activos-at-walmart-centroam%C3%A9rica-4446505192,ESPECIALISTA SENIOR DE PROTECCIÓN DE ACTIVOS,,scraped,2026-07-30T11:03:12.765493,
1aecdd3f127da616,https://gt.linkedin.com/jobs/view/asesor-de-negocio-restaurantes-retail-at-corporaci%C3%B3n-multi-inversiones-4444452591,Asesor de Negocio (Restaurantes & Retail),CMI-Corporación Multi Inversiones,posted,2026-07-30T11:04:35.974563,3018
d6dfcda5d2a938c4,https://gt.linkedin.com/jobs/view/l2-support-engineer-at-millicom-tigo-4446334360,L2 Support Engineer,,scraped,2026-07-30T11:04:40.660262,
35891e7b27763c40,https://gt.linkedin.com/jobs/view/analista-de-expansi%C3%B3n-corretaje-at-empresa-confidencial-4446862618,Analista de Expansión (Corretaje),Empresa Confidencial,posted,2026-07-30T11:05:58.373537,3020
87cd0729c901c89d,https://gt.linkedin.com/jobs/view/auxiliar-en-seccion-de-servicios-de-digitalizacion-at-bam-4446530916,AUXILIAR EN SECCION DE SERVICIOS DE DIGITALIZACION,,scraped,2026-07-30T11:06:00.966703,
8fc3030a3ff7401c,https://gt.linkedin.com/jobs/view/contador-junior-at-corporaci%C3%B3n-inmobiliaria-la-trinidad-4446868041,Contador Junior,,scraped,2026-07-30T11:06:07.331541,
d26a58371cd60d9b,https://gt.linkedin.com/jobs/view/digital-project-manager-at-wild-4435186887,Digital Project Manager,,scraped,2026-07-30T11:06:15.180321,
bd51c5241712cf11,https://gt.linkedin.com/jobs/view/auxiliar-de-contabilidad-salud-at-soluci%C3%B3n-humana-consulting-4446149445,Auxiliar de Contabilidad - Salud,,scraped,2026-07-30T11:06:21.723518,
4a4f6b1e9cdacf2e,https://gt.linkedin.com/jobs/view/analista-at-macro-recursos-humanos-4446314790,Analista,Macro Recursos Humanos,posted,2026-07-30T11:08:49.490807,3022
f7a6296bf7dd09d3,https://gt.linkedin.com/jobs/view/asesor-a-de-servicio-en-agencia-pacific-center-t2-at-bam-4445964581,ASESOR/A DE SERVICIO EN AGENCIA PACIFIC CENTER (T2),,scraped,2026-07-30T11:08:52.240804,
a95efa436f5a42e5,https://gt.linkedin.com/jobs/view/dise%C3%B1ador-multimedia-at-aquasistemas-4446351155,Diseñador Multimedia,Aquasistemas,posted,2026-07-30T11:10:17.398462,3024
5138264eec4588d5,https://gt.linkedin.com/jobs/view/asesor-de-ventas-at-macropay-4446015047,ASESOR DE VENTAS,,scraped,2026-07-30T11:10:24.079029,
78a45600b51573e7,https://gt.linkedin.com/jobs/view/logistics-sales-assistant-at-vertu-agent-4446821871,Logistics Sales Assistant,Vertu Agent,posted,2026-07-30T11:10:38.868603,3026
ef207e0b01151d6a,https://gt.linkedin.com/jobs/view/t%C3%A9cnico-de-instalaci%C3%B3n-at-alumen-4445387023,Técnico de instalación,Alumen,posted,2026-07-30T11:10:47.714311,3028
21fea0c594ec45b3,https://gt.linkedin.com/jobs/view/ejecutivo-de-ventas-at-boxful-latam-4446392944,Ejecutivo de ventas,,scraped,2026-07-30T11:10:50.318960,
3649e0cdf2c232b6,https://gt.linkedin.com/jobs/view/asesor-a-de-servicio-en-agencia-plaza-magdalena-t2-at-bam-4446388671,ASESOR/A DE SERVICIO EN AGENCIA PLAZA MAGDALENA (T2),,scraped,2026-07-30T11:11:04.724502,
03c0d69bb5c072b4,https://gt.linkedin.com/jobs/view/training-coordination-specialist-telus-digital-guatemala-at-telus-digital-4446529062,Training Coordination Specialist - TELUS Digital Guatemala,,scraped,2026-07-30T11:12:14.806947,
6dbcc788e241e76e,https://gt.linkedin.com/jobs/view/coordiandor-de-proyectos-comeciales-datos-at-empresa-confidencial-4444155916,Coordiandor de Proyectos Comeciales & Datos,Empresa Confidencial,posted,2026-07-30T11:13:37.606539,3030
1f22a612142fefba,https://gt.linkedin.com/jobs/view/temporary-operations-team-leader-telus-guatemala-at-telus-digital-4446508669,Temporary Operations Team Leader - TELUS Guatemala,,scraped,2026-07-30T11:13:42.333680,
be84bc451c4745e3,https://gt.linkedin.com/jobs/view/vendedor-at-flavorite-4446878383,Vendedor,Flavorite,posted,2026-07-30T11:13:53.319607,583
5c69376990113d8f,https://gt.linkedin.com/jobs/view/operador-y-programador-cnc-torno-y-centro-de-maquinado-at-www-lazos-cl-4446453658,Operador y programador CNC ( Torno y Centro de Maquinado),,scraped,2026-07-30T11:13:57.905689,
cae252fbcc50c8fe,https://gt.linkedin.com/jobs/view/customer-success-manager-at-podium-4443625608,Customer Success Manager,Podium,posted,2026-07-30T11:14:10.953385,719
44c68faf83c8c744,https://gt.linkedin.com/jobs/view/asistente-contable-at-empresa-confidencial-4446872180,Asistente contable,Empresa Confidencial,posted,2026-07-30T11:15:21.448616,439
d71efc5fcb4fbd51,https://gt.linkedin.com/jobs/view/dise%C3%B1ador-constructivo-y-modelado-bim-multidisciplinario-at-admonsa-4445336621,Diseñador Constructivo y Modelado BIM Multidisciplinario,,scraped,2026-07-30T11:15:24.083597,
b77ec722cda3b2e5,https://gt.linkedin.com/jobs/view/ingeniero-de-pre-y-post-venta-jr-at-zona-solar-4446846198,Ingeniero de pre y post venta jr,,scraped,2026-07-30T11:15:30.792433,
f0bfea63e7a2c20b,https://gt.linkedin.com/jobs/view/operations-supervisor-at-atento-4443625956,Operations Supervisor,Atento,posted,2026-07-30T11:15:46.563002,571
fa0dc76852c85dce,https://gt.linkedin.com/jobs/view/tecnico-e-instalador-en-cctv-audio-y-video-at-patsy-restaurante-y-pasteler%C3%ADa-4446358186,Tecnico e instalador en CCTV AUDIO Y VIDEO,,scraped,2026-07-30T11:15:49.136965,
37da7cd950dc98f7,https://gt.linkedin.com/jobs/view/coordinador-de-costos-en-construcci%C3%B3n-ing-civil-at-cide-reclutamiento-4445193103,COORDINADOR DE COSTOS EN CONSTRUCCIÓN | Ing. Civil,CIDE Reclutamiento,posted,2026-07-30T11:16:03.573351,3032
0534622400c50551,https://gt.linkedin.com/jobs/view/ejecutivo-de-cuentas-%E2%80%93-agencia-de-carga-at-soluciona-rh-4446822288,Ejecutivo de cuentas – Agencia de carga,,scraped,2026-07-30T11:16:08.187758,
05e84213b751b29b,https://gt.linkedin.com/jobs/view/productor-de-montaje-y-logistica-at-siete-zero-4446839479,Productor de Montaje y Logistica,,scraped,2026-07-30T11:16:18.797354,
35332a03e9d7c311,https://gt.linkedin.com/jobs/view/senior-consultant-%E2%80%93-ai-solutions-engineering-bilingual-at-eficsa-4446845881,Senior Consultant – AI & Solutions Engineering (Bilingual),,scraped,2026-07-30T11:16:26.555274,
bb90018699a305de,https://gt.linkedin.com/jobs/view/learning-content-developer-remote-work-at-bairesdev-4446059814,Learning Content Developer - Remote Work,BairesDev,posted,2026-07-30T11:17:44.727669,463
1722b035bd470a0c,https://gt.linkedin.com/jobs/view/auxiliar-contable-at-becofarma-4446344236,Auxiliar contable,Becofarma,posted,2026-07-30T11:17:49.702080,71
f9f2b82a70d8c619,https://gt.linkedin.com/jobs/view/productor-montaje-y-logistica-at-siete-zero-4446816990,Productor Montaje y Logistica,,scraped,2026-07-30T11:17:52.342864,
7c94c7d35c092ee5,https://gt.linkedin.com/jobs/view/o-m-technical-at-millicom-tigo-4447006216,O&M Technical,,scraped,2026-07-30T11:18:00.051933,
ec4eba578d3b0e84,https://gt.linkedin.com/jobs/view/ingeniero-de-proyectos-at-confidencial-4446359468,Ingeniero de proyectos,Confidencial,posted,2026-07-30T11:18:15.012826,3034
4f9cbe21c6b9afad,https://gt.linkedin.com/jobs/view/pov-video-recording-job-cooking-cleaning-daily-tasks-at-mindrift-data-annotation-projects-4443279226,"POV Video Recording Job - Cooking, Cleaning, Daily Tasks",Mindrift Data Annotation Projects,posted,2026-07-30T11:18:22.346209,2914
9ea0593d275d6300,https://gt.linkedin.com/jobs/view/pov-video-recording-job-cooking-cleaning-daily-tasks-at-mindrift-data-annotation-projects-4443287030,"POV Video Recording Job - Cooking, Cleaning, Daily Tasks",Mindrift Data Annotation Projects,posted,2026-07-30T11:18:27.272157,2914
baf55f57e63e257a,https://gt.linkedin.com/jobs/view/agente-administrativo-at-concentrix-4446708144,Agente Administrativo,Concentrix,posted,2026-07-30T11:18:32.270437,1019
6a8eb47918be6ab9,https://gt.linkedin.com/jobs/view/software-developer-at-blautech-4444506741,Software Developer,,scraped,2026-07-30T11:18:34.922682,
0cf1fc4af16d757b,https://gt.linkedin.com/jobs/view/jefe-t%C3%A9cnico-comercial-at-revup-mastery-4444516335,Jefe Técnico Comercial,RevUp Mastery,posted,2026-07-30T11:18:53.438597,3036
f3ad9f437a12096a,https://gt.linkedin.com/jobs/view/litigation-assistant-at-solvo-global-careers-4443291838,Litigation Assistant,,scraped,2026-07-30T11:18:58.076980,
ca0e5fd5269dc13b,https://gt.linkedin.com/jobs/view/machine-learning-engineer-remote-work-at-bairesdev-4446093032,Machine Learning Engineer - Remote Work,BairesDev,posted,2026-07-30T11:19:07.424228,661
a230e589ff4bce79,https://gt.linkedin.com/jobs/view/trainer-at-lean-solutions-group-4445245266,Trainer,Lean Solutions Group,posted,2026-07-30T11:19:16.346201,3038
fd27f84e952aa323,https://gt.linkedin.com/jobs/view/supervisor-de-ventas-con-motocicleta-para-raxruh%C3%A1-o-chisec-at-human-talent-consulting-4446518995,Supervisor de Ventas con motocicleta para Raxruhá o Chisec,Human Talent & Consulting,posted,2026-07-30T11:19:29.347462,3040
81d0aa3cbccf4a8c,https://gt.linkedin.com/jobs/view/telesales-executive-at-anonima-4446872758,Telesales Executive,Anonima,posted,2026-07-30T11:19:39.089500,3042
5a71b0cb58b5467e,https://gt.linkedin.com/jobs/view/analista-jr-de-credito-corporativo-4906-49099-at-grupo-ficohsa-hn-4444956322,ANALISTA JR. DE CREDITO CORPORATIVO (4906)(49099),Grupo Ficohsa HN,posted,2026-07-30T11:19:49.809635,3044
0d1cc8ad7e31de3e,https://gt.linkedin.com/jobs/view/senior-project-manager-remote-work-at-bairesdev-4446418900,Senior Project Manager - Remote Work,BairesDev,posted,2026-07-30T11:19:54.758302,2644
574a074558cced0e,https://gt.linkedin.com/jobs/view/desarrollador-backend-at-canella-s-a-4446329558,DESARROLLADOR BACKEND,,scraped,2026-07-30T11:20:01.346438,
57a3f77f33ddafb8,https://gt.linkedin.com/jobs/view/payroll-controller-at-athena-4434165272,Payroll Controller,,scraped,2026-07-30T11:20:10.957621,
76d969425d7e5efa,https://gt.linkedin.com/jobs/view/operador-de-monitoreo-de-telemetr%C3%ADa-at-siasa-4445990762,Operador de Monitoreo de Telemetría,Siasa,posted,2026-07-30T11:20:24.016572,3046
9c26fec9618f781d,https://gt.linkedin.com/jobs/view/dise%C3%B1ador-gr%C3%A1fico-at-shuboxes-4446857465,Diseñador gráfico,SHUBOXES,posted,2026-07-30T11:21:40.004872,3048
e719e7c727c622fa,https://gt.linkedin.com/jobs/view/asistente-comercial-marketing-junior-at-clicksplan-digital-marketing-strategy-4446401502,Asistente Comercial / Marketing Junior,,scraped,2026-07-30T11:21:42.616526,
ef150cc1146b0a72,https://gt.linkedin.com/jobs/view/bodeguero-automotriz-en-san-miguel-petapa-at-canella-s-a-4446340441,Bodeguero Automotriz en San Miguel Petapa,,scraped,2026-07-30T11:22:53.512496,
9aeac07c8ba1906f,https://gt.linkedin.com/jobs/view/associate-ta-business-partner-at-capgemini-4446158190,Associate TA Business Partner,,scraped,2026-07-30T11:23:01.163701,
76174887bd36ee6f,https://gt.linkedin.com/jobs/view/asistente-personal-del-director-general-at-influmedia-ca-4446323837,Asistente personal del director general,,scraped,2026-07-30T11:23:07.550012,
4a4c5f0e49f8c30a,https://gt.linkedin.com/jobs/view/asesor-ventas-mayoreo-equipo-pesado-at-apymsa-4444191105,ASESOR VENTAS MAYOREO EQUIPO PESADO,APYMSA,posted,2026-07-30T11:23:31.732703,3050
6419df12b0804f37,https://gt.linkedin.com/jobs/view/ingeniero-de-operaciones-de-ciberseguridad-soc-l2-at-setesa-4446898379,Ingeniero de operaciones de ciberseguridad SOC L2,SETESA,posted,2026-07-30T11:23:41.238636,3052
1b8d8a1d1aaa8eb7,https://gt.linkedin.com/jobs/view/auditor-interno-at-corporaci%C3%B3n-conesco-4443581942,Auditor interno,,scraped,2026-07-30T11:23:43.878187,
9c23f05d397f9a4f,https://gt.linkedin.com/jobs/view/tableau-developer-id80136-at-agileengine-4445769007,Tableau Developer ID80136,AgileEngine,posted,2026-07-30T11:23:56.907097,3054
bcb4c7cf308a025d,https://gt.linkedin.com/jobs/view/coordinadora-de-mercadeo-at-hrm-4446376127,Coordinadora de Mercadeo,HRM,posted,2026-07-30T11:24:02.014335,1716
45da0dd3b423940d,https://gt.linkedin.com/jobs/view/asistente-para-jefe-de-bodega-at-watermania-4445244430,ASISTENTE PARA JEFE DE BODEGA,,scraped,2026-07-30T11:24:06.607982,
de8bbcd307011e96,https://gt.linkedin.com/jobs/view/asesor-a-de-servicio-en-agencia-coban-la-pista-at-bam-4446527950,ASESOR/A DE SERVICIO EN AGENCIA COBAN LA PISTA,,scraped,2026-07-30T11:24:14.264659,
84e644444af87e95,https://gt.linkedin.com/jobs/view/asesor-de-viajes-zona-15-at-cosenza-rh-4445766223,Asesor de Viajes - Zona 15,,scraped,2026-07-30T11:24:22.646982,
e2a96a1b8c803a78,https://gt.linkedin.com/jobs/view/ejecutiva-de-sac-de-logistica-internacional-at-the-andres-talent-4446349002,Ejecutiva de SAC de Logistica Internacional,The Andres Talent,posted,2026-07-30T11:25:41.310488,3056
84592f68866a038b,https://gt.linkedin.com/jobs/view/guardia-de-seguridad-zona-12-at-c807-operador-log%C3%ADstico-4445749797,Guardia De Seguridad - Zona 12,,scraped,2026-07-30T11:25:43.982427,
b8c02e1705adad18,https://gt.linkedin.com/jobs/view/arquitecto-de-soluciones-at-sonda-4443559225,Arquitecto de Soluciones,,scraped,2026-07-30T11:25:53.079615,
f369be988b75a831,https://gt.linkedin.com/jobs/view/designer-l1-at-randa-apparel-accessories-4444904842,Designer L1,Randa Apparel &amp; Accessories,posted,2026-07-30T11:26:08.047292,3058
b491495908259257,https://gt.linkedin.com/jobs/view/machine-learning-engineer-net-c%23-%E2%80%93-prevenci%C3%B3n-de-fraude-y-aml-at-plus-technologies-innovations-4446865468,Machine Learning Engineer (.NET / C#) – Prevención de Fraude y AML,Plus Ti,posted,2026-07-30T11:26:18.903718,3060
51609494e780e4b3,https://gt.linkedin.com/jobs/view/senior-data-scientist-%E2%80%93-mmm-id71005-at-agileengine-4446412528,Senior Data Scientist – MMM ID71005,AgileEngine,posted,2026-07-30T11:26:24.114316,1870
d4863ace8f8aa7b1,https://gt.linkedin.com/jobs/view/ejecutivo-de-ventas-de-tarjeta-de-credito-face-to-face-at-banco-gyt-continental-4446389337,EJECUTIVO DE VENTAS DE TARJETA DE CREDITO FACE TO FACE,,scraped,2026-07-30T11:26:26.728059,
d0ab975d9304863e,https://gt.linkedin.com/jobs/view/coordinador-de-ventas-inmobiliario-at-ea-inmobiliaria-4445974412,Coordinador de ventas Inmobiliario,,scraped,2026-07-30T11:27:37.283674,
037e45ab5293be17,https://gt.linkedin.com/jobs/view/oficial-de-enlace-zona-10-at-grupo-ficohsa-gt-4445419950,OFICIAL DE ENLACE: ZONA 10,Grupo Ficohsa GT,posted,2026-07-30T11:27:58.367023,3062
749bfae950af3862,https://gt.linkedin.com/jobs/view/customer-service-representative-at-hcltech-4444735717,Customer Service Representative,,scraped,2026-07-30T11:28:01.034146,
6663fdb2e0adffbd,https://gt.linkedin.com/jobs/view/crm-manager-remote-work-at-bairesdev-4445733806,CRM Manager - Remote Work,BairesDev,posted,2026-07-30T11:28:14.555287,901
86a5f25bf099c58d,https://gt.linkedin.com/jobs/view/senior-manager-business-product-management-at-conduent-4445332342,"Senior Manager, Business Product Management",Conduent,posted,2026-07-30T11:28:19.792506,2832
4abc858c0ef6abd5,https://gt.linkedin.com/jobs/view/system-administrator-at-allied-global-4446830878,System Administrator,,scraped,2026-07-30T11:28:22.614018,
b5affc4e08be556f,https://gt.linkedin.com/jobs/view/android-engineering-manager-at-epam-systems-4446031761,Android Engineering Manager,EPAM Systems,posted,2026-07-30T11:29:39.457400,3064
f494cc686d55c53a,https://gt.linkedin.com/jobs/view/senior-sdet-id80130-at-agileengine-4446357989,Senior SDET ID80130,AgileEngine,posted,2026-07-30T11:29:49.021503,3066
d41c7ece84c1fe17,https://gt.linkedin.com/jobs/view/coordinador-de-innovaci%C3%B3n-y-tecnolog%C3%ADa-ia-sistemas-at-iq-consulting-4444746505,Coordinador de Innovación y Tecnología (IA & Sistemas),IQ Consulting,posted,2026-07-30T11:31:04.037876,3068
317d4505f362bcd9,https://gt.linkedin.com/jobs/view/lead-data-engineer-id71008-at-agileengine-4446098314,Lead Data Engineer ID71008,AgileEngine,posted,2026-07-30T11:31:15.473631,3070
0fed02d9877273f1,https://gt.linkedin.com/jobs/view/senior-sdet-id80130-at-agileengine-4446326933,Senior SDET ID80130,AgileEngine,posted,2026-07-30T11:31:20.548344,3066
851c85f158474a20,https://gt.linkedin.com/jobs/view/senior-specialist-revenue-management-product-at-the-goodyear-tire-rubber-company-4445187990,"Senior Specialist, Revenue Management & Product",The Goodyear Tire &amp; Rubber Company,posted,2026-07-30T11:31:34.494581,3072
0e0b9260e4be48de,https://gt.linkedin.com/jobs/view/solutions-architect-autodesk-latam-datech-solutions-at-td-synnex-4443681199,Solutions Architect - Autodesk LATAM (Datech Solutions),TD SYNNEX,posted,2026-07-30T11:31:41.596951,1636
ec477982b4f3fe3b,https://gt.linkedin.com/jobs/view/asesor-comercial-corporativo-b2b-at-grupodent-4446306629,Asesor Comercial Corporativo B2B,,scraped,2026-07-30T11:31:46.424857,
a1d6f9a4c4c9cbd6,https://gt.linkedin.com/jobs/view/encargado-frescos-desp-fam-el-calvario-zacapa-at-walmart-de-m%C3%A9xico-y-centroam%C3%A9rica-4444761215,"ENCARGADO FRESCOS DESP FAM EL CALVARIO, ZACAPA",Walmart de México y Centroamérica,posted,2026-07-30T11:32:08.340779,3074
4c7a8c3ca48c6fea,https://gt.linkedin.com/jobs/view/senior-java-engineer-id77148-at-agileengine-4444176111,Senior Java Engineer ID77148,AgileEngine,posted,2026-07-30T11:32:21.116103,3076
934514a75d6eee7a,https://gt.linkedin.com/jobs/view/t%C3%A9cnico-de-servicios-at-qc-international-a-buisness-partner-of-qsc-inc-4446334701,Técnico de Servicios,,scraped,2026-07-30T11:32:23.719008,
26a717f667691bbb,https://gt.linkedin.com/jobs/view/auxiliar-de-reclutamiento-y-selecci%C3%B3n-de-personal-at-identity-guatemala-4443296068,Auxiliar de reclutamiento y selección de personal,Identity Guatemala,posted,2026-07-31T11:17:23.815832,3078
0628cba6eefc0c02,https://gt.linkedin.com/jobs/view/gerente-general-empresa-l%C3%ADder-en-manufactura-y-distribuci%C3%B3n-at-identity-guatemala-4441810352,Gerente General  Empresa Líder en Manufactura y Distribución,,scraped,2026-07-31T11:17:26.495735,
74eb80bcf6f25191,https://gt.linkedin.com/jobs/view/asistente-de-reservaciones-at-conectados-org-4446524593,Asistente de reservaciones,conectados org,posted,2026-07-31T11:17:47.455215,3080
251f6a7656d0c668,https://gt.linkedin.com/jobs/view/monitoreo-cctv-para-trabajar-zona-14-at-la-legi%C3%B3n-seguridad-4445282530,MONITOREO CCTV PARA TRABAJAR ZONA 14,La Legión Seguridad,posted,2026-07-31T11:18:03.438698,3082
1cc4bafc8d7761da,https://gt.linkedin.com/jobs/view/asistente-de-servicios-empresariales-at-walmart-centroam%C3%A9rica-4446877392,ASISTENTE DE SERVICIOS EMPRESARIALES,,scraped,2026-07-31T11:18:06.051806,
e445bdfc2abed4ee,https://gt.linkedin.com/jobs/view/auxiliar-administrativo-at-centro-m%C3%A9dico-4445065293,Auxiliar Administrativo,,scraped,2026-07-31T11:18:17.165234,
6bb98c5f2d302ae1,https://gt.linkedin.com/jobs/view/jefe-de-almac%C3%A9n-at-corporaci%C3%B3n-multi-inversiones-4445080041,Jefe de Almacén,CMI-Corporación Multi Inversiones,posted,2026-07-31T11:18:37.471992,3084
2cc3ee459ab719e8,https://gt.linkedin.com/jobs/view/l%C3%ADder-junior-de-bodega-zona-12-at-identity-guatemala-4442368216,Líder Junior de Bodega / Zona 12,,scraped,2026-07-31T11:18:40.012131,
ca6566acfdea5c44,https://gt.linkedin.com/jobs/view/receptor-pagador-agencia-plaza-florida-at-bam-4441899893,Receptor Pagador Agencia Plaza Florida,,scraped,2026-07-31T11:19:01.757502,
da00a8a76055eb10,https://gt.linkedin.com/jobs/view/asesor-rotativo-capital-at-punto-naranja-4446888176,Asesor Rotativo Capital,,scraped,2026-07-31T11:19:08.164237,
935818caf342ac35,https://gt.linkedin.com/jobs/view/gerente-senior-de-log%C3%ADstica-regional-at-corporaci%C3%B3n-multi-inversiones-4443643302,Gerente Senior de Logística Regional,CMI-Corporación Multi Inversiones,posted,2026-07-31T11:19:24.421007,3086
8b78326e918d16ad,https://gt.linkedin.com/jobs/view/asistente-de-egresos-at-megapaca-4446442170,Asistente de Egresos,,scraped,2026-07-31T11:19:28.986578,
6f66b97cd979ac32,https://gt.linkedin.com/jobs/view/asistente-de-dise%C3%B1o-proyectos-de-construcci%C3%B3n-at-spectrum-4442879751,Asistente de Diseño (Proyectos de Construcción),,scraped,2026-07-31T11:19:35.597435,
11d32bd9df6ef652,https://gt.linkedin.com/jobs/view/asistente-administrativo-y-compras-at-human-resources-rl-4447254161,Asistente Administrativo y Compras,Human Resources RL,posted,2026-07-31T11:19:49.889086,3088
f77d659c9ac3392e,https://gt.linkedin.com/jobs/view/network-senior-manager-at-astro-energy-a-e-4445759284,Network Senior Manager,ASTRO ENERGY (A-E),posted,2026-07-31T11:19:58.696602,3090
487d3a7c5a651cca,https://gt.linkedin.com/jobs/view/asistente-mercadeo-zona-12-at-grupo-pb-4446922089,Asistente Mercadeo Zona 12,Grupo PB,posted,2026-07-31T11:20:09.507489,3092
7bdf5cdc31e09231,https://gt.linkedin.com/jobs/view/gerente-de-proyectos-it-at-cbc-4442885642,Gerente de Proyectos IT,cbc,posted,2026-07-31T11:20:21.944687,3094
990b8cc30180a811,https://gt.linkedin.com/jobs/view/piloto-mensajero-departamental-at-ecopower-efici%C3%AAncia-energ%C3%A9tica-4446529505,Piloto Mensajero Departamental,EcoPower - Eficiência Energética,posted,2026-07-31T11:20:32.612346,3096
520532d4c29ec34e,https://gt.linkedin.com/jobs/view/t%C3%A9cnica-de-urgencias-m%C3%A9dicas-o-bombera-at-navaru-empresarial-4446530502,Técnica de Urgencias Médicas o Bombera,,scraped,2026-07-31T11:20:35.169165,
2df8ad6b233151b7,https://gt.linkedin.com/jobs/view/encargado-de-tienda-at-identity-guatemala-4442311247,Encargado de Tienda,,scraped,2026-07-31T11:20:43.658415,
4d805a0cd09a89d8,https://gt.linkedin.com/jobs/view/el-taier-creativo-jr-at-the-darwinzone-4443636731,el taier - Creativo Jr.,,scraped,2026-07-31T11:20:55.405558,
9e3619581c049066,https://gt.linkedin.com/jobs/view/analista-de-calidad-at-navaru-empresarial-4446534374,Analista de Calidad,NAVARU EMPRESARIAL,posted,2026-07-31T11:21:07.780837,1986
aae746a3cf09a845,https://gt.linkedin.com/jobs/view/gerente-general-at-happymondays-com-gt-4447229742,Gerente general,,scraped,2026-07-31T11:21:10.403543,
a7c443a317dee152,https://gt.linkedin.com/jobs/view/jefe-de-productos-y-desarrollo-de-negocios-at-identity-guatemala-4443657108,Jefe de Productos y Desarrollo de Negocios,,scraped,2026-07-31T11:21:18.997916,
b65a857825f3fe5e,https://gt.linkedin.com/jobs/view/asesor-log%C3%ADstico-zona-10-at-identity-guatemala-4443275921,Asesor Logístico Zona 10,,scraped,2026-07-31T11:21:33.473599,
3b7e910a1f38aa78,https://gt.linkedin.com/jobs/view/legal-operations-specialist-at-rausch-sturm-llp-4447205649,Legal Operations Specialist,Rausch Sturm LLP,posted,2026-07-31T11:21:51.854107,3098
943a5a464d4dcfa9,https://gt.linkedin.com/jobs/view/email-marketing-specialist-at-chapintech-4446966462,Email Marketing Specialist,,scraped,2026-07-31T11:21:56.541691,
fb94ed1f3e9f67a4,https://gt.linkedin.com/jobs/view/maintenance-coordinator-at-colgate-palmolive-4444558426,Maintenance Coordinator,Colgate-Palmolive,posted,2026-07-31T11:22:09.977870,3100
12f81f01c7bb6d75,https://gt.linkedin.com/jobs/view/t%C3%A9cnico-electricista-at-cervecer%C3%ADa-ambev-4446399252,Técnico Electricista,Cervecería Ambev,posted,2026-07-31T11:22:21.751403,3102
6b1949275f03adfe,https://gt.linkedin.com/jobs/view/auxiliar-de-bodega-megapaca-arkadia10-at-megapaca-4444867038,Auxiliar de bodega Megapaca Arkadia10,,scraped,2026-07-31T11:22:30.317973,
3c7378cbd5d09acc,https://gt.linkedin.com/jobs/view/especialista-seo-at-tpp-emarketing-4437325442,Especialista SEO,,scraped,2026-07-31T11:22:36.609368,
9b9d26189c1101c0,https://gt.linkedin.com/jobs/view/publicista-at-jumbo-sa-4446909272,Publicista,Jumbo SA,posted,2026-07-31T11:22:51.700125,3104
044d97f84886d12e,https://gt.linkedin.com/jobs/view/staffing-solution-architect-remote-work-at-bairesdev-4446766695,Staffing Solution Architect - Remote Work,BairesDev,posted,2026-07-31T11:23:04.747793,1329
883dc8c9b1e2a39c,https://gt.linkedin.com/jobs/view/talent-acquisition-analyst-remote-work-at-bairesdev-4446405665,Talent Acquisition Analyst - Remote Work,BairesDev,posted,2026-07-31T11:23:09.518002,721
75da67499d8cd01f,https://gt.linkedin.com/jobs/view/corporate-travel-and-mobility-agent-remote-work-at-bairesdev-4445747411,Corporate Travel and Mobility Agent - Remote Work,BairesDev,posted,2026-07-31T11:23:14.266658,1478
fc6f418b1d0ac463,https://gt.linkedin.com/jobs/view/auxiliar-de-maniobra-vehicular-at-corporaci%C3%B3n-multi-inversiones-4445047228,Auxiliar de Maniobra Vehicular,CMI-Corporación Multi Inversiones,posted,2026-07-31T11:23:28.709497,3106
59a0eea79c36efb9,https://gt.linkedin.com/jobs/view/application-security-engineer-checkmarx-sast-remote-work-at-bairesdev-4445191417,Application Security Engineer (Checkmarx / SAST) - Remote Work,BairesDev,posted,2026-07-31T11:23:33.674286,465
c9e63036c044a916,https://gt.linkedin.com/jobs/view/product-security-engineer-remote-work-at-bairesdev-4445721994,Product Security Engineer - Remote Work,BairesDev,posted,2026-07-31T11:23:42.357806,841
169d755b4fd23396,https://gt.linkedin.com/jobs/view/auditor-a-junior-cuilapa-santa-rosa-at-ecopower-efici%C3%AAncia-energ%C3%A9tica-4446522645,Auditor/a Junior Cuilapa Santa Rosa,EcoPower - Eficiência Energética,posted,2026-07-31T11:23:51.189041,3108
a43c5148266f5143,https://gt.linkedin.com/jobs/view/coordinador-de-creditos-y-cobros-experiencia-en-banca-at-identity-guatemala-4445011163,Coordinador de Creditos y Cobros experiencia en Banca,,scraped,2026-07-31T11:24:03.741994,
ed8fc9e29c65dbd1,https://gt.linkedin.com/jobs/view/record-your-daily-routine-get-paid-ai-training-remote-at-mindrift-data-annotation-projects-4443238948,Record Your Daily Routine & Get Paid - AI Training (Remote),Mindrift Data Annotation Projects,posted,2026-07-31T11:24:19.636661,325
4f61bdbf6ac8c908,https://gt.linkedin.com/jobs/view/asistente-de-marketing-y-dise%C3%B1o-at-identity-guatemala-4444594590,Asistente de Marketing y Diseño,,scraped,2026-07-31T11:24:22.217359,
bf945678d83c3cc0,https://gt.linkedin.com/jobs/view/operario-de-producci%C3%B3n-1-at-corporaci%C3%B3n-multi-inversiones-4446704038,Operario de Producción 1,CMI-Corporación Multi Inversiones,posted,2026-07-31T11:24:40.424431,3110
e2dbf7023401127a,https://gt.linkedin.com/jobs/view/dibujante-y-modelador-3d-arquitect%C3%B3nico-at-estudio-monumental-4446399328,Dibujante y modelador 3d arquitectónico,,scraped,2026-07-31T11:24:43.011277,
5f031c26c563d58c,https://gt.linkedin.com/jobs/view/operario-de-producci%C3%B3n-1-at-corporaci%C3%B3n-multi-inversiones-4445072098,Operario de Producción 1,CMI-Corporación Multi Inversiones,scraped,2026-07-31T11:24:56.806031,
22a60cdeed02f702,https://gt.linkedin.com/jobs/view/microsoft-dynamics-365-developer-remote-latin-america-at-fullstack-4446931327,Microsoft Dynamics 365 Developer - Remote - Latin America,FullStack,posted,2026-07-31T11:25:09.300372,3112
bef1ef159bc698db,https://gt.linkedin.com/jobs/view/microsoft-dynamics-365-developer-remote-latin-america-at-fullstack-4446933290,Microsoft Dynamics 365 Developer - Remote - Latin America,FullStack,posted,2026-07-31T11:25:16.212992,3112
bed983448ea6df37,https://gt.linkedin.com/jobs/view/scala-developer-remote-work-at-bairesdev-4446404572,Scala Developer - Remote Work,BairesDev,posted,2026-07-31T11:25:20.968070,467
15490dabf0b81e69,https://gt.linkedin.com/jobs/view/microsoft-dynamics-365-developer-remote-latin-america-at-fullstack-4446947062,Microsoft Dynamics 365 Developer - Remote - Latin America,FullStack,posted,2026-07-31T11:25:26.007610,3112
47ea5dbf2c186510,https://gt.linkedin.com/jobs/view/o-m-technical-escuintla-at-millicom-tigo-4446875592,O&M Technical Escuintla,,scraped,2026-07-31T11:25:28.630953,
a67d83829a59ab47,https://gt.linkedin.com/jobs/view/gestor-ambiental-restaurantes-retail-at-corporaci%C3%B3n-multi-inversiones-4446874215,Gestor Ambiental (Restaurantes & Retail),CMI-Corporación Multi Inversiones,posted,2026-07-31T11:25:44.963203,3114
4e3ec1d46ccee48e,https://gt.linkedin.com/jobs/view/service-coordinator-at-empresa-confidencial-4445033725,Service Coordinator,Empresa Confidencial,posted,2026-07-31T11:25:56.441647,3116
76bab5d419e1f1fd,https://gt.linkedin.com/jobs/view/sub-gerente-tienda-maxi-despensa-pal%C3%ADn-at-walmart-centroam%C3%A9rica-4447206407,Sub Gerente Tienda Maxi Despensa Palín,,scraped,2026-07-31T11:25:59.051533,
e143eb92349f04c5,https://gt.linkedin.com/jobs/view/aduanas-analista-de-seguimiento-gt-at-ilg-logistics-s-a-4441813507,Aduanas Analista de seguimiento GT,ILG Logistics S.A.,posted,2026-07-31T11:26:16.061312,3118
9ff1b627a1446a85,https://gt.linkedin.com/jobs/view/auxiliar-de-bodega-megapaca-el-encuentro-pinula-at-megapaca-4444852078,Auxiliar de bodega Megapaca El Encuentro Pinula,,scraped,2026-07-31T11:26:18.600352,
da614986be867ae3,https://gt.linkedin.com/jobs/view/receptor-pagador-con-experiencia-at-somar-supermercados-4445291095,Receptor pagador con experiencia,Somar Supermercados,posted,2026-07-31T11:26:30.986922,3120
036ba6dcfe7a2da5,https://gt.linkedin.com/jobs/view/microsoft-dynamics-365-developer-remote-latin-america-at-fullstack-4446933302,Microsoft Dynamics 365 Developer - Remote - Latin America,FullStack,posted,2026-07-31T11:26:37.713130,3112
36ef33f7faeeae19,https://gt.linkedin.com/jobs/view/full-stack-developer-elixir-phoenix-%2B-javascript-remote-latin-america-at-fullstack-4446939255,Full Stack Developer (Elixir/Phoenix + JavaScript) - Remote - Latin America,FullStack,posted,2026-07-31T11:26:49.269807,3122
007c5808cb8a0a9a,https://gt.linkedin.com/jobs/view/elementary-level-english-teacher-at-liceo-guatemala-4447073813,Elementary level English Teacher,,scraped,2026-07-31T11:26:51.874098,
d50e96c93d36ba2e,https://gt.linkedin.com/jobs/view/cajero-para-condado-concepci%C3%B3n-at-centro-m%C3%A9dico-4445004469,Cajero para Condado Concepción,,scraped,2026-07-31T11:27:00.674584,
2e5efe024db3b02f,https://gt.linkedin.com/jobs/view/contador-general-zona-10-ciudad-capital-at-cb-center-guatemala-4446441187,Contador General - Zona 10 Ciudad Capital,,scraped,2026-07-31T11:27:07.305564,
24cda142801b0dd5,https://gt.linkedin.com/jobs/view/analista-de-capacitaci%C3%B3n-at-corporaci%C3%B3n-multi-inversiones-4447087982,Analista de Capacitación,CMI-Corporación Multi Inversiones,posted,2026-07-31T11:27:26.035587,3124
d47bddd2a1cbf5ea,https://gt.linkedin.com/jobs/view/t%C3%A9cnico-de-soporte-it-ubicaci%C3%B3n-bulevar-los-pr%C3%B3ceres-zona-10-at-biogroup-4446449852,Técnico de Soporte IT- ubicación bulevar los próceres zona 10,,scraped,2026-07-31T11:27:28.669615,
682a4588a2873156,https://gt.linkedin.com/jobs/view/residente-de-proyectos-de-construcci%C3%B3n-at-constructiva-s-a-de-c-v-4446451700,RESIDENTE DE PROYECTOS DE CONSTRUCCIÓN,,scraped,2026-07-31T11:27:38.440634,
56432d1662af3fbb,https://gt.linkedin.com/jobs/view/fullstack-developer-at-improving-4446315846,Fullstack Developer,Improving,posted,2026-07-31T11:27:48.745550,1393
d8f6ddc6f0adb27e,https://gt.linkedin.com/jobs/view/head-de-planta-de-morteros-at-holcim-guatemala-4446410496,Head de Planta de Morteros,Holcim Guatemala,posted,2026-07-31T11:27:59.040611,3126
e6c780ba3cc6e3ae,https://gt.linkedin.com/jobs/view/monitores-de-seguridad-industrial-sso-proyecto-de-construcci%C3%B3n-at-qualicons-4446178223,Monitores de Seguridad Industrial (SSO) - Proyecto de Construcción,,scraped,2026-07-31T11:28:01.609270,
8331f06011de4861,https://gt.linkedin.com/jobs/view/generalista-de-rr-hh-at-cemaco-4445064149,Generalista de RR. HH.,,scraped,2026-07-31T11:28:18.666558,
68f7a27ea9ecb6ef,https://gt.linkedin.com/jobs/view/ejecutivo-a-de-ventas-telef%C3%B3nicas-%E2%80%93-telemarketing-at-identity-guatemala-4444134219,Ejecutivo/a de Ventas Telefónicas – Telemarketing,,scraped,2026-07-31T11:28:26.860032,
c2c2cd375b7bf5b3,https://gt.linkedin.com/jobs/view/contador-a-jr-at-joint-venture-co-4445278736,Contador(a) Jr.,Joint Venture &amp; Co.,posted,2026-07-31T11:28:44.437518,3128
e8627db9bb080488,https://gt.linkedin.com/jobs/view/jefe-de-planta-at-happymondays-com-gt-4447226926,Jefe de planta,,scraped,2026-07-31T11:28:47.019113,
cd05ce1bb12bb67c,https://gt.linkedin.com/jobs/view/contador-at-idc-network-4446177203,Contador,,scraped,2026-07-31T11:28:53.625489,
d36c45f327f0b9d7,https://gt.linkedin.com/jobs/view/asesor-de-ventas-marcas-premium-at-conecta-reclutamiento-4446531450,ASESOR DE VENTAS (MARCAS PREMIUM),Conecta Reclutamiento,posted,2026-07-31T11:29:09.898709,3130
81310088068948e8,https://gt.linkedin.com/jobs/view/supervisor-de-operaciones-%C3%A1rea-%E2%80%93-cadena-de-restaurantes-at-gentelabora-4444009235,Supervisor de Operaciones / Área – Cadena de Restaurantes,,scraped,2026-07-31T11:29:12.500024,
883c3f4be645dd2b,https://gt.linkedin.com/jobs/view/ejecutivo-a-de-ventas-b2b-con-experiencia-trabajo-en-zona-16-ciudad-cayal%C3%A1-at-bpo361-4446185165,Ejecutivo/a de Ventas B2B con experiencia - Trabajo en Zona 16 Ciudad Cayalá,,scraped,2026-07-31T11:29:18.888426,
884ed766edb73e13,https://gt.linkedin.com/jobs/view/analista-de-gesti%C3%B3n-de-capacitaci%C3%B3n-at-empresa-confidencial-4444162361,Analista de Gestión de Capacitación,Empresa Confidencial,posted,2026-07-31T11:29:36.010446,3132
c5844661293f142d,https://gt.linkedin.com/jobs/view/gerente-de-productos-farmac%C3%A9uticos-at-navaru-empresarial-4447253175,Gerente de Productos Farmacéuticos,,scraped,2026-07-31T11:29:38.518909,
b115e2f3a4728acf,https://gt.linkedin.com/jobs/view/it-desktop-support-specialist-hybrid-zone-13-remote-at-corporaci%C3%B3n-grupo-tacsa-4446516947,IT Desktop Support Specialist (Hybrid - Zone 13 / Remote),Corporación Grupo Tacsa,posted,2026-07-31T11:29:50.408950,2990
c8a07837b6a8bee0,https://gt.linkedin.com/jobs/view/vendedor-a-con-experiencia-en-ventas-en-centro-comercial-retail-at-bpo361-4446176214,Vendedor/a con experiencia en ventas en Centro Comercial / Retail,BPO361,posted,2026-07-31T11:30:03.229797,3134
6c6ebda2c5d48f37,https://gt.linkedin.com/jobs/view/t%C3%A9cnico-de-servicio-de-campo-%E2%80%93-equipos-industriales-at-identity-guatemala-4444191748,Técnico de Servicio de Campo – Equipos Industriales,,scraped,2026-07-31T11:30:07.786334,
c3e06d7faf9ff731,https://gt.linkedin.com/jobs/view/quality-assurance-analyst-at-atento-4443626794,Quality Assurance Analyst,Atento,posted,2026-07-31T11:30:38.986725,3136
22658870ad6a2217,https://gt.linkedin.com/jobs/view/t%C3%A9cnico-en-mantenimiento-sin-exp-poseer-licencia-carro-y-moto-at-biogroup-4446457614,Técnico en mantenimiento (sin exp) - poseer licencia carro y moto,,scraped,2026-07-31T11:30:45.612955,
e3ae4b6357c865f2,https://gt.linkedin.com/jobs/view/auxiliar-de-bodega-at-centro-m%C3%A9dico-4444593653,Auxiliar de bodega,,scraped,2026-07-31T11:30:55.164711,
ca0ed4da003e5c7b,https://gt.linkedin.com/jobs/view/idb-invest-senior-investment-officer-central-america-region-at-idb-invest-4444177000,IDB Invest - Senior Investment Officer - Central America Region,BID Invest,posted,2026-07-31T11:31:08.629413,3138
2d3ba201370ac179,https://gt.linkedin.com/jobs/view/t%C3%A9cnico-de-mantenimiento-industrial-at-identity-guatemala-4445058301,Técnico de Mantenimiento Industrial,,scraped,2026-07-31T11:31:13.380758,
4e21d9335e6a6d1e,https://gt.linkedin.com/jobs/view/piloto-de-transporte-pesado-at-identity-guatemala-4443296058,Piloto de Transporte Pesado,,scraped,2026-07-31T11:31:26.387278,
2b68163082721a7c,https://gt.linkedin.com/jobs/view/facilitador-de-sociedad-i-at-compassion-international-4446967273,Facilitador de Sociedad I,Compassion International,posted,2026-07-31T11:31:41.721758,3140
da6d2fc7559870e1,https://gt.linkedin.com/jobs/view/cajero-villa-hermosa-at-grupo-pb-4446918225,Cajero Villa Hermosa,Grupo PB,posted,2026-07-31T11:31:50.899892,3142
0ba584642e466629,https://gt.linkedin.com/jobs/view/mec%C3%A1nico-tipo-b-san-miguel-petapa-at-grupo-pb-4446922090,Mecánico Tipo B San Miguel Petapa,Grupo PB,posted,2026-07-31T11:31:59.817610,3144
b72b713a12ab956a,https://gt.linkedin.com/jobs/view/psic%C3%B3loga-o-campus-sur-at-universidad-del-valle-de-guatemala-4447223036,Psicóloga(o) - Campus Sur,Universidad del Valle de Guatemala,posted,2026-07-31T11:32:10.078076,3146
4ea07ba3e896c67f,https://gt.linkedin.com/jobs/view/commercial-operations-specialist-at-gce-global-solutions-4445046254,Commercial Operations Specialist,,scraped,2026-07-31T11:32:12.718269,
4d36c21edac23aaa,https://gt.linkedin.com/jobs/view/jefe-de-ventas-at-industrias-san-miguel-4444136719,Jefe de ventas,,scraped,2026-07-31T11:32:19.332543,
a88f509a16e9f761,https://gt.linkedin.com/jobs/view/contador-zona-18-at-identity-guatemala-4445051344,Contador / Zona 18,,scraped,2026-07-31T11:32:29.920699,
5e06fbdaccde4bb9,https://gt.linkedin.com/jobs/view/account-manager-oracle-at-multic%C3%B3mputos-4446939983,Account Manager - Oracle,Multicómputos,posted,2026-07-31T11:32:50.899873,3148
edbb49f9ab06bf59,https://gt.linkedin.com/jobs/view/auxiliar-t%C3%A9cnico-en-mantenimiento-sin-experiencia-licencia-c-y-m-chiquimula-at-identity-guatemala-4442369237,Auxiliar Técnico en Mantenimiento Sin Experiencia  (Licencia C y M) Chiquimula,,scraped,2026-07-31T11:32:55.476525,
a73f1e635288a753,https://gt.linkedin.com/jobs/view/gerente-de-mantenimiento-at-confidential-4446395974,Gerente de Mantenimiento,Confidential,posted,2026-07-31T11:33:06.098104,2272
dd8ad0096a4c6cb3,https://gt.linkedin.com/jobs/view/team-leader-repcel-puerto-barrios-at-grupo-distelsa-4444191409,TEAM LEADER  - REPCEL PUERTO BARRIOS,Grupo Distelsa,posted,2026-07-31T11:33:19.705503,3150
e885881cae98cf3d,https://gt.linkedin.com/jobs/view/business-intelligence-specialist-telus-xela-at-telus-digital-4445640315,Business Intelligence Specialist - TELUS Xela,,scraped,2026-07-31T11:33:24.284723,
d132844abb35ef0a,https://gt.linkedin.com/jobs/view/recepto-pagador-centro-comercial-pacific-center-zona-11-ciudad-capital-at-bam-4445057282,"Recepto Pagador Centro comercial Pacific Center, Zona 11 Ciudad Capital",,scraped,2026-07-31T11:33:30.877014,
29071d94023f9d1e,https://gt.linkedin.com/jobs/view/dependiente-de-tienda-para-megapaca-plaza-pinula-at-megapaca-4445652433,Dependiente de tienda para Megapaca Plaza Pinula,,scraped,2026-07-31T11:33:45.087286,
b68d0fbbafddc78f,https://gt.linkedin.com/jobs/view/senior-technical-program-manager-remote-work-at-bairesdev-4446406562,Senior Technical Program Manager - Remote Work,BairesDev,posted,2026-07-31T11:33:55.947241,1365
b8bc1dd2214dd405,https://gt.linkedin.com/jobs/view/auxiliar-de-bodega-at-identity-guatemala-4443281737,Auxiliar de Bodega,,scraped,2026-07-31T11:34:02.543353,
5c0f5c6b2521eb37,https://gt.linkedin.com/jobs/view/receptor-a-pagador-a-en-agencia-tiquisate-t1-at-bam-4447210531,RECEPTOR/A PAGADOR/A EN AGENCIA TIQUISATE (T1),,scraped,2026-07-31T11:34:13.693921,
8ff728bd96f78dfa,https://gt.linkedin.com/jobs/view/customer-success-specialist-at-cs-outsource-4446798219,Customer Success Specialist,CS Outsource,posted,2026-07-31T11:34:28.608398,3152
d3f841349fec861f,https://gt.linkedin.com/jobs/view/dependiente-de-tienda-para-megapaca-plaza-pinula-at-megapaca-4444857071,Dependiente de tienda para Megapaca Plaza Pinula,,scraped,2026-07-31T11:34:31.164332,
3effdccdd263fa16,https://gt.linkedin.com/jobs/view/wfm-real-time-analyst-senior-traffic-guatemala-xela-at-telus-digital-4417474859,"WFM, Real Time Analyst-Senior (traffic) - Guatemala & Xela",,scraped,2026-07-31T11:34:37.510607,
5a72260d519bacdb,https://gt.linkedin.com/jobs/view/supervisor-planta-de-tratamiento-aguas-residuales-at-corporaci%C3%B3n-multi-inversiones-4442874306,Supervisor Planta de Tratamiento Aguas Residuales,CMI-Corporación Multi Inversiones,posted,2026-07-31T11:34:55.662940,3154
e6f8988be33778d7,https://gt.linkedin.com/jobs/view/dependiente-de-tienda-para-megapaca-el-encuentro-pinula-at-megapaca-4444856079,Dependiente de tienda para Megapaca El Encuentro Pinula,,scraped,2026-07-31T11:35:04.271295,
7434e3bc57b0fc7d,https://gt.linkedin.com/jobs/view/platform-software-engineer-kubernetes-remote-latin-america-at-fullstack-4445262010,Platform Software Engineer (Kubernetes) - Remote - Latin America,FullStack,posted,2026-07-31T11:35:17.114091,3156
2a28f50f0927bcf5,https://gt.linkedin.com/jobs/view/logistic-specialist-at-nestl%C3%A9-4447294739,Logistic Specialist,Nestlé,posted,2026-07-31T11:35:25.558427,2226
5d2c1a186c225166,https://gt.linkedin.com/jobs/view/bilingual-sales-representative-c1-morning-shift-am-avg-q10-250%2B-allied-global-at-gentelabora-4446789489,"Bilingual Sales Representative C1 (Morning Shift - AM) | Avg. Q10,250+ | Allied Global",,scraped,2026-07-31T11:35:30.209048,
95d08b9bf6e9ff7e,https://gt.linkedin.com/jobs/view/t%C3%A9cnico-desarrollo-agr%C3%ADcola-at-guatemaltecos-por-la-nutrici%C3%B3n-4447053115,Técnico Desarrollo Agrícola,,scraped,2026-07-31T11:35:38.473781,
77082fe8de82345d,https://gt.linkedin.com/jobs/view/jefe-de-mantenimiento-at-procreto-4447220262,Jefe de Mantenimiento,,scraped,2026-07-31T11:35:44.733340,
ea031e37a36dbc4a,https://gt.linkedin.com/jobs/view/asistente-ii-cuentas-por-cobrar-at-universidad-del-valle-de-guatemala-4446133951,Asistente II Cuentas por Cobrar,Universidad del Valle de Guatemala,posted,2026-07-31T11:36:01.200582,3158
2157024e1dd1ab55,https://gt.linkedin.com/jobs/view/jefe-comercial-distrito-occidente-sede-xela-at-mwm-transportes-4446528513,JEFE COMERCIAL DISTRITO OCCIDENTE -SEDE XELA-,MWM Transportes,posted,2026-07-31T11:36:16.027356,3160
b22fff95c00111fb,https://gt.linkedin.com/jobs/view/despachador-santa-cruz-mulua-at-grupo-pb-4446901446,Despachador Santa Cruz Mulua,Grupo PB,posted,2026-07-31T11:36:27.359707,3162
05faa208ef6e2367,https://gt.linkedin.com/jobs/view/ejecutivo-de-ventas-at-gsq-guatemala-4386073132,Ejecutivo de ventas,GSQ Guatemala,posted,2026-07-31T11:36:32.213895,201
2165367a0f8c9161,https://gt.linkedin.com/jobs/view/technical-support-engineer-at-estrategia-y-talento-4447251174,Technical Support Engineer,Estrategia y Talento,posted,2026-07-31T11:36:44.380376,3164
871d948fec5ede2a,https://gt.linkedin.com/jobs/view/ingeniero-de-riesgo-operacional-at-banco-gyt-continental-4447216229,Ingeniero de riesgo operacional,,scraped,2026-07-31T11:36:48.980369,
c61466e1fd70cfa4,https://gt.linkedin.com/jobs/view/ejecutivo-de-ventas-log%C3%ADsticos-km-16-5-carretera-a-el-salvador-guatemala-at-talento-latinoamerica-4444375244,"Ejecutivo de Ventas Logísticos - KM 16.5 Carretera a El Salvador, Guatemala",Talento Latinoamerica,posted,2026-07-31T11:37:02.976799,3166
f1fea2bcd90db31e,https://gt.linkedin.com/jobs/view/arquitecto-experto-en-venta-de-proyectos-at-servinova-guatemala-4446514273,ARQUITECTO EXPERTO EN VENTA DE PROYECTOS,SERVINOVA GUATEMALA,posted,2026-07-31T11:37:17.363478,3168
73f31ab8ff999aae,https://gt.linkedin.com/jobs/view/ejecutivos-de-ventas-junior-at-banco-promerica-guatemala-4447061878,Ejecutivos de ventas junior,,scraped,2026-07-31T11:37:20.022254,
0b6d06fb679023a7,https://gt.linkedin.com/jobs/view/especialista-en-producto-y-preventa-at-zkteco-centroam%C3%A9rica-4446859632,Especialista en Producto y Preventa,ZKTeco Centroamérica,posted,2026-07-31T11:37:39.951032,3170
b8fa7f6a96ddc465,https://gt.linkedin.com/jobs/view/jefe-de-agencia-at-bac-4447021371,Jefe de Agencia,,scraped,2026-07-31T11:37:42.589845,
3801c068b4e5f408,https://gt.linkedin.com/jobs/view/audit-assistant-at-baker-tilly-guatemala-4447241079,Audit Assistant,,scraped,2026-07-31T11:37:50.952083,
e298955e7b86481c,https://gt.linkedin.com/jobs/view/vendedor-de-cr%C3%A9ditos-experiencia-en-ventas-at-fundaci%C3%B3n-g%C3%A9nesis-empresarial-4446471532,VENDEDOR DE CRÉDITOS (EXPERIENCIA EN VENTAS),,scraped,2026-07-31T11:38:00.966647,
77ca9f0ba81c2f7e,https://gt.linkedin.com/jobs/view/gerente-regional-comercial-marcas-deportivas-at-conecta-reclutamiento-4447255104,GERENTE REGIONAL COMERCIAL-MARCAS DEPORTIVAS,Conecta Reclutamiento,posted,2026-07-31T11:38:15.046243,3172
d77b98fb62f92834,https://gt.linkedin.com/jobs/view/encargado-de-mantenimiento-de-puerto-de-san-jos%C3%A9-at-estrategia-y-talento-4447240264,Encargado de Mantenimiento de Puerto de San José,Estrategia y Talento,posted,2026-07-31T11:38:25.853677,3174
23534ef3f0733b03,https://gt.linkedin.com/jobs/view/contador-zona-1-empresa-textil-at-grupo-cfe-4447217323,Contador - Zona 1 Empresa Textil,Grupo CFE,posted,2026-07-31T11:38:41.145472,3176
35939bb2f3ce78d1,https://gt.linkedin.com/jobs/view/analista-i-pci-en-departamento-de-procesos-y-gestion-at-bam-4447209587,ANALISTA I (PCI) EN DEPARTAMENTO DE PROCESOS Y GESTION,,scraped,2026-07-31T11:38:43.776974,
0d09302b23af8e72,https://gt.linkedin.com/jobs/view/agente-de-servicio-al-cliente-soporte-t%C3%A9cnico-at-concentrix-4446333548,Agente de Servicio al Cliente & Soporte Técnico,Concentrix,posted,2026-07-31T11:38:59.581615,3178
da2a8434dd4a04c5,https://gt.linkedin.com/jobs/view/especialista-en-facturaci%C3%B3n-at-istaff-guatemala-4446338969,Especialista en facturación,,scraped,2026-07-31T11:39:04.162836,
dd3988c6b03f4877,https://gt.linkedin.com/jobs/view/ejecutivo-de-recursos-humanos-at-personnel-jobs-4447206636,Ejecutivo de Recursos Humanos,,scraped,2026-07-31T11:39:12.157035,
a43dee351b4996e9,https://gt.linkedin.com/jobs/view/residente-de-acabados-construcci%C3%B3n-at-desarrolladora-bloque-4446503376,Residente de Acabados- Construcción,Desarrolladora Bloque,posted,2026-07-31T11:39:30.011544,3180
4bc1cf1c90fe09a2,https://gt.linkedin.com/jobs/view/operador-a-i-ciudad-guatemala-at-cargill-4433197877,Operador(a) I - Ciudad Guatemala,Cargill,posted,2026-07-31T11:39:38.360461,3182
fd91101eb4d93c87,https://gt.linkedin.com/jobs/view/account-manager-at-ottomatik-io-4445483419,Account Manager,Ottomatik.io,posted,2026-07-31T11:39:48.239145,3184
0f23c3d58aeeee04,https://gt.linkedin.com/jobs/view/asesor-de-ventas-t%C3%A9cnicas-at-identity-guatemala-4442887844,Asesor de Ventas Técnicas,,scraped,2026-07-31T11:39:50.981944,
c494c5a7a2d67139,https://gt.linkedin.com/jobs/view/product-specialist-at-millicom-tigo-4446150032,Product Specialist,,scraped,2026-07-31T11:40:02.337804,
f5f024cb358d4029,https://gt.linkedin.com/jobs/view/planer-digital-sr-at-fenix-media-4447222242,Planer Digital Sr.,Fenix Media,posted,2026-07-31T11:40:18.824364,3186
929de97a4f6d83b1,https://gt.linkedin.com/jobs/view/digital-marketing-content-specialist-guatemala-4446508174,Digital Marketing & Content Specialist Guatemala,Exclusives,posted,2026-07-31T11:40:34.123877,3188
b50516fca0c75a16,https://gt.linkedin.com/jobs/view/help-desk-presencial-at-yalutec-4445757331,Help Desk Presencial,Yalutec,posted,2026-07-31T11:40:43.005996,3190
7963f4fad4c1f558,https://gt.linkedin.com/jobs/view/business-operations-analyst-i-at-conduent-4443230146,Business Operations Analyst I,Conduent,posted,2026-07-31T11:40:50.040096,879
486ffef778036838,https://gt.linkedin.com/jobs/view/ejecutivo-comercial-b2b-%E2%80%93-proyectos-inmobiliarios-at-hdl-4445990776,Ejecutivo Comercial B2B – Proyectos Inmobiliarios,,scraped,2026-07-31T11:40:56.761668,
5c8c79e391686327,https://gt.linkedin.com/jobs/view/arquitecta-ejecutiva-de-atenci%C3%B3n-posentrega-zona-10-80%25-oficina-20%25-campo-at-staffing-solutions-group-4447083243,"Arquitecta Ejecutiva de Atención Posentrega Zona 10 (80% oficina, 20% campo)",Staffing Solutions Group,posted,2026-07-31T11:41:09.861444,3192
5d18f58faed665f3,https://gt.linkedin.com/jobs/view/analista-de-recursos-humanos-antigua-guatemala-at-m-a-group-solutions-4447231163,Analista de Recursos Humanos | Antigua Guatemala,M&A Group Solutions,posted,2026-07-31T11:41:21.240007,3194
ba4030b6e2b38649,https://gt.linkedin.com/jobs/view/asesor-de-ventas-empresariales-at-www-business-training-centre-4447232226,Asesor de ventas empresariales,WWW Business & Training Centre,posted,2026-07-31T11:41:34.182156,3196
48b3f0656db26e28,https://gt.linkedin.com/jobs/view/asesor-de-ventas-y-expansi%C3%B3n-at-hr-consulting-4446455619,Asesor de Ventas y Expansión,HR Consulting,posted,2026-07-31T11:41:45.066277,3198
b521faabf3862ba9,https://gt.linkedin.com/jobs/view/ejecutivo-a-de-marketing-y-ventas-at-conceptum-forecasting-4447095682,Ejecutivo/a de Marketing y Ventas,,scraped,2026-07-31T11:41:49.633775,
60e6b03b5227772d,https://gt.linkedin.com/jobs/view/asesor-de-ventas-max-los-celajes-de-quiche-at-grupo-distelsa-4446947325,ASESOR DE VENTAS  - MAX LOS CELAJES DE QUICHE,Grupo Distelsa,posted,2026-07-31T11:42:01.704713,1001
e9a91755370190c3,https://gt.linkedin.com/jobs/view/internal-auditor-at-rausch-sturm-llp-4447044524,Internal Auditor,Rausch Sturm LLP,posted,2026-07-31T11:42:11.194932,3200
ea8f9bce2a06ef5f,https://gt.linkedin.com/jobs/view/analista-iii-card-no-present-adq-en-unidad-de-desarrollo-de-negocios-at-bam-4446396076,ANALISTA III CARD NO PRESENT (ADQ) EN UNIDAD DE DESARROLLO DE NEGOCIOS,,scraped,2026-07-31T11:42:13.830022,
521fe83eb06c097f,https://gt.linkedin.com/jobs/view/asesor-a-integral-en-agencia-montufar-at-bam-4446386744,ASESOR/A INTEGRAL EN AGENCIA MONTUFAR,,scraped,2026-07-31T11:42:22.098998,
72ad5cff14679cc4,https://gt.linkedin.com/jobs/view/ai-machine-learning-engineer-remote-latin-america-at-fullstack-4371035005,AI Machine Learning Engineer - Remote - Latin America,FullStack,posted,2026-07-31T11:42:33.338244,505
29326b2637110ac6,https://gt.linkedin.com/jobs/view/electromec%C3%A1nico-at-identity-guatemala-4442850580,Electromecánico,,scraped,2026-07-31T11:42:35.901911,
27cf645f018b763d,https://gt.linkedin.com/jobs/view/asesor-de-ventas-de-campo-pet%C3%A9n-at-identity-guatemala-4444128298,Asesor de Ventas de Campo Petén,,scraped,2026-07-31T11:42:46.081417,
b7f60ae3b1bb0af9,https://gt.linkedin.com/jobs/view/jefe-de-sso-y-seguridad-integral-at-cosenza-rh-4445762284,Jefe de SSO y Seguridad Integral,,scraped,2026-07-31T11:42:59.099547,
3ef0f298b8227712,https://gt.linkedin.com/jobs/view/ejecutivo-de-cobros-at-grupo-i-4446879398,Ejecutivo de cobros,Grupo I,posted,2026-07-31T11:43:07.980546,1824
de7e0a7c3473ad2a,https://gt.linkedin.com/jobs/view/ventas-telemarketing-at-reclutamiento-rt-4445635566,Ventas telemarketing,Reclutamiento RT,posted,2026-07-31T11:43:19.649959,3202
4850375fe7ea0068,https://gt.linkedin.com/jobs/view/jefe-de-operaciones-de-bioclimatizaci%C3%B3n-at-tecen-4446951627,Jefe de Operaciones de Bioclimatización,TECEN,posted,2026-07-31T11:43:30.503711,3204
0ef93ec979e476a1,https://gt.linkedin.com/jobs/view/coordinador-de-ventas-retail-telefon%C3%ADa-at-manpowergroup-4446423913,Coordinador de Ventas Retail telefonía,ManpowerGroup,posted,2026-07-31T11:43:41.001715,3206
83b45e02dd551af0,https://gt.linkedin.com/jobs/view/asesor-de-bienestar-financiero-ventas-de-campo-at-bantrab-4446872572,Asesor de Bienestar Financiero (Ventas de Campo),Bantrab,posted,2026-07-31T11:43:52.917252,3208
6b251410c324f3c8,https://gt.linkedin.com/jobs/view/asistente-contable-para-impuestos-at-rsm-guatemala-4447052919,Asistente Contable para Impuestos,,scraped,2026-07-31T11:43:55.474554,
615b966f2a72f23a,https://gt.linkedin.com/jobs/view/platform-software-engineer-kubernetes-remote-latin-america-at-fullstack-4445240878,Platform Software Engineer (Kubernetes) - Remote - Latin America,FullStack,posted,2026-07-31T11:44:06.946227,3156
d0f9c572cb78a4dc,https://gt.linkedin.com/jobs/view/asesor-a-integral-en-agencia-puerto-de-san-jose-t1-at-bam-4446877062,ASESOR/A INTEGRAL EN AGENCIA PUERTO DE SAN JOSE (T1),,scraped,2026-07-31T11:44:23.548009,
0a285d94765e7a78,https://gt.linkedin.com/jobs/view/ejecutivo-de-ventas-at-signs-comunicacion-visual-s-a-4447079067,Ejecutivo de ventas,,scraped,2026-07-31T11:44:35.729247,
f728801a2800a15c,https://gt.linkedin.com/jobs/view/virtual-assistant-to-ceo-remote-at-viva-talent-4446794076,Virtual Assistant to CEO (Remote),Viva Talent,posted,2026-07-31T11:44:44.264321,1053
291f3ba4b11d6dd6,https://gt.linkedin.com/jobs/view/platform-software-engineer-kubernetes-remote-latin-america-at-fullstack-4445246753,Platform Software Engineer (Kubernetes) - Remote - Latin America,FullStack,posted,2026-07-31T11:44:51.203816,3156
e45f370c6681009b,https://gt.linkedin.com/jobs/view/m%C3%A9dico-de-cl%C3%ADnica-interna-at-identity-guatemala-4442884839,Médico de Clínica Interna,,scraped,2026-07-31T11:44:53.827785,
4f56eb1346b4c32a,https://gt.linkedin.com/jobs/view/finance-treasury-analyst-guatemala-at-telus-digital-4447026513,"Finance, Treasury Analyst - Guatemala",,scraped,2026-07-31T11:45:07.250973,
a240204da6e91f7b,https://gt.linkedin.com/jobs/view/ing-biomedico-a-aplicaciones-equipos-medicos-at-qha-international-4446344514,Ing. Biomedico(a) Aplicaciones Equipos Medicos,QHA International,posted,2026-07-31T11:45:24.821403,3210
7e979d6be9c96849,https://gt.linkedin.com/jobs/view/gerente-de-gesti%C3%B3n-inmobiliaria-at-empresa-confidencial-4446419847,Gerente de Gestión Inmobiliaria,Empresa Confidencial,posted,2026-07-31T11:45:39.165070,3212
57d177e35145f3dc,https://gt.linkedin.com/jobs/view/analista-de-relaciones-laborales-at-idca-s-a-4446314363,Analista de relaciones laborales,IDCA S.A,posted,2026-07-31T11:45:47.997767,3214
335340245b12ae21,https://gt.linkedin.com/jobs/view/program-manager-cxai-at-telus-digital-4445793583,Program Manager CXAI,,scraped,2026-07-31T11:45:52.663061,
affb6395dc9909f7,https://gt.linkedin.com/jobs/view/lead-data-scientist-adtech-at-launch-potato-4446747180,"Lead Data Scientist, AdTech",Launch Potato,posted,2026-07-31T11:46:01.786101,317
43e70295dbe67457,https://gt.linkedin.com/jobs/view/gerente-de-planificaci%C3%B3n-de-abasto-at-corporaci%C3%B3n-multi-inversiones-4443633534,Gerente de Planificación de Abasto.,CMI-Corporación Multi Inversiones,posted,2026-07-31T11:46:14.929251,3216
61041aee3544471f,https://gt.linkedin.com/jobs/view/customer-onboarding-manager-at-podium-4443631471,Customer Onboarding Manager,Podium,posted,2026-07-31T11:46:19.945885,537
c0a7ce13a6c62a10,https://gt.linkedin.com/jobs/view/inbound-operations-manager-guatemala-at-vxi-global-solutions-4445161731,Inbound Operations Manager - Guatemala,VXI Global Solutions,posted,2026-07-31T11:46:31.026314,3218
76c4b438e0600928,https://gt.linkedin.com/jobs/view/ejecutivo-de-ventas-4445250502,Ejecutivo de ventas,Celeste Esquivel,posted,2026-07-31T11:46:37.187367,201
346391a14fcf1591,https://gt.linkedin.com/jobs/view/it-desktop-support-specialist-hybrid-zone-13-remote-at-corporaci%C3%B3n-grupo-tacsa-4446436215,IT Desktop Support Specialist (Hybrid - Zone 13 / Remote),Corporación Grupo Tacsa,posted,2026-07-31T11:46:47.121761,2990
55f20a4894e0ca31,https://gt.linkedin.com/jobs/view/t%C3%A9cnico-noc-at-empresa-confidencial-4446881367,Técnico NOC,Empresa Confidencial,posted,2026-07-31T11:46:57.489213,3220
ab078d33b964fd26,https://gt.linkedin.com/jobs/view/ejecutivo-de-ventas-at-confidencial-4446124285,Ejecutivo de ventas,CONFIDENCIAL,posted,2026-07-31T11:47:02.484105,201
fb057a1b7777cfcf,https://gt.linkedin.com/jobs/view/senior-ux-ui-designer-id80129-at-agileengine-4447072653,Senior UX/UI Designer ID80129,AgileEngine,posted,2026-07-31T11:47:13.996150,3222
20a49a0d937b5160,https://gt.linkedin.com/jobs/view/workforce-analyst-at-allied-global-4445238595,Workforce Analyst,,scraped,2026-07-31T11:47:16.646119,
59c71c81dab3d170,https://gt.linkedin.com/jobs/view/senior-data-scientist-%E2%80%93-mmm-id71005-at-agileengine-4446892794,Senior Data Scientist – MMM ID71005,AgileEngine,posted,2026-07-31T11:47:25.896770,1870
e535db53c8348a0a,https://gt.linkedin.com/jobs/view/facturaci%C3%B3n-cobros-at-moore-d%C3%ADaz-reyes-4446788699,Facturación / Cobros,Moore Díaz Reyes,posted,2026-07-31T11:47:38.054844,3224
666a27a327dd2a2d,https://gt.linkedin.com/jobs/view/asesor-a-integral-suplente-en-zona-norte-at-bam-4445954644,ASESOR/A INTEGRAL SUPLENTE EN ZONA NORTE,,scraped,2026-07-31T11:47:40.623311,
d7f9d4be60786bdf,https://gt.linkedin.com/jobs/view/t%C3%A9cnico-de-agua-saneamiento-e-higiene-wash-4447068362,Técnico de Agua Saneamiento e Higiene WASH,Connect People GT,posted,2026-07-31T11:47:53.366813,3226
368837526726b0d2,https://gt.linkedin.com/jobs/view/contador-fiscal-at-magdalena-campo-para-crecer-4444143941,Contador Fiscal,"Magdalena, Campo Para Crecer",posted,2026-07-31T11:48:03.151633,3228
cd50737088a67616,https://gt.linkedin.com/jobs/view/asesor-de-venta-ferreteria-at-hr-connection-gt-4446849021,Asesor de Venta (Ferreteria),HR Connection GT,posted,2026-07-31T11:48:11.442370,3230
1a17e730f213d742,https://gt.linkedin.com/jobs/view/senior-python-golang-engineer-remote-work-at-bairesdev-4446358226,Senior Python & Golang Engineer - Remote Work,BairesDev,posted,2026-07-31T11:48:21.130708,3232
fd34fd8b7da5a489,https://gt.linkedin.com/jobs/view/dibujante-arquitectura-4445244929,Dibujante Arquitectura,"Cablevía de Guatemala, S.A.",posted,2026-07-31T11:48:28.186410,3234
178b27e76f3afe1e,https://gt.linkedin.com/jobs/view/asesor-a-de-ventas-at-joint-venture-co-4446173279,Asesor(a) de Ventas,Joint Venture &amp; Co.,posted,2026-07-31T11:48:37.391772,3236
d8340559055de39d,https://gt.linkedin.com/jobs/view/agente-de-experiencia-kemik-at-kemik-com-4445367216,Agente de Experiencia Kemik,,scraped,2026-07-31T11:48:42.030124,
79a029a0d6326236,https://gt.linkedin.com/jobs/view/asesor-de-ventas-4446593720,Asesor de ventas,"Franbo, S.A.",posted,2026-07-31T11:48:50.364336,1389
7d73a365cb1c2365,https://gt.linkedin.com/jobs/view/community-project-coordinator-at-ottomatik-io-4445479431,Community & Project Coordinator,Ottomatik.io,posted,2026-07-31T11:49:00.162087,3238
41fa86c9a2bea7d5,https://gt.linkedin.com/jobs/view/ingeniero-civil-4447064708,Ingeniero civil,Ciudad Arluta,posted,2026-07-31T11:49:07.338943,3240
4e4b37cda1ece887,https://gt.linkedin.com/jobs/view/contador-general-at-cs-talento-humano-4446789175,Contador general,,scraped,2026-07-31T11:49:09.897886,
156ac242a1edbf6b,https://gt.linkedin.com/jobs/view/customer-service-analyst-voice-at-hcltech-4447084420,Customer Service Analyst - voice,,scraped,2026-07-31T11:49:20.227503,
1828a87b5cdda998,https://gt.linkedin.com/jobs/view/ejecutivo-de-ventas-mayoreo-marcas-deportivas-at-conecta-reclutamiento-4447250007,EJECUTIVO DE VENTAS MAYOREO (MARCAS DEPORTIVAS),Conecta Reclutamiento,posted,2026-07-31T11:49:35.303493,3242
214460016c7c2357,https://gt.linkedin.com/jobs/view/customer-experience-associate-i-at-conduent-4444524634,Customer Experience Associate I,Conduent,posted,2026-07-31T11:49:39.984461,609
9fb7d2b6f3ba9e55,https://gt.linkedin.com/jobs/view/platform-software-engineer-kubernetes-remote-latin-america-at-fullstack-4445253445,Platform Software Engineer (Kubernetes) - Remote - Latin America,FullStack,posted,2026-07-31T11:49:54.684047,3156
c1d394c8e2b5308f,https://gt.linkedin.com/jobs/view/platform-software-engineer-kubernetes-remote-latin-america-at-fullstack-4445253450,Platform Software Engineer (Kubernetes) - Remote - Latin America,FullStack,scraped,2026-07-31T11:49:58.862801,
9834b020ec914355,https://gt.linkedin.com/jobs/view/asistente-administrativo-de-tecnolog%C3%ADa-de-la-informaci%C3%B3n-at-canella-s-a-4447048245,ASISTENTE ADMINISTRATIVO DE TECNOLOGÍA DE LA INFORMACIÓN,,scraped,2026-07-31T11:50:01.475429,
01ff1e2c89e53aca,https://gt.linkedin.com/jobs/view/platform-software-engineer-kubernetes-remote-latin-america-at-fullstack-4445261027,Platform Software Engineer (Kubernetes) - Remote - Latin America,FullStack,posted,2026-07-31T11:50:11.336453,3156
f1595590b4bf7715,https://gt.linkedin.com/jobs/view/forward-deployed-automation-engineer-at-telus-digital-4444710056,Forward Deployed Automation Engineer,,scraped,2026-07-31T11:50:17.948699,
ca67277b3cbd407a,https://gt.linkedin.com/jobs/view/tech-support-specialist-pradera-gt-at-telus-digital-4446859289,Tech Support Specialist - Pradera GT,,scraped,2026-07-31T11:50:26.743949,
64f4632d6ee57604,https://gt.linkedin.com/jobs/view/ejecutivo-banca-corporativa-at-bac-4446862544,Ejecutivo Banca Corporativa,,scraped,2026-07-31T11:50:33.231744,
9364d11332ac5af8,https://gt.linkedin.com/jobs/view/tecnico-de-mantenimiento-el%C3%A9ctrico-de-equipos-de-generaci%C3%B3n-i-at-identity-guatemala-4444597594,Tecnico de Mantenimiento Eléctrico de Equipos de Generación I,,scraped,2026-07-31T11:50:39.345397,
99c6f7b9e7958d13,https://gt.linkedin.com/jobs/view/asistente-de-operaciones-y-facturaci%C3%B3n-terrestre-consolidado-at-identity-guatemala-4445064300,Asistente de Operaciones y Facturación Terrestre Consolidado,,scraped,2026-07-31T11:50:50.781037,
a8c6f39135a3eb1e,https://gt.linkedin.com/jobs/view/asesor-a-integral-en-agencia-rio-dulce-at-bam-4447260479,ASESOR/A INTEGRAL EN AGENCIA RIO DULCE,,scraped,2026-07-31T11:51:01.770379,
14dd1075a04e2a50,https://gt.linkedin.com/jobs/view/business-analyst-cxai-at-telus-digital-4445785688,Business Analyst CXAI,,scraped,2026-07-31T11:51:08.018877,
e3851d79168621f1,https://gt.linkedin.com/jobs/view/ejecutivo-de-ventas-soluciones-digitales-para-quetzaltenango-at-canella-s-a-4446394747,EJECUTIVO DE VENTAS SOLUCIONES DIGITALES PARA QUETZALTENANGO,,scraped,2026-07-31T11:51:14.668543,
e4e071a707d5a9d7,https://gt.linkedin.com/jobs/view/asistente-administrativo-at-wtw-4445186661,Asistente Administrativo,WTW,posted,2026-07-31T11:51:29.974655,397
e2397966774a7752,https://gt.linkedin.com/jobs/view/mechanic-fm-at-the-church-of-jesus-christ-of-latter-day-saints-4445179788,"Mechanic,FM",The Church of Jesus Christ of Latter-day Saints,posted,2026-07-31T11:51:39.893257,3244
ef60a6e167138a5b,https://gt.linkedin.com/jobs/view/asesor-de-ventas-mayoreo-ruta-alta-y-baja-verapaz-sede-zacapa-at-mwm-transportes-4446463572,ASESOR DE VENTAS MAYOREO RUTA ALTA Y BAJA VERAPAZ -Sede Zacapa-,MWM Transportes,posted,2026-07-31T11:51:54.979291,3246
9339b80f104f8771,https://gt.linkedin.com/jobs/view/senior-incident-response-analyst-at-goto-4414654832,Senior Incident Response Analyst,GoTo,posted,2026-07-31T11:52:03.598904,3248
edac6fd9c0b24998,https://gt.linkedin.com/jobs/view/asesor-rotativo-zona-18-at-punto-naranja-4446882597,Asesor Rotativo Zona 18,,scraped,2026-08-01T09:37:55.500017,
70832e019794a66d,https://gt.linkedin.com/jobs/view/sales-specialist-at-workbetternow-4447511732,Sales Specialist,WorkBetterNow,posted,2026-08-01T09:38:11.558818,1888
e89042622ebf9112,https://gt.linkedin.com/jobs/view/maestro-a-de-ingles-preprimaria-at-ghc-talent-4446869932,Maestro (a) de ingles - Preprimaria,GHC Talent,posted,2026-08-01T09:38:24.081728,3250
177e261cb2b42b93,https://gt.linkedin.com/jobs/view/piloto-repartidor-a-ii-c-guatemala-at-cargill-4444143922,Piloto Repartidor(a)  II - C. Guatemala,Cargill,posted,2026-08-01T09:38:33.845964,3252
277d7a6ff0e26ffd,https://gt.linkedin.com/jobs/view/conserje-zona-12-col-monte-mar%C3%ADa-at-motiva-soluciones-corporativas-s-a-s-4447253166,"CONSERJE (ZONA 12, COL. MONTE MARÍA)",MOTIVA SOLUCIONES CORPORATIVAS S.A.S.,posted,2026-08-01T09:38:46.706866,3254
f3cf971629aa71f9,https://gt.linkedin.com/jobs/view/operario-de-granja-at-corporaci%C3%B3n-multi-inversiones-4443622892,Operario de Granja,,scraped,2026-08-01T09:38:49.230266,
69db28ac24412991,https://gt.linkedin.com/jobs/view/founding-forward-deployed-engineer-at-deel-4435983376,Founding Forward-Deployed Engineer,Deel,posted,2026-08-01T09:39:06.263067,3256
9b259c25c2c7ed31,https://gt.linkedin.com/jobs/view/trader-de-commodities-at-magdalena-campo-para-crecer-4445051162,Trader de Commodities,"Magdalena, Campo Para Crecer",posted,2026-08-01T09:39:14.905769,3258
5c1d6bec358ab5a4,https://gt.linkedin.com/jobs/view/capacitador-junior-transporte-propio-at-conecta-reclutamiento-4446460613,CAPACITADOR JUNIOR (transporte propio),Conecta Reclutamiento,posted,2026-08-01T09:39:25.128028,3260
d8016c56ef8ae3fd,https://gt.linkedin.com/jobs/view/reclutador-regional-4447028326,RECLUTADOR REGIONAL,Credichapin,posted,2026-08-01T09:39:32.507434,3262
099cf49352ba0dfc,https://gt.linkedin.com/jobs/view/analista-de-expansi%C3%B3n-at-hr-consulting-4446460612,Analista de Expansión,HR Consulting,posted,2026-08-01T09:39:45.236768,3264
33defc8455799d9a,https://gt.linkedin.com/jobs/view/auxiliar-de-bodega-para-quetzaltenango-at-mwm-transportes-4447734113,AUXILIAR DE BODEGA PARA QUETZALTENANGO,MWM Transportes,posted,2026-08-01T09:40:02.054969,3266
2a5c244ed68b2d13,https://gt.linkedin.com/jobs/view/conserje-at-identity-guatemala-4443286576,Conserje,Identity Guatemala,posted,2026-08-01T09:40:40.714054,3268
5838a3b31f28b056,https://gt.linkedin.com/jobs/view/supervisor-de-tienda-at-identity-guatemala-4444122387,Supervisor de Tienda,,scraped,2026-08-01T09:40:47.256973,
8034e86de15c1b99,https://gt.linkedin.com/jobs/view/creativo-jr-at-fenix-media-4447215332,Creativo Jr.,Fenix Media,posted,2026-08-01T09:41:09.735981,3270
668db3e78888851e,https://gt.linkedin.com/jobs/view/auditor-iv-at-bantrab-4446355319,Auditor IV,Bantrab,posted,2026-08-01T09:41:28.338901,3272
56e56849167ae2d7,https://gt.linkedin.com/jobs/view/talent-acquisition-manager-at-lean-solutions-group-4447554433,Talent Acquisition Manager,Lean Solutions Group,posted,2026-08-01T09:41:39.337410,3274
4c949429f45cfa98,https://gt.linkedin.com/jobs/view/operador-de-data-center-en-horario-rotativo-24-7-presencial-guatemala-at-gbm-4446396515,Operador de Data Center en Horario Rotativo 24/7 (PRESENCIAL - Guatemala),GBM,posted,2026-08-01T09:41:53.585764,3276
1847ad3c5b4bc292,https://gt.linkedin.com/jobs/view/coordinador-de-nominas-y-beneficios-at-tecniseguros-4445098625,Coordinador de  Nominas y Beneficios,Tecniseguros,posted,2026-08-01T09:42:39.889232,3278
c159f6ffa8c13dbb,https://gt.linkedin.com/jobs/view/auxiliar-de-mantenimiento-de-edificio-at-doriplast-s-a-4447259054,Auxiliar de Mantenimiento de Edificio,"Doriplast, S.A.",posted,2026-08-01T09:42:49.515002,3280
5a08aaac69b1bb6d,https://gt.linkedin.com/jobs/view/freelance-grabaci%C3%B3n-de-tareas-cotidianas-para-proyecto-de-ia-at-mindrift-data-annotation-projects-4446320469,Freelance: grabación de tareas cotidianas para proyecto de IA,Mindrift Data Annotation Projects,posted,2026-08-01T09:43:00.484492,3282
6ab9d6d09f188397,https://gt.linkedin.com/jobs/view/freelance-grabaci%C3%B3n-de-tareas-cotidianas-para-proyecto-de-ia-at-mindrift-data-annotation-projects-4446336068,Freelance: grabación de tareas cotidianas para proyecto de IA,Mindrift Data Annotation Projects,posted,2026-08-01T09:43:09.916060,3284
7c200240f1f24ec9,https://gt.linkedin.com/jobs/view/freelance-grabaci%C3%B3n-de-tareas-cotidianas-para-proyecto-de-ia-at-mindrift-data-annotation-projects-4446323430,Freelance: grabación de tareas cotidianas para proyecto de IA,Mindrift Data Annotation Projects,posted,2026-08-01T09:43:19.736480,3286
ad9f6ddbb275e314,https://gt.linkedin.com/jobs/view/auxiliar-de-importaciones-zona-8-de-mixco-at-innovaciones-m%C3%A9dicas-4445177064,Auxiliar de Importaciones - Zona 8 de Mixco,,scraped,2026-08-01T09:43:24.433451,
d0a0b27d58edf132,https://gt.linkedin.com/jobs/view/analista-de-reclutamiento-at-truckslogic-4443225866,Analista de Reclutamiento,,scraped,2026-08-01T09:43:31.632285,
00cd23eac96832fc,https://gt.linkedin.com/jobs/view/analista-de-datos-de-captaci%C3%B3n-at-grupo-salinas-guatemala-4444122390,Analista de datos de captación,Grupo Salinas Guatemala,posted,2026-08-01T09:43:48.671990,3288
07b92606e10eb8fb,https://gt.linkedin.com/jobs/view/asistente-de-inform%C3%A1tica-at-identity-guatemala-4442837626,Asistente de Informática,,scraped,2026-08-01T09:43:53.315116,
a9212e4da85a8cc3,https://gt.linkedin.com/jobs/view/analista-financiero-modalidad-hibrida-at-conecta-reclutamiento-4446467590,ANALISTA FINANCIERO (MODALIDAD HIBRIDA),Conecta Reclutamiento,posted,2026-08-01T09:44:15.627348,3290
b5920119774c2de8,https://gt.linkedin.com/jobs/view/auxiliar-de-gesti%C3%B3n-administrativa-at-farmacosto-4447529215,AUXILIAR DE GESTIÓN ADMINISTRATIVA,FarmaCosto,posted,2026-08-01T09:44:27.631416,3292
1bdd1ea99a8f433d,https://gt.linkedin.com/jobs/view/especialista-de-gestion-de-proveedores-at-walmart-centroam%C3%A9rica-4447562665,ESPECIALISTA DE GESTION DE PROVEEDORES,,scraped,2026-08-01T09:44:30.250172,
7ee5c93a25db9e6f,https://gt.linkedin.com/jobs/view/junior-executive-assistant-at-valatam-4447187791,Junior Executive Assistant,Valatam,posted,2026-08-01T09:44:44.750009,3294
df1251f104ececcc,https://gt.linkedin.com/jobs/view/analista-de-cr%C3%A9ditos-y-cobros-at-somar-supermercados-4447742020,Analista de Créditos y Cobros,Somar Supermercados,posted,2026-08-01T09:44:53.731239,3296
20b565d08a793ce2,https://gt.linkedin.com/jobs/view/operario-de-producci%C3%B3n-1-at-corporaci%C3%B3n-multi-inversiones-4443638435,Operario de Producción 1,,scraped,2026-08-01T09:44:56.326572,
0ea9d7c7d8b6699d,https://gt.linkedin.com/jobs/view/dependiente-de-tienda-las-ca%C3%B1as-zona-10-at-megapaca-4446904344,Dependiente de Tienda Las Cañas Zona 10,,scraped,2026-08-01T09:45:03.659471,
f99d3881759551a5,https://gt.linkedin.com/jobs/view/asistente-de-ventas-at-intelident-4446469571,Asistente de ventas,Intelident,posted,2026-08-01T09:45:13.074137,2012
b59e1b50813a0a91,https://gt.linkedin.com/jobs/view/piloto-repartidor-a-ciudad-guatemala-at-cargill-4442319352,Piloto Repartidor(a) - Ciudad Guatemala,Cargill,posted,2026-08-01T09:45:23.123870,3298
67a0017734744617,https://gt.linkedin.com/jobs/view/operador-de-montacarga-at-corporaci%C3%B3n-multi-inversiones-4445558150,Operador de Montacarga,,scraped,2026-08-01T09:45:31.829562,
2f91402405503c51,https://gt.linkedin.com/jobs/view/inspector-maga-at-corporaci%C3%B3n-multi-inversiones-4445553152,Inspector Maga,,scraped,2026-08-01T09:45:43.192466,
e683c85194b6b939,https://gt.linkedin.com/jobs/view/microsoft-dynamics-365-developer-remote-latin-america-at-fullstack-4446927445,Microsoft Dynamics 365 Developer - Remote - Latin America,FullStack,posted,2026-08-01T09:45:54.914674,3112
3e2fbac7872cc515,https://gt.linkedin.com/jobs/view/auxiliar-de-bodega-taller-automotriz-isuzu-zona-13-at-canella-s-a-4447042383,AUXILIAR DE BODEGA TALLER AUTOMOTRIZ ISUZU ZONA 13,,scraped,2026-08-01T09:45:57.627136,
e4f7adbb5910c557,https://gt.linkedin.com/jobs/view/t%C3%A9cnico-instalador-domiciliar-chimaltenango-at-millicom-tigo-4446828267,Técnico Instalador Domiciliar Chimaltenango,,scraped,2026-08-01T09:46:04.813488,
52a1f3d8e0252852,https://gt.linkedin.com/jobs/view/asistente-de-proximos-a-vencer-at-farmacosto-4447512440,ASISTENTE DE PROXIMOS A VENCER,FarmaCosto,posted,2026-08-01T09:46:24.299739,3300
ff832ec59d2b2a5e,https://gt.linkedin.com/jobs/view/despachador-de-combustible-zona-10-at-grupo-pb-4446907318,Despachador de Combustible Zona 10,Grupo PB,posted,2026-08-01T09:46:34.627252,3302
a3a52eb2b83461a0,https://gt.linkedin.com/jobs/view/microsoft-dynamics-365-developer-remote-latin-america-at-fullstack-4446934297,Microsoft Dynamics 365 Developer - Remote - Latin America,FullStack,posted,2026-08-01T09:46:41.762786,3112
07a9382f6f7a8c5b,https://gt.linkedin.com/jobs/view/staff-data-scientist-marketing-at-launch-potato-4446724412,"Staff Data Scientist, Marketing",Launch Potato,posted,2026-08-01T09:46:49.004434,103
0097c91602bc01c7,https://gt.linkedin.com/jobs/view/especialista-de-an%C3%A1lisis-de-confiabilidad-at-corporaci%C3%B3n-multi-inversiones-4446406791,Especialista de Análisis de Confiabilidad,,scraped,2026-08-01T09:46:53.701395,
ba8b07ebf0e0be77,https://gt.linkedin.com/jobs/view/microsoft-dynamics-365-developer-remote-latin-america-at-fullstack-4446925481,Microsoft Dynamics 365 Developer - Remote - Latin America,FullStack,posted,2026-08-01T09:47:17.380621,3112
8a47ee98cfb6c870,https://gt.linkedin.com/jobs/view/jefe-de-contabilidad-general-zona-10-ciudad-at-cb-center-guatemala-4446440194,Jefe de Contabilidad General - Zona 10 Ciudad,,scraped,2026-08-01T09:47:22.079645,
0fc71f64b10bb8bf,https://gt.linkedin.com/jobs/view/ejecutivo-de-ventas-corporativas-b2b-at-claro-guatemala-4441108133,Ejecutivo de ventas Corporativas (B2B),,scraped,2026-08-01T09:47:33.703770,
e16b0e407070d9b7,https://gt.linkedin.com/jobs/view/virtual-executive-assistant-remote-at-viva-talent-4447520938,Virtual Executive Assistant (Remote),Viva Talent,posted,2026-08-01T09:47:43.199110,349
c20ba3482ef5881c,https://gt.linkedin.com/jobs/view/auxiliar-administrativo-at-empresa-confidencial-4445524905,Auxiliar administrativo,Empresa Confidencial,posted,2026-08-01T09:47:55.625571,3304
692087c138fa40c9,https://gt.linkedin.com/jobs/view/analista-de-facturaci%C3%B3n-y-cobro-de-riegos-at-topke-4447548183,Analista de facturación y cobro de riegos,,scraped,2026-08-01T09:47:58.263393,
f6d0f5e6f14d3ccc,https://gt.linkedin.com/jobs/view/auditor-jr-megapaca-at-megapaca-4447171837,Auditor Jr / Megapaca,,scraped,2026-08-01T09:48:07.559681,
a9f21ff303dcda9a,https://gt.linkedin.com/jobs/view/t%C3%A9cnico-de-soporte-de-ti-at-tav-guatemala-4447704818,Técnico de soporte de TI,TAV Guatemala,posted,2026-08-01T09:48:22.530242,3306
7f6a0c6dfda9497f,https://gt.linkedin.com/jobs/view/asesor-de-ventas-sector-industrial-at-conecta-reclutamiento-4446519828,ASESOR DE VENTAS SECTOR INDUSTRIAL,Conecta Reclutamiento,posted,2026-08-01T09:48:33.191562,3308
094dc7be224f822a,https://gt.linkedin.com/jobs/view/technical-account-manager-at-devel-systems-4447168805,Technical Account Manager,,scraped,2026-08-01T09:48:37.885198,
05d4c308156cfb8e,https://gt.linkedin.com/jobs/view/asistente-administrativo-at-grupo-lamfer-4445012210,Asistente Administrativo,,scraped,2026-08-01T09:48:44.748773,
252e722722dde11c,https://gt.linkedin.com/jobs/view/intership-recursos-humanos-gente-gesti%C3%B3n-no-remunerado-at-cbc-4445554503,Intership Recursos Humanos - Gente & Gestión (No Remunerado),cbc,posted,2026-08-01T09:49:05.732991,3310
eb30eff2ffb8ca1e,https://gt.linkedin.com/jobs/view/tester-remoto-oustsourcing-at-blanco-silva-consultor%C3%ADa-inform%C3%A1tica-bsci-4447169892,Tester Remoto Oustsourcing,,scraped,2026-08-01T09:49:08.308552,
2517634262c2ea70,https://gt.linkedin.com/jobs/view/senior-brand-manager-at-happymondays-com-gt-4447249033,Senior Brand Manager,,scraped,2026-08-01T09:49:16.430793,
1535e1572dc90bc6,https://gt.linkedin.com/jobs/view/graphic-designer-at-goto-4446166307,Graphic Designer,GoTo,posted,2026-08-01T09:49:30.123894,3312
3c567e8807872470,https://gt.linkedin.com/jobs/view/presupuestista-de-construcci%C3%B3n-at-constructiva-s-a-de-c-v-4446450732,PRESUPUESTISTA DE CONSTRUCCIÓN,Constructiva S.A de C.V,posted,2026-08-01T09:50:05.828669,3314
67b72bd963cb0e74,https://gt.linkedin.com/jobs/view/contador-general-at-mavsa-alquiler-y-ventas-de-maquinaria-para-construccion-4447526577,Contador General,MAVSA - Alquiler y Ventas de maquinaria para construccion,posted,2026-08-01T09:50:24.400733,893
4e5aef3f8b5ebfb6,https://gt.linkedin.com/jobs/view/asesor-de-negocios-pollolandia-pet%C3%A9n-at-corporaci%C3%B3n-multi-inversiones-4445557151,Asesor de Negocios Pollolandia - Petén,,scraped,2026-08-01T09:50:29.023430,
64684009d0440cf2,https://gt.linkedin.com/jobs/view/record-your-daily-routine-get-paid-ai-training-remote-at-mindrift-data-annotation-projects-4443255087,Record Your Daily Routine & Get Paid - AI Training (Remote),Mindrift Data Annotation Projects,posted,2026-08-01T09:50:41.052973,325
073ecaccde3a2646,https://gt.linkedin.com/jobs/view/repartidor-at-corporaci%C3%B3n-multi-inversiones-4443639400,Repartidor,,scraped,2026-08-01T09:50:43.622553,
4c14031601a3f53d,https://gt.linkedin.com/jobs/view/visitador-m%C3%A9dico-odontol%C3%B3gico-at-identity-guatemala-4445065295,Visitador Médico Odontológico,,scraped,2026-08-01T09:50:54.853831,
42fc08a200b5d4f3,https://gt.linkedin.com/jobs/view/videographer-at-metanoya-boutique-marketing-4447096926,Videographer,Metanoya Boutique Marketing,posted,2026-08-01T09:51:15.725633,3316
9f69a95cb2488ca0,https://gt.linkedin.com/jobs/view/asistente-de-aseguramiento-de-calidad-y-direcci%C3%B3n-t%C3%A9cnica-at-estrategia-y-talento-4447260021,Asistente de Aseguramiento de Calidad y Dirección Técnica,Estrategia y Talento,posted,2026-08-01T09:51:26.060717,3318
c55da6f43ac24ef9,https://gt.linkedin.com/jobs/view/auxiliar-de-bodega-zona-12-at-people-evolution-4446450683,Auxiliar de Bodega - zona 12,,scraped,2026-08-01T09:51:30.709578,
db96b7d0c65e347b,https://gt.linkedin.com/jobs/view/ejecutivo-de-ventas-at-ecopower-efici%C3%AAncia-energ%C3%A9tica-4446517948,Ejecutivo de Ventas,EcoPower - Eficiência Energética,posted,2026-08-01T09:51:49.852382,201
5eb3cbaa971d1132,https://gt.linkedin.com/jobs/view/coordinador-regional-comercial-de-microfinanzas-at-banco-industrial-guatemala-4445518638,Coordinador Regional Comercial de Microfinanzas,,scraped,2026-08-01T09:51:52.486952,
5def6e48efdce564,https://gt.linkedin.com/jobs/view/coordinador-comercial-compass-at-bac-4446873954,Coordinador Comercial Compass,,scraped,2026-08-01T09:52:03.685439,
3a8a9ffbc9488a63,https://gt.linkedin.com/jobs/view/asistente-contable-at-identity-guatemala-4443282650,Asistente Contable,,scraped,2026-08-01T09:52:10.320632,
195c9a2cdd965f78,https://gt.linkedin.com/jobs/view/operador-de-contenido-digital-megapaca-at-megapaca-4446428274,Operador de Contenido Digital / Megapaca,,scraped,2026-08-01T09:52:26.312756,
d0fffdecbcf927e2,https://gt.linkedin.com/jobs/view/jefe-de-cobros-at-bantrab-4447593413,Jefe de cobros,Bantrab,posted,2026-08-01T09:52:50.463742,3320
54c59b2aa7e3fecc,https://gt.linkedin.com/jobs/view/maestro-de-obra-quetzaltenango-at-deconsa-desarrollos-y-condominios-s-a-4445672252,Maestro de Obra - Quetzaltenango,,scraped,2026-08-01T09:52:53.276389,
9dfb448fcf09535e,https://gt.linkedin.com/jobs/view/profesor-a-de-educaci%C3%B3n-f%C3%ADsica-con-especialidad-en-voleibol-at-liceo-javier-4447000785,Profesor/a de Educación Física con especialidad en Voleibol,Liceo Javier,posted,2026-08-01T09:53:10.981288,3322
22885f006b1e4123,https://gt.linkedin.com/jobs/view/regente-ambiental-y-especialista-en-permisos-at-enhol-group-4445537663,REGENTE AMBIENTAL Y ESPECIALISTA EN PERMISOS,,scraped,2026-08-01T09:53:13.572157,
a15d3cc19eabef4f,https://gt.linkedin.com/jobs/view/analista-de-conocimiento-de-negocio-at-walmart-de-m%C3%A9xico-y-centroam%C3%A9rica-4447559440,ANALISTA DE CONOCIMIENTO DE NEGOCIO,Walmart de México y Centroamérica,posted,2026-08-01T09:53:33.059959,3324
662e6cad4c411f94,https://gt.linkedin.com/jobs/view/director-analisis-de-credito-mipyme-at-crediticia-guatemala-4447746147,Director Analisis de Credito Mipyme,Crediticia Guatemala,posted,2026-08-01T09:53:43.264765,3326
60ca14b746190c66,https://gt.linkedin.com/jobs/view/analista-econ%C3%B3mico-junior-at-rep%C3%BAblica-media-group-4447059924,Analista Económico Junior,,scraped,2026-08-01T09:53:46.037504,
f4fbcb17d1c5f8a2,https://gt.linkedin.com/jobs/view/analista-de-planeaci%C3%B3n-de-la-demanda-at-grupo-salinas-guatemala-4442307474,Analista de Planeación de la Demanda,Grupo Salinas Guatemala,posted,2026-08-01T09:54:00.872298,3328
31df1734074eccfa,https://gt.linkedin.com/jobs/view/desarrollador-backend-odoo-at-punto-naranja-4447227233,Desarrollador Backend Odoo,,scraped,2026-08-01T09:54:03.556276,
79ce07a9822ad4ff,https://gt.linkedin.com/jobs/view/microsoft-dynamics-365-developer-remote-latin-america-at-fullstack-4446933293,Microsoft Dynamics 365 Developer - Remote - Latin America,FullStack,posted,2026-08-01T09:54:18.415650,3112
f99343604a7ab795,https://gt.linkedin.com/jobs/view/full-stack-developer-elixir-phoenix-%2B-javascript-remote-latin-america-at-fullstack-4446933295,Full Stack Developer (Elixir/Phoenix + JavaScript) - Remote - Latin America,FullStack,posted,2026-08-01T09:54:23.682897,3122
b0f5310bd5a6aa7d,https://gt.linkedin.com/jobs/view/full-stack-developer-elixir-phoenix-%2B-javascript-remote-latin-america-at-fullstack-4446936270,Full Stack Developer (Elixir/Phoenix + JavaScript) - Remote - Latin America,FullStack,posted,2026-08-01T09:54:28.780163,3122
6b37f6e5e7dd0aba,https://gt.linkedin.com/jobs/view/full-stack-developer-elixir-phoenix-%2B-javascript-remote-latin-america-at-fullstack-4446927444,Full Stack Developer (Elixir/Phoenix + JavaScript) - Remote - Latin America,FullStack,posted,2026-08-01T09:54:34.149906,3122
1cd998463292b1db,https://gt.linkedin.com/jobs/view/operario-de-producci%C3%B3n-preparados-1-at-corporaci%C3%B3n-multi-inversiones-4445534164,Operario de Producción Preparados 1,,scraped,2026-08-01T09:54:42.595910,
517897c1339b34cf,https://gt.linkedin.com/jobs/view/ingeniero-de-seguridad-de-aplicaciones-checkmarx-sast-trabajo-remoto-at-bairesdev-4445178887,Ingeniero de Seguridad de Aplicaciones (Checkmarx / SAST) - Trabajo Remoto,BairesDev,posted,2026-08-01T09:55:02.278488,663
6904c951d2dd751e,https://gt.linkedin.com/jobs/view/elixir-backend-engineer-remote-latin-america-at-fullstack-4447534651,Elixir Backend Engineer - Remote - Latin America,FullStack,posted,2026-08-01T09:55:12.400281,3330
7bd9e17d9b13a386,https://gt.linkedin.com/jobs/view/elixir-backend-engineer-remote-latin-america-at-fullstack-4447536628,Elixir Backend Engineer - Remote - Latin America,FullStack,posted,2026-08-01T09:55:21.569229,3330
73fda3801fdee513,https://gt.linkedin.com/jobs/view/elixir-backend-engineer-remote-latin-america-at-fullstack-4447538642,Elixir Backend Engineer - Remote - Latin America,FullStack,posted,2026-08-01T09:55:36.515518,3330
423fe891d6c2ba39,https://gt.linkedin.com/jobs/view/administrador-agr%C3%ADcola-at-confidencial-4446078641,Administrador Agrícola,Confidencial,posted,2026-08-01T09:55:45.490131,3332
52308920e26d230c,https://gt.linkedin.com/jobs/view/asesor-de-viajes-zona-11-at-cosenza-rh-4445771154,Asesor de Viajes - Zona 11,,scraped,2026-08-01T09:55:52.146898,
961a0e260c7408c8,https://gt.linkedin.com/jobs/view/ejecutivo-desarrollo-comercial-at-coca-cola-femsa-4445565873,EJECUTIVO DESARROLLO COMERCIAL,Coca-Cola FEMSA,posted,2026-08-01T09:56:18.323190,3334
137655be4e6fdd7d,https://gt.linkedin.com/jobs/view/asistente-de-operaciones-de-importaci%C3%B3n-y-exportaci%C3%B3n-at-doitmore-4447040276,Asistente de Operaciones de Importación y Exportación,Doitmore,posted,2026-08-01T09:56:29.064569,3336
a69c7cdfd7adffc5,https://gt.linkedin.com/jobs/view/especialista-en-soporte-t%C3%A9cnico-at-sociedad-anonima-4445618805,Especialista en soporte técnico,,scraped,2026-08-01T09:56:35.663732,
d62ebcc001adf57c,https://gt.linkedin.com/jobs/view/especialista-de-n%C3%B3mina-y-administraci%C3%B3n-de-personal-at-industrias-san-miguel-4443607776,Especialista de nómina y administración de personal,,scraped,2026-08-01T09:56:48.451064,
e8c93f61dc9fb3c0,https://gt.linkedin.com/jobs/view/asistente-de-capacitaci%C3%B3n-t%C3%A9cnica-restaurantes-retail-at-corporaci%C3%B3n-multi-inversiones-4447214428,Asistente de Capacitación Técnica (Restaurantes & Retail),,scraped,2026-08-01T09:56:59.018474,
32f92971e975c972,https://gt.linkedin.com/jobs/view/encargado-de-tienda-at-mass-franquicias-4446830884,Encargado de tienda,,scraped,2026-08-01T09:57:08.378543,
89ede1215fb43665,https://gt.linkedin.com/jobs/view/trabajador-social-at-grupo-monel-4447050032,Trabajador social,,scraped,2026-08-01T09:57:19.179616,
a01f0a0f22f58331,https://gt.linkedin.com/jobs/view/profesor-de-educaci%C3%B3n-f%C3%ADsica-at-colegio-internacional-de-guatemala-4445745856,Profesor de educación física,,scraped,2026-08-01T09:57:27.624047,
20930673e1f0313a,https://gt.linkedin.com/jobs/view/ejecutivo-de-ventas-para-cr%C3%A9ditos-de-consumo-at-banco-promerica-guatemala-4445361679,Ejecutivo de ventas para Créditos de Consumo,,scraped,2026-08-01T09:57:40.267971,
48c14bb530997e01,https://gt.linkedin.com/jobs/view/jefe-de-mantenimiento-industrial-sector-construcci%C3%B3n-at-procreto-4447257112,Jefe de Mantenimiento Industrial Sector Construcción,,scraped,2026-08-01T09:57:47.675562,
e00fb1b64bf5d674,https://gt.linkedin.com/jobs/view/lider-de-optimizaci%C3%B3n-de-autorizaciones-at-bac-4447599602,Lider de Optimización de Autorizaciones,,scraped,2026-08-01T09:57:56.042592,
f8d9077cb0df9e6d,https://gt.linkedin.com/jobs/view/sub-jefe-de-agencia-miraflores-at-grupo-ficohsa-gt-4443619441,SUB JEFE DE AGENCIA: MIRAFLORES,Grupo Ficohsa GT,posted,2026-08-01T09:58:12.352564,3338
2909937e28e85cca,https://gt.linkedin.com/jobs/view/coordinador-a-de-log%C3%ADstica-at-vinculate-group-4446453652,Coordinador (a) de Logística,,scraped,2026-08-01T09:58:14.980338,
7e0292cb44f607f1,https://gt.linkedin.com/jobs/view/t%C3%A9cnico-de-soporte-at-grupo-farsim%C3%A1n-4447524299,TÉCNICO DE SOPORTE,,scraped,2026-08-01T09:58:21.966214,
3083c9f9723d0203,https://gt.linkedin.com/jobs/view/gerente-administrativo-at-agora-talents-4445935722,GERENTE ADMINISTRATIVO,Agora Talents,posted,2026-08-01T09:58:35.676967,3340
0723632bebc6fe96,https://gt.linkedin.com/jobs/view/asistente-de-cobros-at-mhorizon-ecuador-4446538215,Asistente de Cobros,,scraped,2026-08-01T09:58:38.271311,
9ad4c14a69f4721f,https://gt.linkedin.com/jobs/view/asesor-de-ventas-educativo-at-american-school-of-management-4447590577,Asesor de Ventas Educativo,American School of Management,posted,2026-08-01T09:58:53.363120,3342
51ba3449d326a312,https://gt.linkedin.com/jobs/view/jefe-administrativo-financiero-ver-salario-at-site-4447730174,Jefe Administrativo Financiero  - ver salario,SITE,posted,2026-08-01T09:59:03.081562,3344
18c3b2af117f6260,https://gt.linkedin.com/jobs/view/gtm-customer-service-executive-at-pacific-international-lines-pte-ltd-4447181124,GTM - Customer Service Executive,Pacific International Lines (PTE) Ltd,posted,2026-08-01T09:59:17.566103,3346
046dc2a05aee5f0f,https://gt.linkedin.com/jobs/view/supervisor-de-cocina-at-ar-holdings-4447547788,Supervisor de cocina,,scraped,2026-08-01T09:59:24.187285,
ed436079c74fbcad,https://gt.linkedin.com/jobs/view/ejecutivo-a-de-ventas-at-rex-cargo-4447150370,Ejecutivo (a) de Ventas,,scraped,2026-08-01T09:59:39.657691,
6dfd02849ad5ccaf,https://gt.linkedin.com/jobs/view/t%C3%A9cnico-oym-escuintla-at-tigo-guatemala-4445004474,Técnico OyM Escuintla,Tigo Guatemala,posted,2026-08-01T10:00:01.143061,3348
fc2295f931afc752,https://gt.linkedin.com/jobs/view/supervisor-de-parqueo-at-confidential-4447044527,Supervisor de parqueo,Confidential,posted,2026-08-01T10:00:13.799492,3350
fc798a335f284f79,https://gt.linkedin.com/jobs/view/ejecutivo-junior-de-seguros-at-grupo-i-4447597673,Ejecutivo Junior de Seguros,Grupo I,posted,2026-08-01T10:00:19.138965,531
00978d36d795cbb5,https://gt.linkedin.com/jobs/view/information-security-analyst-at-scale-up-recruiting-partners-4447468605,Information Security Analyst,Scale Up Recruiting Partners,posted,2026-08-01T10:00:32.157424,3352
9775824af86d25ed,https://gt.linkedin.com/jobs/view/supervisor-de-seguridad-industrial-at-bantrab-4447535967,Supervisor de Seguridad Industrial,Bantrab,posted,2026-08-01T10:00:44.856204,3354
5b559cb6bdbce814,https://gt.linkedin.com/jobs/view/visitador-medico-quetzaltenango-at-abbott-4446395548,Visitador Medico (Quetzaltenango),Abbott,posted,2026-08-01T10:00:54.646251,3356
bb4a53171bfc26b0,https://gt.linkedin.com/jobs/view/ejecutivo-de-ventas-at-citymax-guatemala-4447179594,Ejecutivo de ventas,CityMax Guatemala,posted,2026-08-01T10:01:11.678190,201
c81a10627b01627a,https://gt.linkedin.com/jobs/view/lead-applied-scientist-marketing-at-launch-potato-4446724407,"Lead Applied Scientist, Marketing",Launch Potato,posted,2026-08-01T10:01:17.079916,45
7d679ac319098355,https://gt.linkedin.com/jobs/view/coordinador-base-de-datos-proyectos-comercialess-at-coca-cola-femsa-4445579663,Coordinador Base de datos & Proyectos Comercialess,Coca-Cola FEMSA,posted,2026-08-01T10:01:32.498494,3358
0e301de78ddb4b26,https://gt.linkedin.com/jobs/view/contador-junior-at-identity-guatemala-4443281739,Contador Junior,,scraped,2026-08-01T10:01:41.070136,
6d26cfc90f690bb6,https://gt.linkedin.com/jobs/view/analista-iii-de-segmento-masivo-activate18-en-departamento-de-estrategia-personas-at-bam-4446489769,ANALISTA III DE SEGMENTO MASIVO (ACTIVATE18) EN DEPARTAMENTO DE ESTRATEGIA PERSONAS,,scraped,2026-08-01T10:01:55.519020,
74c381f3038d22b7,https://gt.linkedin.com/jobs/view/ejecutivo-de-cuentas-claves-ciudad-capital-at-canella-s-a-4445050300,EJECUTIVO DE CUENTAS CLAVES - CIUDAD CAPITAL,,scraped,2026-08-01T10:02:02.278201,
69075ea419bc18f5,https://gt.linkedin.com/jobs/view/ejecutivo-a-de-servicio-al-cliente-biling%C3%BCe-at-conectados-org-4447254165,Ejecutivo(a) de Servicio al Cliente (Bilingüe),conectados org,posted,2026-08-01T10:02:21.923765,3360
e2214757dce52531,https://gt.linkedin.com/jobs/view/administrative-associate-remote-latam-at-valatam-4447176918,Administrative Associate (Remote) - LATAM,Valatam,posted,2026-08-01T10:02:34.315872,3362
93b4f45c68d398f7,https://gt.linkedin.com/jobs/view/agentic-software-engineer-github-copilot-remote-latin-america-at-fullstack-4447704599,Agentic Software Engineer (GitHub Copilot) - Remote - Latin America,FullStack,posted,2026-08-01T10:02:43.597330,3364
0f344f877fe2b6ef,https://gt.linkedin.com/jobs/view/agentic-software-engineer-github-copilot-remote-latin-america-at-fullstack-4447592857,Agentic Software Engineer (GitHub Copilot) - Remote - Latin America,FullStack,posted,2026-08-01T10:02:54.814400,3364
947515baae001acd,https://gt.linkedin.com/jobs/view/asesor-de-inversiones-retalhuleu-at-idc-network-4447248247,Asesor de Inversiones Retalhuleu,,scraped,2026-08-01T10:02:59.427005,
b4d77143280b9363,https://gt.linkedin.com/jobs/view/supervisor-el%C3%A9ctrico-at-prolecsa-4447205499,Supervisor eléctrico,,scraped,2026-08-01T10:03:08.599099,
f7916ec47f47d5d2,https://gt.linkedin.com/jobs/view/asesor-de-servicio-agencia-spazio-zona-15-at-bam-4445048370,Asesor de Servicio Agencia Spazio Zona 15,,scraped,2026-08-01T10:03:14.939377,
529db4262ed3b15b,https://gt.linkedin.com/jobs/view/virtual-assistant-to-ceo-remote-at-viva-talent-4447529846,Virtual Assistant to CEO (Remote),Viva Talent,posted,2026-08-01T10:03:24.362857,1053
644249100651a70f,https://gt.linkedin.com/jobs/view/ejecutivo-de-ventas-at-empresa-confidencial-4446416212,Ejecutivo de ventas,Empresa Confidencial,posted,2026-08-01T10:03:41.027331,201
871541963181e48f,https://gt.linkedin.com/jobs/view/dispatch-coordinator-at-cs-outsource-4447150433,Dispatch Coordinator,CS Outsource,posted,2026-08-01T10:03:49.310857,3366
d9f55734123a8c10,https://gt.linkedin.com/jobs/view/fullstack-developer-semi-senior-nuxt-vue-js-%2B-net-blazor-latam-at-dacodes-4447221463,Fullstack Developer Semi-Senior (Nuxt/Vue.js + .NET/Blazor) - LATAM,DaCodes.,posted,2026-08-01T10:03:57.423225,3368
0f8498d624fe7d04,https://gt.linkedin.com/jobs/view/cuantificador-y-presupuestador-bim-at-grupo-rrd-4446126364,Cuantificador y Presupuestador BIM,,scraped,2026-08-01T10:04:10.115799,
ab04172368df7f60,https://gt.linkedin.com/jobs/view/encargado-cajero-comodin-at-procasa-gt-4446821964,Encargado cajero comodin,,scraped,2026-08-01T10:04:23.790628,
bcee80194c26c544,https://gt.linkedin.com/jobs/view/asesor-a-integral-en-agencia-monjas-at-bam-4447209590,ASESOR/A INTEGRAL EN AGENCIA MONJAS,,scraped,2026-08-01T10:04:30.505561,
e3e15538e93f24d5,https://gt.linkedin.com/jobs/view/gerente-de-ventas-at-happymondays-com-gt-4447236467,Gerente de Ventas,,scraped,2026-08-01T10:04:39.036306,
89a17a987a8a7a91,https://gt.linkedin.com/jobs/view/ejecutivo-de-ventas-de-log%C3%ADstica-at-mobipro-logistics-4445982678,Ejecutivo de ventas de logística,Mobipro Logistics,posted,2026-08-01T10:04:52.679519,3370
535e8339e3d9175d,https://gt.linkedin.com/jobs/view/dibujante-t%C3%A9cnico-autocad-y-revit-at-grupo-manico-s-a-4446341278,Dibujante Técnico (AutoCAD y Revit,,scraped,2026-08-01T10:04:55.187561,
e8908f7df8710f31,https://gt.linkedin.com/jobs/view/analista-de-control-financiero-at-intepro-4447740026,Analista de control financiero,,scraped,2026-08-01T10:05:01.996114,
57fc0976db209a48,https://gt.linkedin.com/jobs/view/asesor-a-inmobiliario-a-at-desarrollos-cap-4447072582,Asesor(a) Inmobiliario(a),Desarrollos Cap,posted,2026-08-01T10:05:17.945193,3372
2617e441e2bfcc58,https://gt.linkedin.com/jobs/view/asistente-de-gerencia-at-didelasa-4445768201,Asistente de Gerencia,,scraped,2026-08-01T10:05:20.582196,
6d1b62997a3dec4d,https://gt.linkedin.com/jobs/view/m%C3%A9dico-de-empresa-at-excelencia-en-capital-humano-4447538703,Médico de Empresa,Excelencia en Capital Humano,posted,2026-08-01T10:05:33.790104,3374
ac67b7ff4923582e,https://gt.linkedin.com/jobs/view/asistente-contable-y-administrativo-at-vida-produce-company-4446827415,Asistente contable y Administrativo,,scraped,2026-08-01T10:05:38.373367,
7d2936045370b130,https://gt.linkedin.com/jobs/view/director-comercial-4447097757,Director comercial,"Bodega Automotriz, S.A.",posted,2026-08-01T10:05:50.742166,3376
ffd452efd6133bb0,https://gt.linkedin.com/jobs/view/lead-automation-tester-in-js-at-epam-systems-4443271095,Lead Automation Tester in JS,EPAM Systems,posted,2026-08-01T10:05:58.944925,3378
8824b91bc851221c,https://gt.linkedin.com/jobs/view/t%C3%A9cnico-de-mantenimiento-aeron%C3%A1utico-at-dhl-express-4447080975,Técnico de Mantenimiento Aeronáutico,DHL Express,posted,2026-08-01T10:06:11.771269,3380
531177dd949eeab5,https://gt.linkedin.com/jobs/view/legal-recruiter-at-solvo-global-4444131953,Legal Recruiter,Solvo Global,posted,2026-08-01T10:06:28.832673,3382
7322b0f8a43f9e13,https://gt.linkedin.com/jobs/view/consultor-a-sofidya-expert-at-intedya-international-dynamic-advisors-4445079812,Consultor/a Sofidya Expert,,scraped,2026-08-01T10:06:33.599789,
41aa7bd85d2ae49e,https://gt.linkedin.com/jobs/view/middle-full-stack-engineer-franchise-menu-id74267-at-agileengine-4447563854,Middle Full Stack Engineer - Franchise Menu ID74267,AgileEngine,posted,2026-08-01T10:07:01.590303,219
6c90f35ac4b6276a,https://gt.linkedin.com/jobs/view/mobile-engineer-id74264-at-agileengine-4447162060,Mobile Engineer ID74264,AgileEngine,posted,2026-08-01T10:07:15.407312,3384
66979e4e630fe92e,https://gt.linkedin.com/jobs/view/asesora-de-ventas-amatitlan-at-corporacion-aps-4446401303,ASESORA DE VENTAS AMATITLAN,,scraped,2026-08-01T10:07:17.960603,
01b69981865f2b6c,https://gt.linkedin.com/jobs/view/operator-i-production-ato-at-yazaki-north-america-4447567270,"Operator I, Production, ATO",Yazaki North America,posted,2026-08-01T10:07:36.421796,3386
d0b9d7b59a57b385,https://gt.linkedin.com/jobs/view/operator-i-production-ato-at-yazaki-north-america-4447576164,"Operator I, Production, ATO",Yazaki North America,scraped,2026-08-01T10:07:40.609923,
d633c011ced66cfc,https://gt.linkedin.com/jobs/view/operator-i-production-ato-at-yazaki-north-america-4447562289,"Operator I, Production, ATO",Yazaki North America,scraped,2026-08-01T10:07:44.819298,
8446decbbf1eaef7,https://gt.linkedin.com/jobs/view/customer-experience-associate-iv-at-conduent-4444533504,Customer Experience Associate IV,Conduent,posted,2026-08-01T10:07:51.829699,1738
46814f9c9d37a986,https://gt.linkedin.com/jobs/view/customer-experience-associate-iv-at-conduent-4444535389,Customer Experience Associate IV,Conduent,scraped,2026-08-01T10:07:56.000602,
70e3b87eaeab1df6,https://gt.linkedin.com/jobs/view/customer-experience-associate-iv-at-conduent-4444530549,Customer Experience Associate IV,Conduent,scraped,2026-08-01T10:08:00.140339,
5130e1f14208be89,https://gt.linkedin.com/jobs/view/customer-experience-associate-iv-at-conduent-4446566142,Customer Experience Associate IV,Conduent,scraped,2026-08-01T10:08:04.271336,
4c502f15e0e6ac27,https://gt.linkedin.com/jobs/view/construction-manager-con-experiencia-en-constructora-at-sur-desarrollos-4446824388,Construction Manager con experiencia en constructora,SUR Desarrollos,posted,2026-08-01T10:08:15.432662,3388
7ece84ff96c09ad3,https://gt.linkedin.com/jobs/view/arquitecto-de-inteligencia-de-amenazas-de-ciberseguridad-at-sysesa-4447096373,Arquitecto de Inteligencia de Amenazas de Ciberseguridad,,scraped,2026-08-01T10:08:20.226823,
62d5e3639e2948f0,https://gt.linkedin.com/jobs/view/workday-financials-consultant-id80128-at-agileengine-4445150153,Workday Financials Consultant ID80128,AgileEngine,posted,2026-08-01T10:08:41.784045,3390
f6786d091d572c12,https://gt.linkedin.com/jobs/view/senior-lead-full-stack-engineer-id79144-at-agileengine-4447711984,Senior/Lead Full Stack Engineer ID79144,AgileEngine,posted,2026-08-01T10:08:48.746617,2850
